sale_id;customer_id;product_id;sale_date;total;rating
2609;1;24;01/09/2024;25000;5
2716;1;24;04/09/2024;25000;4
3025;1;24;14/09/2024;25000;5
3581;1;4;02/10/2024;24000;5
4504;1;5;04/11/2024;27000;4
5079;1;8;23/11/2024;30000;5
5452;1;9;05/12/2024;30000;4
6630;1;4;15/01/2025;24000;5
7322;1;1;10/02/2025;18000;4
7357;1;1;11/02/2025;18000;4
9069;1;4;24/04/2025;24000;4
10138;1;2;03/09/2025;20000;5
10349;1;3;27/09/2025;22000;5
375;1;11;06/02/2024;25000;4
484;1;3;16/02/2024;22000;4
734;1;26;08/03/2024;175000;5
1787;1;13;11/06/2024;25000;4
1896;1;21;24/06/2024;65000;4
2207;1;22;23/07/2024;110000;5
2352;1;24;07/08/2024;25000;4
2430;1;24;14/08/2024;25000;5
3038;1;22;15/09/2024;110000;4
3052;1;24;15/09/2024;25000;4
3082;1;23;16/09/2024;55000;4
3444;1;21;28/09/2024;65000;4
5913;1;14;22/12/2024;28000;4
6428;1;14;08/01/2025;28000;5
135;1;7;16/01/2024;29000;5
158;1;3;18/01/2024;22000;4
193;1;24;21/01/2024;25000;4
1217;1;1;23/04/2024;18000;4
1302;1;13;30/04/2024;25000;4
1490;1;2;16/05/2024;20000;5
1813;1;19;14/06/2024;18000;4
1825;1;17;15/06/2024;27000;5
1830;1;1;16/06/2024;18000;4
2155;1;2;20/07/2024;20000;4
4975;1;8;19/11/2024;30000;5
2107;1;2;16/07/2024;20000;5
766;1;11;11/03/2024;25000;4
1150;1;23;15/04/2024;55000;4
1661;1;14;01/06/2024;28000;4
6687;1;4;17/01/2025;24000;5
6921;1;2;26/01/2025;20000;5
7933;1;2;01/03/2025;20000;5
9853;1;1;29/07/2025;18000;5
4888;1;1;17/11/2024;18000;5
9432;1;1;01/06/2025;18000;5
404;2;13;09/02/2024;25000;5
546;2;15;22/02/2024;30000;4
748;2;3;10/03/2024;22000;4
1475;2;18;14/05/2024;22000;4
2323;2;24;03/08/2024;25000;4
2569;2;24;28/08/2024;25000;4
4698;2;10;10/11/2024;29000;4
5657;2;1;13/12/2024;18000;4
6316;2;14;04/01/2025;28000;5
6829;2;1;23/01/2025;18000;4
7168;2;4;04/02/2025;24000;4
9499;2;4;11/06/2025;24000;5
9760;2;1;16/07/2025;18000;4
9815;2;3;23/07/2025;22000;5
789;2;13;13/03/2024;25000;5
1874;2;25;21/06/2024;75000;5
3168;2;22;19/09/2024;110000;5
3760;2;10;07/10/2024;29000;4
6385;2;14;06/01/2025;28000;5
7926;2;2;01/03/2025;20000;5
8708;2;2;26/03/2025;20000;5
8905;2;2;05/04/2025;20000;5
9673;2;4;03/07/2025;24000;5
918;2;23;26/03/2024;55000;4
1209;2;14;22/04/2024;28000;5
2717;2;24;04/09/2024;25000;5
6632;2;4;15/01/2025;24000;5
7653;2;1;21/02/2025;18000;4
10057;2;2;22/08/2025;20000;4
7120;2;4;02/02/2025;24000;5
7091;2;3;01/02/2025;22000;5
8361;2;3;14/03/2025;22000;5
929;3;28;27/03/2024;200000;4
2490;3;24;20/08/2024;25000;5
2619;3;24;01/09/2024;25000;5
4498;3;2;04/11/2024;20000;4
5014;3;3;21/11/2024;22000;5
5982;3;14;24/12/2024;28000;4
6638;3;1;16/01/2025;18000;5
10211;3;2;12/09/2025;20000;4
55;3;23;06/01/2024;55000;5
413;3;27;09/02/2024;250000;4
636;3;20;01/03/2024;22000;4
1583;3;15;24/05/2024;30000;5
1940;3;20;30/06/2024;22000;5
2330;3;24;04/08/2024;25000;5
5484;3;4;07/12/2024;24000;5
6689;3;1;18/01/2025;18000;5
655;3;22;02/03/2024;110000;4
2250;3;14;27/07/2024;28000;4
2372;3;24;09/08/2024;25000;5
2817;3;24;07/09/2024;25000;4
2880;3;24;09/09/2024;25000;4
3137;3;23;18/09/2024;55000;4
4516;3;10;04/11/2024;29000;4
5579;3;2;10/12/2024;20000;5
9914;3;2;05/08/2025;20000;4
10056;3;1;22/08/2025;18000;5
3322;3;24;23/09/2024;25000;4
6574;3;3;13/01/2025;22000;5
6793;3;2;21/01/2025;20000;5
8528;3;4;19/03/2025;24000;5
668;3;20;03/03/2024;22000;4
3302;3;22;23/09/2024;110000;4
8786;3;1;29/03/2025;18000;5
1928;3;2;29/06/2024;20000;4
2900;3;22;10/09/2024;110000;5
821;4;4;16/03/2024;24000;5
1466;4;25;13/05/2024;75000;4
4385;4;9;31/10/2024;30000;5
6211;4;14;01/01/2025;28000;5
6891;4;2;25/01/2025;20000;4
8056;4;1;04/03/2025;18000;5
9208;4;2;08/05/2025;20000;5
10118;4;3;30/08/2025;22000;5
73;4;17;09/01/2024;27000;4
2426;4;24;14/08/2024;25000;5
3949;4;8;14/10/2024;30000;4
4638;4;9;08/11/2024;30000;4
5509;4;1;08/12/2024;18000;5
5705;4;2;15/12/2024;20000;4
10132;4;4;01/09/2025;24000;4
151;4;17;17/01/2024;27000;4
2238;4;14;26/07/2024;28000;5
2298;4;8;01/08/2024;30000;4
3522;4;23;30/09/2024;55000;5
3923;4;1;14/10/2024;18000;4
8268;4;2;11/03/2025;20000;5
733;4;25;08/03/2024;75000;4
7283;4;3;08/02/2025;22000;4
9166;4;3;04/05/2025;22000;4
7953;4;4;01/03/2025;24000;4
7118;4;4;02/02/2025;24000;5
9419;4;3;30/05/2025;22000;5
778;5;11;12/03/2024;25000;4
1780;5;1;11/06/2024;18000;4
2014;5;19;06/07/2024;18000;4
2411;5;24;12/08/2024;25000;4
3412;5;21;27/09/2024;65000;5
3691;5;10;05/10/2024;29000;4
4861;5;9;15/11/2024;30000;4
5023;5;7;21/11/2024;29000;5
5709;5;5;15/12/2024;27000;4
6897;5;3;25/01/2025;22000;4
7723;5;3;23/02/2025;22000;4
7996;5;2;02/03/2025;20000;5
8143;5;3;06/03/2025;22000;4
8980;5;2;15/04/2025;20000;4
9299;5;4;16/05/2025;24000;4
885;5;25;22/03/2024;75000;4
1233;5;3;24/04/2024;22000;5
3306;5;22;23/09/2024;110000;4
3865;5;1;12/10/2024;18000;5
4382;5;6;31/10/2024;27000;5
4816;5;7;14/11/2024;29000;4
5194;5;10;27/11/2024;29000;5
6406;5;14;07/01/2025;28000;4
6810;5;1;22/01/2025;18000;4
9433;5;2;01/06/2025;20000;4
10199;5;1;10/09/2025;18000;5
2820;5;21;08/09/2024;65000;4
5919;5;14;22/12/2024;28000;5
8043;5;3;03/03/2025;22000;4
8503;5;1;19/03/2025;18000;5
2462;5;24;17/08/2024;25000;4
7675;5;4;21/02/2025;24000;4
8728;5;2;27/03/2025;20000;5
2793;5;22;07/09/2024;110000;5
4135;5;3;22/10/2024;22000;4
4694;5;9;10/11/2024;30000;5
1541;5;27;20/05/2024;250000;5
3209;5;22;20/09/2024;110000;5
6974;5;2;28/01/2025;20000;5
7044;5;4;30/01/2025;24000;4
28;6;25;03/01/2024;75000;4
251;6;17;26/01/2024;27000;5
601;6;20;26/02/2024;22000;4
1198;6;15;21/04/2024;30000;4
1819;6;3;15/06/2024;22000;5
1999;6;8;05/07/2024;30000;5
2648;6;24;02/09/2024;25000;4
2834;6;22;08/09/2024;110000;4
5923;6;14;22/12/2024;28000;4
6512;6;3;11/01/2025;22000;5
6564;6;2;13/01/2025;20000;4
7175;6;1;05/02/2025;18000;5
8327;6;2;13/03/2025;20000;5
8331;6;3;13/03/2025;22000;4
9845;6;4;27/07/2025;24000;5
144;6;24;16/01/2024;25000;5
1167;6;1;18/04/2024;18000;5
3088;6;24;16/09/2024;25000;4
3429;6;23;27/09/2024;55000;4
4271;6;4;27/10/2024;24000;4
7583;6;2;18/02/2025;20000;4
7819;6;4;26/02/2025;24000;5
8265;6;1;11/03/2025;18000;4
1441;6;10;11/05/2024;29000;4
2351;6;24;07/08/2024;25000;5
2804;6;24;07/09/2024;25000;4
3793;6;6;09/10/2024;27000;4
10237;6;1;14/09/2025;18000;4
1871;6;22;21/06/2024;110000;4
3519;6;23;30/09/2024;55000;4
900;6;19;24/03/2024;18000;4
3878;6;5;12/10/2024;27000;4
5791;6;4;18/12/2024;24000;5
7290;6;4;08/02/2025;24000;4
8401;6;4;15/03/2025;24000;4
9280;6;2;15/05/2025;20000;4
9477;6;3;08/06/2025;22000;5
475;7;23;15/02/2024;55000;4
1644;7;24;30/05/2024;25000;5
1991;7;14;04/07/2024;28000;4
3114;7;24;17/09/2024;25000;5
3530;7;24;30/09/2024;25000;5
3920;7;11;13/10/2024;25000;5
4419;7;10;01/11/2024;29000;5
4553;7;8;05/11/2024;30000;4
4908;7;11;17/11/2024;25000;5
5186;7;9;27/11/2024;30000;5
5481;7;4;07/12/2024;24000;5
5653;7;11;12/12/2024;25000;5
10284;7;2;20/09/2025;20000;5
525;7;22;20/02/2024;110000;4
1444;7;27;11/05/2024;250000;4
4227;7;4;25/10/2024;24000;5
4579;7;7;06/11/2024;29000;4
6149;7;14;29/12/2024;28000;4
6913;7;1;26/01/2025;18000;4
8711;7;3;26/03/2025;22000;5
1072;7;2;09/04/2024;20000;4
2136;7;7;18/07/2024;29000;5
2649;7;24;02/09/2024;25000;4
4037;7;5;18/10/2024;27000;5
4724;7;9;11/11/2024;30000;4
9638;7;4;29/06/2025;24000;5
9698;7;3;07/07/2025;22000;4
1619;7;11;28/05/2024;25000;5
2962;7;21;12/09/2024;65000;5
2991;7;22;13/09/2024;110000;4
4670;7;9;09/11/2024;30000;5
468;7;8;15/02/2024;30000;4
1828;7;27;15/06/2024;250000;4
1891;7;22;23/06/2024;110000;4
3012;7;22;14/09/2024;110000;4
10275;7;2;19/09/2025;20000;4
1908;7;25;26/06/2024;75000;4
3659;7;9;04/10/2024;30000;5
3845;7;4;11/10/2024;24000;4
639;8;26;01/03/2024;175000;5
1206;8;6;22/04/2024;27000;4
1493;8;15;16/05/2024;30000;4
4868;8;3;16/11/2024;22000;4
5978;8;14;24/12/2024;28000;4
8289;8;1;12/03/2025;18000;4
8309;8;3;12/03/2025;22000;5
8959;8;1;13/04/2025;18000;4
426;8;8;11/02/2024;30000;5
699;8;17;05/03/2024;27000;4
1704;8;13;04/06/2024;25000;4
3299;8;21;23/09/2024;65000;4
4242;8;2;26/10/2024;20000;5
4528;8;2;05/11/2024;20000;4
5216;8;10;28/11/2024;29000;4
6623;8;3;15/01/2025;22000;4
7185;8;2;05/02/2025;20000;5
1092;8;2;10/04/2024;20000;5
4723;8;9;11/11/2024;30000;5
4881;8;7;16/11/2024;29000;4
4919;8;3;18/11/2024;22000;5
5659;8;2;13/12/2024;20000;4
7040;8;3;30/01/2025;22000;4
8122;8;4;05/03/2025;24000;4
8433;8;4;16/03/2025;24000;5
1653;8;1;01/06/2024;18000;4
2660;8;24;02/09/2024;25000;4
3734;8;3;07/10/2024;22000;4
6525;8;2;12/01/2025;20000;4
8529;8;4;19/03/2025;24000;5
37;8;25;04/01/2024;75000;4
7326;8;1;10/02/2025;18000;5
71;9;2;09/01/2024;20000;4
2064;9;17;11/07/2024;27000;4
2283;9;21;30/07/2024;65000;4
4089;9;4;20/10/2024;24000;5
5761;9;4;17/12/2024;24000;4
5877;9;14;20/12/2024;28000;4
5914;9;14;22/12/2024;28000;4
6391;9;14;07/01/2025;28000;5
6780;9;1;21/01/2025;18000;5
7738;9;1;24/02/2025;18000;5
9574;9;1;22/06/2025;18000;4
10233;9;4;13/09/2025;24000;4
50;9;12;06/01/2024;22000;5
307;9;1;31/01/2024;18000;4
1152;9;28;15/04/2024;200000;5
1611;9;11;27/05/2024;25000;4
1696;9;5;04/06/2024;27000;4
2058;9;1;11/07/2024;18000;4
3304;9;22;23/09/2024;110000;5
5096;9;4;24/11/2024;24000;5
5160;9;11;26/11/2024;25000;4
5707;9;4;15/12/2024;24000;4
5920;9;14;22/12/2024;28000;5
6164;9;14;30/12/2024;28000;4
8530;9;4;19/03/2025;24000;4
9674;9;4;03/07/2025;24000;5
9775;9;3;18/07/2025;22000;5
756;9;22;10/03/2024;110000;5
1373;9;26;05/05/2024;175000;5
1381;9;12;06/05/2024;22000;5
4457;9;10;02/11/2024;29000;5
5350;9;3;02/12/2024;22000;4
2368;9;24;08/08/2024;25000;5
3183;9;24;19/09/2024;25000;4
3500;9;24;29/09/2024;25000;5
7689;9;2;22/02/2025;20000;5
9407;9;2;29/05/2025;20000;4
10311;9;3;23/09/2025;22000;5
4964;9;5;19/11/2024;27000;5
7563;9;4;17/02/2025;24000;4
127;9;19;15/01/2024;18000;4
383;9;4;07/02/2024;24000;5
519;9;11;20/02/2024;25000;4
2996;9;23;13/09/2024;55000;5
3182;9;23;19/09/2024;55000;4
3927;9;2;14/10/2024;20000;4
6890;9;2;25/01/2025;20000;4
7342;9;3;10/02/2025;22000;5
51;10;13;06/01/2024;25000;4
2224;10;7;25/07/2024;29000;5
3067;10;21;16/09/2024;65000;5
3926;10;2;14/10/2024;20000;4
4302;10;1;28/10/2024;18000;4
4598;10;5;07/11/2024;27000;5
8138;10;2;06/03/2025;20000;5
10243;10;3;14/09/2025;22000;5
187;10;26;20/01/2024;175000;4
990;10;1;02/04/2024;18000;4
1464;10;19;13/05/2024;18000;4
1754;10;17;08/06/2024;27000;5
2332;10;24;04/08/2024;25000;4
3165;10;21;19/09/2024;65000;5
3501;10;24;29/09/2024;25000;5
3528;10;24;30/09/2024;25000;4
4066;10;4;19/10/2024;24000;4
4304;10;3;28/10/2024;22000;4
5117;10;3;25/11/2024;22000;5
6477;10;14;10/01/2025;28000;4
7442;10;2;13/02/2025;20000;5
7771;10;2;25/02/2025;20000;5
8652;10;3;24/03/2025;22000;5
9890;10;3;03/08/2025;22000;5
2252;10;23;27/07/2024;55000;5
2827;10;21;08/09/2024;65000;4
3717;10;10;06/10/2024;29000;4
8125;10;1;06/03/2025;18000;4
9199;10;4;07/05/2025;24000;5
3901;10;2;13/10/2024;20000;4
10214;10;3;12/09/2025;22000;5
1534;10;18;19/05/2024;22000;5
2122;10;7;17/07/2024;29000;5
3615;10;2;03/10/2024;20000;4
4159;10;1;23/10/2024;18000;4
7836;10;3;27/02/2025;22000;4
8071;10;3;04/03/2025;22000;5
10260;10;4;17/09/2025;24000;4
59;10;6;07/01/2024;27000;5
1193;10;11;21/04/2024;25000;5
10076;10;2;24/08/2025;20000;4
1746;11;18;07/06/2024;22000;4
7261;11;1;08/02/2025;18000;5
8012;11;4;02/03/2025;24000;5
803;11;17;14/03/2024;27000;4
1364;11;18;04/05/2024;22000;4
1939;11;6;30/06/2024;27000;4
4499;11;2;04/11/2024;20000;5
5032;11;10;21/11/2024;29000;4
5071;11;4;23/11/2024;24000;5
5684;11;3;14/12/2024;22000;5
6182;11;14;31/12/2024;28000;5
7143;11;4;03/02/2025;24000;4
7174;11;1;05/02/2025;18000;4
7716;11;2;23/02/2025;20000;5
8695;11;4;25/03/2025;24000;5
9190;11;2;07/05/2025;20000;4
9503;11;2;12/06/2025;20000;4
10290;11;4;20/09/2025;24000;5
239;11;13;25/01/2024;25000;4
2573;11;24;28/08/2024;25000;5
3550;11;22;01/10/2024;110000;4
3592;11;9;02/10/2024;30000;5
3841;11;2;11/10/2024;20000;5
4798;11;11;13/11/2024;25000;5
5408;11;4;04/12/2024;24000;5
199;11;19;22/01/2024;18000;4
311;11;9;31/01/2024;30000;5
1952;11;13;01/07/2024;25000;5
5225;11;4;29/11/2024;24000;4
5345;11;2;02/12/2024;20000;4
8141;11;3;06/03/2025;22000;5
10304;11;1;22/09/2025;18000;5
1242;11;1;25/04/2024;18000;4
3199;11;21;20/09/2024;65000;5
3237;11;22;21/09/2024;110000;4
9262;11;4;13/05/2025;24000;4
2030;11;5;08/07/2024;27000;5
3188;11;24;19/09/2024;25000;4
4126;11;1;22/10/2024;18000;5
6368;11;14;06/01/2025;28000;4
44;12;14;05/01/2024;28000;4
1862;12;20;20/06/2024;22000;4
2805;12;24;07/09/2024;25000;4
4217;12;11;24/10/2024;25000;4
5944;12;14;22/12/2024;28000;4
6138;12;14;29/12/2024;28000;5
6976;12;2;28/01/2025;20000;5
7754;12;4;24/02/2025;24000;4
8192;12;2;08/03/2025;20000;5
8346;12;1;14/03/2025;18000;4
9701;12;1;08/07/2025;18000;5
852;12;8;19/03/2024;30000;4
862;12;19;20/03/2024;18000;4
967;12;8;31/03/2024;30000;5
1173;12;28;18/04/2024;200000;5
2478;12;24;19/08/2024;25000;5
2746;12;24;05/09/2024;25000;4
3502;12;24;29/09/2024;25000;5
6392;12;14;07/01/2025;28000;5
6621;12;2;15/01/2025;20000;5
6821;12;2;22/01/2025;20000;5
8378;12;1;15/03/2025;18000;5
8580;12;1;22/03/2025;18000;4
1148;12;17;15/04/2024;27000;5
2380;12;24;10/08/2024;25000;4
3352;12;21;25/09/2024;65000;4
3679;12;7;05/10/2024;29000;5
3773;12;9;08/10/2024;30000;4
3806;12;9;09/10/2024;30000;5
4251;12;5;26/10/2024;27000;5
4605;12;9;07/11/2024;30000;5
8270;12;2;11/03/2025;20000;5
126;12;16;15/01/2024;28000;5
495;12;3;17/02/2024;22000;4
541;12;3;22/02/2024;22000;4
1882;12;24;22/06/2024;25000;5
6209;12;14;01/01/2025;28000;5
6501;12;1;11/01/2025;18000;4
3480;12;21;29/09/2024;65000;5
4218;12;1;25/10/2024;18000;5
10322;12;2;25/09/2025;20000;5
6865;12;1;24/01/2025;18000;4
9722;12;2;10/07/2025;20000;4
1707;13;20;04/06/2024;22000;4
2931;13;24;10/09/2024;25000;4
2933;13;21;11/09/2024;65000;5
3156;13;24;18/09/2024;25000;4
3174;13;22;19/09/2024;110000;5
5273;13;10;30/11/2024;29000;4
5327;13;9;01/12/2024;30000;4
5972;13;14;23/12/2024;28000;4
6314;13;14;04/01/2025;28000;5
6481;13;14;10/01/2025;28000;5
6712;13;4;18/01/2025;24000;5
7729;13;4;23/02/2025;24000;5
9957;13;4;09/08/2025;24000;4
344;13;21;02/02/2024;65000;4
488;13;9;16/02/2024;30000;5
1906;13;2;26/06/2024;20000;5
2080;13;21;12/07/2024;65000;4
2998;13;24;13/09/2024;25000;5
3051;13;23;15/09/2024;55000;4
3234;13;22;21/09/2024;110000;5
3653;13;7;04/10/2024;29000;4
3718;13;10;06/10/2024;29000;5
3738;13;4;07/10/2024;24000;5
4420;13;11;01/11/2024;25000;4
4650;13;1;09/11/2024;18000;5
4846;13;5;15/11/2024;27000;4
4909;13;11;17/11/2024;25000;4
5110;13;11;24/11/2024;25000;4
5870;13;14;20/12/2024;28000;5
6457;13;14;09/01/2025;28000;4
8159;13;1;07/03/2025;18000;5
8178;13;1;08/03/2025;18000;4
8965;13;3;13/04/2025;22000;5
9413;13;2;30/05/2025;20000;4
9604;13;1;25/06/2025;18000;4
9869;13;4;31/07/2025;24000;4
752;13;17;10/03/2024;27000;4
1254;13;4;26/04/2024;24000;5
1584;13;17;24/05/2024;27000;4
1748;13;21;07/06/2024;65000;5
2835;13;22;08/09/2024;110000;5
3630;13;10;03/10/2024;29000;5
9949;13;4;08/08/2025;24000;4
4984;13;1;20/11/2024;18000;5
8849;13;2;31/03/2025;20000;4
9267;13;2;14/05/2025;20000;5
556;13;5;23/02/2024;27000;4
1932;13;8;29/06/2024;30000;5
7360;13;1;11/02/2025;18000;5
6283;13;14;03/01/2025;28000;4
122;14;24;14/01/2024;25000;5
2130;14;24;17/07/2024;25000;4
2739;14;24;05/09/2024;25000;4
2791;14;22;07/09/2024;110000;5
2967;14;22;12/09/2024;110000;4
3177;14;22;19/09/2024;110000;4
3453;14;22;28/09/2024;110000;5
5440;14;3;05/12/2024;22000;5
5469;14;10;06/12/2024;29000;5
7863;14;1;28/02/2025;18000;4
398;14;1;09/02/2024;18000;5
637;14;21;01/03/2024;65000;5
719;14;17;07/03/2024;27000;4
1090;14;27;09/04/2024;250000;4
1921;14;14;28/06/2024;28000;4
2002;14;21;05/07/2024;65000;4
2921;14;23;10/09/2024;55000;4
3217;14;24;20/09/2024;25000;4
3549;14;22;01/10/2024;110000;5
3629;14;10;03/10/2024;29000;4
4644;14;11;08/11/2024;25000;4
5133;14;11;25/11/2024;25000;4
5747;14;9;16/12/2024;30000;5
5751;14;1;17/12/2024;18000;5
6529;14;2;12/01/2025;20000;4
7483;14;4;14/02/2025;24000;5
1037;14;6;06/04/2024;27000;4
2567;14;24;28/08/2024;25000;4
3112;14;24;17/09/2024;25000;4
3847;14;4;11/10/2024;24000;5
4743;14;3;12/11/2024;22000;5
8599;14;3;22/03/2025;22000;5
3020;14;23;14/09/2024;55000;4
5644;14;7;12/12/2024;29000;4
7959;14;4;01/03/2025;24000;5
2296;14;2;01/08/2024;20000;4
1329;15;26;01/05/2024;175000;5
1667;15;4;02/06/2024;24000;5
2473;15;24;19/08/2024;25000;4
3240;15;22;21/09/2024;110000;4
6100;15;14;28/12/2024;28000;5
8191;15;2;08/03/2025;20000;5
584;15;9;25/02/2024;30000;4
612;15;15;27/02/2024;30000;4
1596;15;9;26/05/2024;30000;4
2158;15;10;20/07/2024;29000;5
2979;15;21;13/09/2024;65000;5
3197;15;21;20/09/2024;65000;5
8202;15;3;08/03/2025;22000;4
9047;15;2;22/04/2025;20000;4
9466;15;4;06/06/2025;24000;4
1057;15;24;07/04/2024;25000;5
1747;15;19;07/06/2024;18000;4
3282;15;23;22/09/2024;55000;5
4765;15;11;12/11/2024;25000;4
8564;15;3;21/03/2025;22000;4
998;15;16;02/04/2024;28000;5
2556;15;24;27/08/2024;25000;4
3207;15;22;20/09/2024;110000;5
6504;15;2;11/01/2025;20000;4
6832;15;1;23/01/2025;18000;5
7867;15;2;28/02/2025;20000;5
9782;15;3;19/07/2025;22000;5
393;15;18;08/02/2024;22000;4
1267;15;8;27/04/2024;30000;5
2775;15;24;06/09/2024;25000;4
8478;15;2;18/03/2025;20000;5
9552;15;2;18/06/2025;20000;4
5855;15;14;20/12/2024;28000;5
10328;15;2;25/09/2025;20000;5
1325;16;23;01/05/2024;55000;4
4390;16;2;01/11/2024;20000;5
4679;16;4;10/11/2024;24000;4
4686;16;6;10/11/2024;27000;4
6206;16;14;31/12/2024;28000;5
7527;16;2;16/02/2025;20000;5
7535;16;4;16/02/2025;24000;5
7549;16;2;17/02/2025;20000;4
7698;16;3;22/02/2025;22000;4
7864;16;2;28/02/2025;20000;4
10141;16;3;03/09/2025;22000;5
176;16;20;19/01/2024;22000;4
1648;16;16;31/05/2024;28000;4
2251;16;14;27/07/2024;28000;5
3694;16;11;05/10/2024;25000;4
4029;16;1;18/10/2024;18000;5
4662;16;7;09/11/2024;29000;4
4898;16;5;17/11/2024;27000;5
5365;16;8;02/12/2024;30000;4
5803;16;7;18/12/2024;29000;5
6737;16;3;19/01/2025;22000;5
8142;16;3;06/03/2025;22000;5
8352;16;2;14/03/2025;20000;5
9117;16;1;01/05/2025;18000;4
9772;16;2;18/07/2025;20000;4
681;16;15;04/03/2024;30000;4
2847;16;24;08/09/2024;25000;5
3194;16;24;19/09/2024;25000;4
4518;16;10;04/11/2024;29000;5
7790;16;4;25/02/2025;24000;5
10182;16;2;07/09/2025;20000;4
6580;16;3;13/01/2025;22000;4
2726;16;24;05/09/2024;25000;4
7184;16;2;05/02/2025;20000;4
9801;16;4;21/07/2025;24000;4
397;17;28;08/02/2024;200000;5
454;17;2;14/02/2024;20000;5
1214;17;22;22/04/2024;110000;4
3024;17;24;14/09/2024;25000;4
5976;17;14;24/12/2024;28000;5
6067;17;14;26/12/2024;28000;4
6157;17;14;30/12/2024;28000;4
6714;17;4;18/01/2025;24000;4
1494;17;17;16/05/2024;27000;4
2374;17;24;09/08/2024;25000;4
6745;17;1;20/01/2025;18000;4
7412;17;2;12/02/2025;20000;4
8698;17;1;26/03/2025;18000;4
23;17;9;03/01/2024;30000;4
373;17;9;06/02/2024;30000;5
788;17;12;13/03/2024;22000;5
2866;17;22;09/09/2024;110000;5
6387;17;14;07/01/2025;28000;5
3388;17;21;26/09/2024;65000;4
5364;17;8;02/12/2024;30000;4
6284;17;14;03/01/2025;28000;4
6602;17;3;14/01/2025;22000;4
6774;17;4;20/01/2025;24000;4
6842;17;2;23/01/2025;20000;5
10342;17;2;26/09/2025;20000;4
2177;17;15;21/07/2024;30000;5
4264;17;2;27/10/2024;20000;5
5015;17;4;21/11/2024;24000;5
8492;17;1;19/03/2025;18000;5
92;18;12;11/01/2024;22000;5
196;18;1;22/01/2024;18000;4
382;18;26;06/02/2024;175000;4
782;18;14;12/03/2024;28000;4
1614;18;21;27/05/2024;65000;5
1929;18;2;29/06/2024;20000;4
1953;18;13;01/07/2024;25000;5
2765;18;24;06/09/2024;25000;5
3442;18;21;28/09/2024;65000;5
5114;18;3;25/11/2024;22000;5
5196;18;1;28/11/2024;18000;5
6922;18;2;26/01/2025;20000;4
8048;18;4;03/03/2025;24000;5
8280;18;3;11/03/2025;22000;5
8382;18;2;15/03/2025;20000;4
9920;18;4;05/08/2025;24000;4
1718;18;22;05/06/2024;110000;5
1902;18;11;25/06/2024;25000;4
2483;18;24;19/08/2024;25000;5
2559;18;24;27/08/2024;25000;5
3405;18;24;26/09/2024;25000;5
3536;18;21;01/10/2024;65000;5
3973;18;8;15/10/2024;30000;5
8535;18;2;20/03/2025;20000;4
8766;18;3;28/03/2025;22000;5
647;18;8;02/03/2024;30000;5
1188;18;13;20/04/2024;25000;4
1741;18;3;07/06/2024;22000;5
3588;18;7;02/10/2024;29000;5
3702;18;3;06/10/2024;22000;4
3807;18;9;09/10/2024;30000;5
6057;18;14;26/12/2024;28000;5
9371;18;4;25/05/2025;24000;5
3015;18;22;14/09/2024;110000;4
7313;18;4;09/02/2025;24000;4
9222;18;3;09/05/2025;22000;5
1437;18;15;10/05/2024;30000;5
7311;18;4;09/02/2025;24000;5
7634;18;1;20/02/2025;18000;4
8164;18;2;07/03/2025;20000;4
8506;18;1;19/03/2025;18000;5
4706;18;11;10/11/2024;25000;5
26;19;16;03/01/2024;28000;5
206;19;6;23/01/2024;27000;4
1499;19;25;16/05/2024;75000;5
2601;19;24;31/08/2024;25000;5
6388;19;14;07/01/2025;28000;4
6710;19;3;18/01/2025;22000;4
10267;19;3;18/09/2025;22000;4
515;19;1;20/02/2024;18000;4
749;19;8;10/03/2024;30000;5
1434;19;13;10/05/2024;25000;5
3122;19;21;18/09/2024;65000;4
4594;19;2;07/11/2024;20000;4
5174;19;5;27/11/2024;27000;5
5578;19;1;10/12/2024;18000;4
8556;19;2;21/03/2025;20000;5
9592;19;2;23/06/2025;20000;4
2410;19;24;12/08/2024;25000;4
3225;19;21;21/09/2024;65000;4
6146;19;14;29/12/2024;28000;5
741;19;11;09/03/2024;25000;5
5477;19;3;07/12/2024;22000;5
6789;19;2;21/01/2025;20000;4
2036;19;21;08/07/2024;65000;4
4393;19;3;01/11/2024;22000;4
1407;19;23;08/05/2024;55000;4
8211;19;1;09/03/2025;18000;4
8315;19;4;12/03/2025;24000;5
8767;19;3;28/03/2025;22000;4
692;20;6;05/03/2024;27000;5
1608;20;28;26/05/2024;200000;5
2347;20;24;06/08/2024;25000;4
3705;20;4;06/10/2024;24000;5
4357;20;1;30/10/2024;18000;4
5701;20;11;14/12/2024;25000;4
7106;20;2;02/02/2025;20000;4
8972;20;3;14/04/2025;22000;4
9756;20;2;15/07/2025;20000;5
1127;20;27;13/04/2024;250000;5
7896;20;3;28/02/2025;22000;4
419;20;7;10/02/2024;29000;5
2613;20;24;01/09/2024;25000;5
3370;20;23;25/09/2024;55000;4
4108;20;2;21/10/2024;20000;4
5010;20;11;20/11/2024;25000;4
6449;20;14;09/01/2025;28000;4
7316;20;4;09/02/2025;24000;4
7346;20;3;10/02/2025;22000;5
2663;20;24;02/09/2024;25000;5
5001;20;8;20/11/2024;30000;4
6703;20;2;18/01/2025;20000;5
6924;20;2;26/01/2025;20000;4
8997;20;4;16/04/2025;24000;4
1186;20;8;20/04/2024;30000;5
2583;20;24;29/08/2024;25000;5
6328;20;14;05/01/2025;28000;5
7497;20;3;15/02/2025;22000;4
1695;21;4;04/06/2024;24000;5
1807;21;7;14/06/2024;29000;5
3649;21;6;04/10/2024;27000;5
3737;21;3;07/10/2024;22000;4
4392;21;3;01/11/2024;22000;4
4957;21;3;19/11/2024;22000;5
8857;21;3;31/03/2025;22000;5
230;21;17;24/01/2024;27000;5
1851;21;26;18/06/2024;175000;4
4040;21;5;18/10/2024;27000;4
5124;21;7;25/11/2024;29000;5
6558;21;1;13/01/2025;18000;5
7668;21;3;21/02/2025;22000;4
7710;21;1;23/02/2025;18000;5
8275;21;3;11/03/2025;22000;5
8428;21;4;16/03/2025;24000;5
9576;21;2;22/06/2025;20000;5
9865;21;2;31/07/2025;20000;4
392;21;16;08/02/2024;28000;4
1574;21;19;23/05/2024;18000;4
1873;21;24;21/06/2024;25000;4
2129;21;22;17/07/2024;110000;5
2859;21;22;09/09/2024;110000;4
3552;21;23;01/10/2024;55000;5
4557;21;9;05/11/2024;30000;5
4760;21;9;12/11/2024;30000;4
4771;21;3;13/11/2024;22000;4
5130;21;10;25/11/2024;29000;4
1105;21;9;11/04/2024;30000;4
6557;21;1;13/01/2025;18000;4
4353;21;11;29/10/2024;25000;4
7224;21;4;06/02/2025;24000;4
810;21;5;15/03/2024;27000;5
5424;21;9;04/12/2024;30000;5
549;22;18;22/02/2024;22000;4
702;22;21;05/03/2024;65000;5
907;22;5;25/03/2024;27000;5
2740;22;24;05/09/2024;25000;4
2841;22;23;08/09/2024;55000;5
3139;22;23;18/09/2024;55000;4
4118;22;9;21/10/2024;30000;5
4150;22;10;22/10/2024;29000;4
6217;22;14;01/01/2025;28000;5
6824;22;3;22/01/2025;22000;5
7277;22;3;08/02/2025;22000;4
9679;22;4;04/07/2025;24000;4
10209;22;4;11/09/2025;24000;5
1474;22;18;14/05/2024;22000;5
1978;22;1;03/07/2024;18000;4
2699;22;24;04/09/2024;25000;4
4641;22;11;08/11/2024;25000;4
5187;22;9;27/11/2024;30000;5
5720;22;11;15/12/2024;25000;4
6099;22;14;28/12/2024;28000;5
6494;22;14;10/01/2025;28000;5
7422;22;3;12/02/2025;22000;4
7975;22;1;02/03/2025;18000;4
8089;22;1;05/03/2025;18000;4
8179;22;1;08/03/2025;18000;5
260;22;2;27/01/2024;20000;5
1365;22;19;04/05/2024;18000;5
1430;22;10;10/05/2024;29000;5
1981;22;5;03/07/2024;27000;4
2981;22;21;13/09/2024;65000;4
3762;22;2;08/10/2024;20000;4
4241;22;2;26/10/2024;20000;5
635;22;19;01/03/2024;18000;4
1027;22;27;04/04/2024;250000;4
6322;22;14;04/01/2025;28000;4
7189;22;3;05/02/2025;22000;5
8908;22;2;05/04/2025;20000;4
1640;22;21;30/05/2024;65000;4
3783;22;2;09/10/2024;20000;5
3788;22;3;09/10/2024;22000;4
4505;22;5;04/11/2024;27000;5
5112;22;2;25/11/2024;20000;5
700;22;18;05/03/2024;22000;5
3175;22;22;19/09/2024;110000;4
4238;22;1;26/10/2024;18000;4
219;23;5;24/01/2024;27000;5
262;23;6;27/01/2024;27000;5
1636;23;7;30/05/2024;29000;5
1925;23;24;28/06/2024;25000;5
2259;23;16;28/07/2024;28000;4
2291;23;13;31/07/2024;25000;4
2606;23;24;31/08/2024;25000;5
4858;23;9;15/11/2024;30000;5
9974;23;2;11/08/2025;20000;5
10234;23;4;13/09/2025;24000;4
2072;23;7;12/07/2024;29000;5
2192;23;20;22/07/2024;22000;4
3995;23;8;16/10/2024;30000;4
5953;23;14;23/12/2024;28000;4
6229;23;14;01/01/2025;28000;5
6399;23;14;07/01/2025;28000;4
7452;23;3;13/02/2025;22000;4
7712;23;2;23/02/2025;20000;4
7859;23;1;28/02/2025;18000;4
7954;23;4;01/03/2025;24000;5
8612;23;1;23/03/2025;18000;5
9670;23;2;03/07/2025;20000;5
1012;23;4;03/04/2024;24000;4
1156;23;22;16/04/2024;110000;4
1620;23;12;28/05/2024;22000;5
2591;23;24;30/08/2024;25000;4
3763;23;2;08/10/2024;20000;5
3970;23;7;15/10/2024;29000;4
1796;23;10;12/06/2024;29000;5
4489;23;10;03/11/2024;29000;4
4716;23;5;11/11/2024;27000;4
4940;23;9;18/11/2024;30000;5
2721;23;24;04/09/2024;25000;5
9157;23;3;03/05/2025;22000;4
152;23;24;17/01/2024;25000;4
5319;23;8;01/12/2024;30000;5
6991;23;1;29/01/2025;18000;4
9838;23;4;26/07/2025;24000;5
369;24;18;05/02/2024;22000;4
408;24;21;09/02/2024;65000;5
2423;24;24;14/08/2024;25000;5
2510;24;24;22/08/2024;25000;4
3462;24;24;28/09/2024;25000;5
3660;24;10;04/10/2024;29000;5
4541;24;4;05/11/2024;24000;5
5436;24;2;05/12/2024;20000;5
5708;24;5;15/12/2024;27000;4
6468;24;14;09/01/2025;28000;4
6506;24;2;11/01/2025;20000;4
7478;24;2;14/02/2025;20000;5
7762;24;1;25/02/2025;18000;4
1058;24;27;07/04/2024;250000;5
2320;24;24;03/08/2024;25000;5
2459;24;24;17/08/2024;25000;4
2617;24;24;01/09/2024;25000;5
3053;24;24;15/09/2024;25000;5
4341;24;6;29/10/2024;27000;4
4343;24;7;29/10/2024;29000;5
4606;24;9;07/11/2024;30000;4
5158;24;10;26/11/2024;29000;4
5811;24;11;18/12/2024;25000;5
5931;24;14;22/12/2024;28000;4
7212;24;3;06/02/2025;22000;5
7590;24;4;18/02/2025;24000;5
7883;24;1;28/02/2025;18000;5
8413;24;2;16/03/2025;20000;4
1004;24;21;02/04/2024;65000;5
3368;24;23;25/09/2024;55000;4
4033;24;3;18/10/2024;22000;4
4472;24;5;03/11/2024;27000;5
8794;24;2;29/03/2025;20000;4
10347;24;3;27/09/2025;22000;5
4677;24;2;10/11/2024;20000;4
6180;24;14;31/12/2024;28000;4
6378;24;14;06/01/2025;28000;4
6517;24;14;11/01/2025;28000;4
6076;24;14;27/12/2024;28000;5
7834;24;3;27/02/2025;22000;5
9111;24;2;30/04/2025;20000;5
2742;25;24;05/09/2024;25000;4
2850;25;21;09/09/2024;65000;5
3233;25;21;21/09/2024;65000;4
4697;25;9;10/11/2024;30000;5
5830;25;9;19/12/2024;30000;4
707;25;10;06/03/2024;29000;4
1687;25;11;03/06/2024;25000;4
1937;25;23;29/06/2024;55000;4
2416;25;24;13/08/2024;25000;5
2585;25;24;29/08/2024;25000;4
3610;25;1;03/10/2024;18000;4
3839;25;11;10/10/2024;25000;5
4917;25;3;18/11/2024;22000;5
5411;25;4;04/12/2024;24000;4
6917;25;1;26/01/2025;18000;4
8841;25;1;31/03/2025;18000;4
9591;25;2;23/06/2025;20000;5
10297;25;2;21/09/2025;20000;4
2822;25;21;08/09/2024;65000;4
3611;25;1;03/10/2024;18000;5
3975;25;9;15/10/2024;30000;4
4885;25;11;16/11/2024;25000;5
5989;25;14;24/12/2024;28000;4
7123;25;1;03/02/2025;18000;5
1395;25;23;07/05/2024;55000;4
6648;25;3;16/01/2025;22000;5
7866;25;2;28/02/2025;20000;4
8524;25;3;19/03/2025;22000;4
9314;25;1;19/05/2025;18000;4
473;25;18;15/02/2024;22000;5
7741;25;2;24/02/2025;20000;5
9584;25;1;23/06/2025;18000;5
10017;25;3;16/08/2025;22000;5
6799;25;3;21/01/2025;22000;4
8356;25;2;14/03/2025;20000;5
266;26;17;27/01/2024;27000;4
1200;26;17;21/04/2024;27000;5
2255;26;8;28/07/2024;30000;5
2685;26;24;03/09/2024;25000;5
3145;26;23;18/09/2024;55000;4
3421;26;22;27/09/2024;110000;5
4445;26;6;02/11/2024;27000;4
5314;26;7;01/12/2024;29000;4
7258;26;1;08/02/2025;18000;5
7265;26;1;08/02/2025;18000;5
8966;26;3;13/04/2025;22000;5
9527;26;4;15/06/2025;24000;4
10034;26;4;19/08/2025;24000;4
1712;26;9;05/06/2024;30000;4
1994;26;20;04/07/2024;22000;5
2295;26;1;01/08/2024;18000;4
3455;26;23;28/09/2024;55000;5
3579;26;2;02/10/2024;20000;4
3796;26;7;09/10/2024;29000;4
6269;26;14;03/01/2025;28000;5
8836;26;1;31/03/2025;18000;4
9329;26;1;21/05/2025;18000;5
9560;26;2;20/06/2025;20000;5
10054;26;1;22/08/2025;18000;4
10150;26;4;03/09/2025;24000;5
10329;26;2;25/09/2025;20000;5
1436;26;14;10/05/2024;28000;4
1587;26;21;24/05/2024;65000;5
2262;26;28;28/07/2024;200000;4
3396;26;23;26/09/2024;55000;4
4560;26;10;05/11/2024;29000;5
4617;26;1;08/11/2024;18000;5
7815;26;4;26/02/2025;24000;4
8823;26;3;30/03/2025;22000;4
9473;26;4;07/06/2025;24000;4
3105;26;23;17/09/2024;55000;5
5736;26;5;16/12/2024;27000;4
6911;26;1;26/01/2025;18000;4
9100;26;3;28/04/2025;22000;5
1883;26;24;22/06/2024;25000;5
5419;26;8;04/12/2024;30000;4
6084;26;14;27/12/2024;28000;4
1459;27;9;13/05/2024;30000;5
1870;27;21;21/06/2024;65000;4
2299;27;11;01/08/2024;25000;4
3340;27;23;24/09/2024;55000;4
3482;27;22;29/09/2024;110000;4
5337;27;11;01/12/2024;25000;5
5849;27;14;19/12/2024;28000;5
7907;27;4;28/02/2025;24000;5
9216;27;2;09/05/2025;20000;5
9643;27;3;30/06/2025;22000;4
31;27;28;03/01/2024;200000;5
289;27;2;30/01/2024;20000;5
1170;27;21;18/04/2024;65000;4
1559;27;20;22/05/2024;22000;5
1966;27;3;02/07/2024;22000;4
2230;27;22;25/07/2024;110000;5
2549;27;24;26/08/2024;25000;4
2868;27;22;09/09/2024;110000;4
2937;27;21;11/09/2024;65000;4
3692;27;11;05/10/2024;25000;5
4034;27;3;18/10/2024;22000;5
5166;27;3;27/11/2024;22000;5
5496;27;8;07/12/2024;30000;5
5663;27;7;13/12/2024;29000;4
6053;27;14;26/12/2024;28000;4
6130;27;14;29/12/2024;28000;4
7567;27;4;17/02/2025;24000;5
7860;27;1;28/02/2025;18000;4
8706;27;2;26/03/2025;20000;5
8893;27;2;04/04/2025;20000;4
8957;27;4;12/04/2025;24000;4
9825;27;1;25/07/2025;18000;4
1702;27;13;04/06/2024;25000;5
2269;27;14;29/07/2024;28000;5
2545;27;24;26/08/2024;25000;5
8059;27;1;04/03/2025;18000;4
305;27;25;30/01/2024;75000;4
2240;27;16;26/07/2024;28000;4
5596;27;8;10/12/2024;30000;4
1922;27;18;28/06/2024;22000;4
5389;27;4;03/12/2024;24000;5
2762;27;24;06/09/2024;25000;4
7179;27;1;05/02/2025;18000;4
708;28;19;06/03/2024;18000;5
1877;28;17;22/06/2024;27000;5
2053;28;15;10/07/2024;30000;4
2562;28;24;27/08/2024;25000;4
2571;28;24;28/08/2024;25000;4
2947;28;23;11/09/2024;55000;5
4752;28;7;12/11/2024;29000;4
5909;28;14;21/12/2024;28000;4
7572;28;1;18/02/2025;18000;4
7830;28;2;27/02/2025;20000;4
8592;28;2;22/03/2025;20000;4
9026;28;4;19/04/2025;24000;5
9728;28;1;11/07/2025;18000;5
10217;28;3;12/09/2025;22000;5
10282;28;1;20/09/2025;18000;5
712;28;1;07/03/2024;18000;5
1404;28;19;08/05/2024;18000;4
1555;28;1;22/05/2024;18000;5
3984;28;2;16/10/2024;20000;4
5279;28;1;01/12/2024;18000;5
5479;28;3;07/12/2024;22000;5
7009;28;2;29/01/2025;20000;4
7181;28;1;05/02/2025;18000;5
7553;28;2;17/02/2025;20000;4
7582;28;2;18/02/2025;20000;5
7673;28;4;21/02/2025;24000;4
9422;28;1;31/05/2025;18000;5
9690;28;2;05/07/2025;20000;4
982;28;7;01/04/2024;29000;4
1992;28;18;04/07/2024;22000;5
4043;28;7;18/10/2024;29000;5
224;28;9;24/01/2024;30000;5
1509;28;20;17/05/2024;22000;4
2544;28;24;26/08/2024;25000;4
5890;28;14;21/12/2024;28000;5
268;28;20;27/01/2024;22000;5
888;28;9;23/03/2024;30000;4
8057;28;1;04/03/2025;18000;4
466;28;5;15/02/2024;27000;5
4725;28;9;11/11/2024;30000;4
2353;29;24;07/08/2024;25000;5
3101;29;23;17/09/2024;55000;4
4793;29;9;13/11/2024;30000;4
6414;29;14;08/01/2025;28000;5
7207;29;1;06/02/2025;18000;5
7799;29;2;26/02/2025;20000;5
8585;29;2;22/03/2025;20000;4
10124;29;4;31/08/2025;24000;4
10340;29;2;26/09/2025;20000;5
1348;29;20;03/05/2024;22000;4
1785;29;10;11/06/2024;29000;5
2274;29;1;30/07/2024;18000;5
2387;29;24;10/08/2024;25000;5
3300;29;21;23/09/2024;65000;4
3936;29;4;14/10/2024;24000;5
5221;29;3;29/11/2024;22000;5
6013;29;14;25/12/2024;28000;5
6018;29;14;25/12/2024;28000;5
9905;29;4;04/08/2025;24000;5
10052;29;1;22/08/2025;18000;4
57;29;25;06/01/2024;75000;5
2082;29;4;13/07/2024;24000;4
2324;29;24;03/08/2024;25000;4
2643;29;24;02/09/2024;25000;5
3155;29;24;18/09/2024;25000;5
3329;29;21;24/09/2024;65000;4
4134;29;3;22/10/2024;22000;4
9384;29;4;26/05/2025;24000;5
10300;29;4;21/09/2025;24000;4
4820;29;8;14/11/2024;30000;4
9071;29;4;24/04/2025;24000;4
6668;29;1;17/01/2025;18000;4
6860;29;1;24/01/2025;18000;4
7012;29;3;29/01/2025;22000;5
7211;29;3;06/02/2025;22000;4
276;30;21;28/01/2024;65000;5
993;30;6;02/04/2024;27000;5
1709;30;24;04/06/2024;25000;4
4090;30;4;20/10/2024;24000;5
4568;30;2;06/11/2024;20000;5
4787;30;8;13/11/2024;30000;5
5222;30;3;29/11/2024;22000;5
5398;30;7;03/12/2024;29000;5
6886;30;1;25/01/2025;18000;4
9298;30;4;16/05/2025;24000;5
9746;30;3;13/07/2025;22000;4
10254;30;4;16/09/2025;24000;4
1370;30;14;05/05/2024;28000;4
2942;30;22;11/09/2024;110000;5
4331;30;1;29/10/2024;18000;5
4449;30;8;02/11/2024;30000;5
5650;30;9;12/12/2024;30000;5
609;30;12;27/02/2024;22000;4
1366;30;20;04/05/2024;22000;4
1892;30;27;23/06/2024;250000;4
3483;30;22;29/09/2024;110000;4
4179;30;7;23/10/2024;29000;4
65;30;13;08/01/2024;25000;5
1675;30;15;02/06/2024;30000;4
8384;30;2;15/03/2025;20000;4
1616;30;26;27/05/2024;175000;5
2376;30;24;09/08/2024;25000;5
4927;30;6;18/11/2024;27000;5
5093;30;2;24/11/2024;20000;5
6834;30;1;23/01/2025;18000;4
205;30;2;23/01/2024;20000;5
2226;30;13;25/07/2024;25000;5
4123;30;11;21/10/2024;25000;4
8981;30;2;15/04/2025;20000;5
440;31;17;12/02/2024;27000;4
2217;31;21;24/07/2024;65000;4
5498;31;9;07/12/2024;30000;4
6020;31;14;25/12/2024;28000;5
6947;31;1;27/01/2025;18000;5
7267;31;2;08/02/2025;20000;5
8028;31;1;03/03/2025;18000;4
9309;31;2;18/05/2025;20000;4
9923;31;1;06/08/2025;18000;5
9986;31;3;12/08/2025;22000;4
10128;31;2;01/09/2025;20000;5
10201;31;2;10/09/2025;20000;4
10305;31;2;22/09/2025;20000;5
10327;31;2;25/09/2025;20000;4
348;31;4;03/02/2024;24000;5
1506;31;11;17/05/2024;25000;4
1934;31;13;29/06/2024;25000;4
2069;31;1;12/07/2024;18000;4
2710;31;24;04/09/2024;25000;4
3632;31;11;03/10/2024;25000;4
3637;31;1;04/10/2024;18000;5
4105;31;2;21/10/2024;20000;5
5070;31;4;23/11/2024;24000;5
7541;31;1;17/02/2025;18000;5
8299;31;1;12/03/2025;18000;5
10047;31;1;21/08/2025;18000;5
353;31;9;03/02/2024;30000;5
776;31;5;12/03/2024;27000;5
1334;31;3;02/05/2024;22000;4
1472;31;12;14/05/2024;22000;5
1488;31;22;15/05/2024;110000;4
1554;31;1;22/05/2024;18000;4
1852;31;28;18/06/2024;200000;5
2211;31;1;24/07/2024;18000;5
2436;31;24;15/08/2024;25000;4
3172;31;22;19/09/2024;110000;5
3398;31;23;26/09/2024;55000;5
3732;31;2;07/10/2024;20000;5
4044;31;7;18/10/2024;29000;4
4314;31;6;28/10/2024;27000;4
4580;31;7;06/11/2024;29000;5
281;31;14;29/01/2024;28000;5
2204;31;14;23/07/2024;28000;4
2346;31;24;06/08/2024;25000;4
2422;31;24;13/08/2024;25000;5
4464;31;11;02/11/2024;25000;4
5881;31;14;21/12/2024;28000;4
5381;31;2;03/12/2024;20000;5
3144;31;23;18/09/2024;55000;5
5960;31;14;23/12/2024;28000;4
9736;31;4;12/07/2025;24000;4
9831;31;3;25/07/2025;22000;5
1477;32;19;14/05/2024;18000;5
3295;32;21;23/09/2024;65000;5
4012;32;5;17/10/2024;27000;5
4039;32;5;18/10/2024;27000;5
5033;32;11;21/11/2024;25000;4
6622;32;3;15/01/2025;22000;5
7770;32;2;25/02/2025;20000;5
9497;32;4;11/06/2025;24000;4
9568;32;2;21/06/2025;20000;5
291;32;5;30/01/2024;27000;5
1550;32;21;21/05/2024;65000;5
1710;32;27;04/06/2024;250000;4
1730;32;15;06/06/2024;30000;5
1839;32;2;17/06/2024;20000;5
2118;32;23;16/07/2024;55000;4
2294;32;28;31/07/2024;200000;5
2463;32;24;17/08/2024;25000;4
4325;32;10;28/10/2024;29000;5
5325;32;9;01/12/2024;30000;5
6444;32;14;08/01/2025;28000;5
8227;32;2;09/03/2025;20000;5
9544;32;4;17/06/2025;24000;4
10008;32;4;14/08/2025;24000;4
1467;32;25;13/05/2024;75000;4
2658;32;24;02/09/2024;25000;5
2792;32;22;07/09/2024;110000;4
4283;32;7;27/10/2024;29000;4
4592;32;1;07/11/2024;18000;5
4708;32;1;11/11/2024;18000;4
6268;32;14;03/01/2025;28000;5
7455;32;4;13/02/2025;24000;5
8795;32;3;29/03/2025;22000;5
9375;32;1;26/05/2025;18000;5
99;32;6;12/01/2024;27000;4
4290;32;8;27/10/2024;30000;5
5333;32;10;01/12/2024;29000;4
8776;32;4;28/03/2025;24000;5
1848;32;8;18/06/2024;30000;4
4155;32;11;22/10/2024;25000;5
8102;32;2;05/03/2025;20000;4
3257;32;21;22/09/2024;65000;4
5088;32;10;23/11/2024;29000;5
6072;32;14;27/12/2024;28000;4
7227;32;4;06/02/2025;24000;4
7704;32;1;23/02/2025;18000;5
9809;32;2;23/07/2025;20000;5
74;33;21;09/01/2024;65000;4
1540;33;23;20/05/2024;55000;4
1926;33;25;28/06/2024;75000;5
2193;33;20;22/07/2024;22000;5
3116;33;24;17/09/2024;25000;5
3401;33;23;26/09/2024;55000;4
3523;33;23;30/09/2024;55000;4
3998;33;9;16/10/2024;30000;4
4139;33;7;22/10/2024;29000;4
4531;33;2;05/11/2024;20000;5
5714;33;8;15/12/2024;30000;4
7700;33;3;22/02/2025;22000;4
7862;33;1;28/02/2025;18000;5
8452;33;3;17/03/2025;22000;5
9857;33;1;30/07/2025;18000;4
190;33;19;21/01/2024;18000;5
2772;33;24;06/09/2024;25000;5
3132;33;22;18/09/2024;110000;4
4225;33;3;25/10/2024;22000;4
4678;33;2;10/11/2024;20000;4
4869;33;3;16/11/2024;22000;4
4884;33;9;16/11/2024;30000;4
6168;33;14;30/12/2024;28000;4
6532;33;2;12/01/2025;20000;4
7353;33;4;10/02/2025;24000;5
7636;33;2;20/02/2025;20000;5
8410;33;2;16/03/2025;20000;5
9494;33;4;10/06/2025;24000;5
9620;33;2;27/06/2025;20000;5
10360;33;1;29/09/2025;18000;4
698;33;13;05/03/2024;25000;5
3010;33;22;14/09/2024;110000;4
10193;33;1;09/09/2025;18000;4
6550;33;4;12/01/2025;24000;4
7373;33;3;11/02/2025;22000;4
8404;33;1;16/03/2025;18000;4
1390;33;6;07/05/2024;27000;4
6360;33;14;06/01/2025;28000;4
7275;33;2;08/02/2025;20000;4
1579;33;5;24/05/2024;27000;5
464;34;1;15/02/2024;18000;4
2189;34;16;22/07/2024;28000;5
2440;34;24;15/08/2024;25000;5
2670;34;24;03/09/2024;25000;4
5623;34;8;11/12/2024;30000;5
6075;34;14;27/12/2024;28000;5
7050;34;1;31/01/2025;18000;5
7468;34;1;14/02/2025;18000;4
7760;34;1;25/02/2025;18000;5
9291;34;2;16/05/2025;20000;4
9469;34;1;07/06/2025;18000;5
892;34;19;23/03/2024;18000;4
1118;34;6;13/04/2024;27000;4
1388;34;1;07/05/2024;18000;4
5353;34;4;02/12/2024;24000;4
5850;34;14;19/12/2024;28000;5
7059;34;2;31/01/2025;20000;5
7694;34;2;22/02/2025;20000;5
9061;34;1;24/04/2025;18000;4
10299;34;3;21/09/2025;22000;5
40;34;9;05/01/2024;30000;5
43;34;13;05/01/2024;25000;5
551;34;22;22/02/2024;110000;5
2399;34;24;11/08/2024;25000;5
2892;34;21;10/09/2024;65000;5
3825;34;7;10/10/2024;29000;5
4142;34;8;22/10/2024;30000;5
4707;34;11;10/11/2024;25000;4
8326;34;2;13/03/2025;20000;4
7109;34;2;02/02/2025;20000;5
4616;34;1;08/11/2024;18000;5
5851;34;14;20/12/2024;28000;5
9705;34;3;08/07/2025;22000;5
453;35;1;14/02/2024;18000;5
642;35;3;02/03/2024;22000;5
868;35;6;21/03/2024;27000;4
1783;35;5;11/06/2024;27000;5
1995;35;21;04/07/2024;65000;4
2015;35;22;06/07/2024;110000;5
2218;35;22;24/07/2024;110000;4
4038;35;5;18/10/2024;27000;4
4113;35;5;21/10/2024;27000;5
5755;35;2;17/12/2024;20000;4
6027;35;14;25/12/2024;28000;4
7364;35;2;11/02/2025;20000;5
8108;35;3;05/03/2025;22000;4
9098;35;1;28/04/2025;18000;4
425;35;5;11/02/2024;27000;4
2063;35;13;11/07/2024;25000;4
2523;35;24;23/08/2024;25000;5
6177;35;14;31/12/2024;28000;4
8391;35;3;15/03/2025;22000;4
8412;35;2;16/03/2025;20000;4
9731;35;1;12/07/2025;18000;4
1697;35;6;04/06/2024;27000;4
3466;35;24;28/09/2024;25000;5
3743;35;5;07/10/2024;27000;5
4795;35;9;13/11/2024;30000;5
6421;35;14;08/01/2025;28000;4
8017;35;4;02/03/2025;24000;5
9888;35;3;03/08/2025;22000;4
1021;35;5;04/04/2024;27000;5
3151;35;24;18/09/2024;25000;5
3305;35;22;23/09/2024;110000;5
3978;35;9;15/10/2024;30000;4
9206;35;2;08/05/2025;20000;4
674;35;28;03/03/2024;200000;4
1519;35;12;18/05/2024;22000;5
3617;35;6;03/10/2024;27000;5
5040;35;3;22/11/2024;22000;5
1445;36;28;11/05/2024;200000;4
4966;36;6;19/11/2024;27000;5
5816;36;11;18/12/2024;25000;4
6948;36;1;27/01/2025;18000;5
7644;36;3;20/02/2025;22000;4
8541;36;3;20/03/2025;22000;4
9926;36;2;06/08/2025;20000;4
1212;36;20;22/04/2024;22000;4
1680;36;22;02/06/2024;110000;5
1726;36;12;06/06/2024;22000;4
2336;36;24;04/08/2024;25000;4
2500;36;24;21/08/2024;25000;4
4267;36;3;27/10/2024;22000;4
4428;36;2;02/11/2024;20000;4
4758;36;9;12/11/2024;30000;5
5346;36;3;02/12/2024;22000;4
7877;36;4;28/02/2025;24000;4
10072;36;2;23/08/2025;20000;4
341;36;7;02/02/2024;29000;5
2395;36;24;11/08/2024;25000;4
3952;36;10;14/10/2024;29000;4
4443;36;6;02/11/2024;27000;5
4539;36;4;05/11/2024;24000;5
4880;36;7;16/11/2024;29000;4
10157;36;3;04/09/2025;22000;5
431;36;20;11/02/2024;22000;5
2873;36;23;09/09/2024;55000;5
6233;36;14;01/01/2025;28000;5
9594;36;3;23/06/2025;22000;5
9901;36;3;04/08/2025;22000;5
8372;36;4;14/03/2025;24000;4
366;37;13;05/02/2024;25000;4
1287;37;13;28/04/2024;25000;5
1858;37;23;19/06/2024;55000;5
3520;37;23;30/09/2024;55000;4
4320;37;8;28/10/2024;30000;4
5373;37;10;02/12/2024;29000;4
7157;37;2;04/02/2025;20000;4
7381;37;3;11/02/2025;22000;4
8096;37;2;05/03/2025;20000;4
9011;37;3;18/04/2025;22000;4
287;37;26;29/01/2024;175000;4
1517;37;10;18/05/2024;29000;4
3986;37;3;16/10/2024;22000;5
6698;37;1;18/01/2025;18000;5
7789;37;4;25/02/2025;24000;4
8537;37;2;20/03/2025;20000;5
8902;37;1;05/04/2025;18000;4
1511;37;23;17/05/2024;55000;5
8942;37;4;10/04/2025;24000;4
4166;37;3;23/10/2024;22000;4
4293;37;10;27/10/2024;29000;5
5415;37;6;04/12/2024;27000;4
6063;37;14;26/12/2024;28000;4
2309;37;24;02/08/2024;25000;4
2434;37;24;15/08/2024;25000;4
6920;37;2;26/01/2025;20000;4
1353;37;27;03/05/2024;250000;5
3703;37;3;06/10/2024;22000;4
5593;37;6;10/12/2024;27000;5
8498;37;1;19/03/2025;18000;4
2938;38;21;11/09/2024;65000;4
4032;38;3;18/10/2024;22000;4
5082;38;9;23/11/2024;30000;5
7751;38;4;24/02/2025;24000;4
9308;38;2;18/05/2025;20000;5
10001;38;1;14/08/2025;18000;4
2719;38;24;04/09/2024;25000;4
3853;38;7;11/10/2024;29000;5
4730;38;10;11/11/2024;29000;5
6677;38;2;17/01/2025;20000;4
8732;38;2;27/03/2025;20000;5
9388;38;1;27/05/2025;18000;4
1376;38;28;05/05/2024;200000;4
1623;38;16;28/05/2024;28000;5
2561;38;24;27/08/2024;25000;4
3942;38;6;14/10/2024;27000;4
4886;38;1;17/11/2024;18000;5
7304;38;2;09/02/2025;20000;5
4369;38;2;31/10/2024;20000;4
5946;38;14;23/12/2024;28000;5
6413;38;14;08/01/2025;28000;4
3359;38;22;25/09/2024;110000;5
9392;38;2;27/05/2025;20000;5
532;38;17;21/02/2024;27000;5
4266;38;3;27/10/2024;22000;4
5119;38;4;25/11/2024;24000;5
248;39;10;26/01/2024;29000;5
1660;39;13;01/06/2024;25000;5
3383;39;21;26/09/2024;65000;5
3385;39;21;26/09/2024;65000;4
3648;39;5;04/10/2024;27000;5
4581;39;8;06/11/2024;30000;4
4759;39;9;12/11/2024;30000;5
5618;39;5;11/12/2024;27000;5
6964;39;4;27/01/2025;24000;5
7337;39;2;10/02/2025;20000;4
8494;39;1;19/03/2025;18000;5
8835;39;1;31/03/2025;18000;5
8977;39;1;15/04/2025;18000;4
9202;39;1;08/05/2025;18000;4
97;39;24;11/01/2024;25000;4
160;39;10;18/01/2024;29000;4
202;39;21;22/01/2024;65000;5
2644;39;24;02/09/2024;25000;4
3832;39;8;10/10/2024;30000;4
4574;39;4;06/11/2024;24000;5
4990;39;3;20/11/2024;22000;5
7744;39;2;24/02/2025;20000;4
9545;39;4;17/06/2025;24000;5
1300;39;4;30/04/2024;24000;5
2200;39;2;23/07/2024;20000;4
3272;39;22;22/09/2024;110000;4
9601;39;4;24/06/2025;24000;4
1570;39;6;23/05/2024;27000;5
4430;39;2;02/11/2024;20000;4
8231;39;3;09/03/2025;22000;4
2576;39;24;28/08/2024;25000;5
2877;39;23;09/09/2024;55000;4
4596;39;3;07/11/2024;22000;4
8663;39;4;24/03/2025;24000;4
8811;39;1;30/03/2025;18000;4
4246;39;3;26/10/2024;22000;4
4268;39;3;27/10/2024;22000;4
9915;39;3;05/08/2025;22000;4
174;40;12;19/01/2024;22000;4
781;40;14;12/03/2024;28000;5
1083;40;15;09/04/2024;30000;4
2912;40;22;10/09/2024;110000;4
4547;40;6;05/11/2024;27000;5
5226;40;4;29/11/2024;24000;4
5386;40;3;03/12/2024;22000;5
5997;40;14;24/12/2024;28000;5
7987;40;2;02/03/2025;20000;4
9947;40;4;08/08/2025;24000;4
740;40;11;09/03/2024;25000;4
1340;40;25;02/05/2024;75000;4
3407;40;24;26/09/2024;25000;4
5539;40;9;08/12/2024;30000;5
6205;40;14;31/12/2024;28000;4
9799;40;2;21/07/2025;20000;5
1191;40;3;21/04/2024;22000;5
1196;40;12;21/04/2024;22000;5
2529;40;24;25/08/2024;25000;4
2960;40;21;12/09/2024;65000;4
4448;40;8;02/11/2024;30000;5
4754;40;8;12/11/2024;30000;4
7077;40;4;31/01/2025;24000;4
4431;40;2;02/11/2024;20000;5
7005;40;2;29/01/2025;20000;4
3837;40;11;10/10/2024;25000;5
3858;40;10;11/10/2024;29000;4
9249;40;4;11/05/2025;24000;4
3162;40;21;19/09/2024;65000;5
5355;40;5;02/12/2024;27000;4
1030;41;12;05/04/2024;22000;5
2707;41;24;04/09/2024;25000;5
3045;41;23;15/09/2024;55000;5
3571;41;24;01/10/2024;25000;5
3646;41;5;04/10/2024;27000;4
3876;41;5;12/10/2024;27000;5
4307;41;4;28/10/2024;24000;4
4590;41;11;06/11/2024;25000;5
5845;41;14;19/12/2024;28000;5
7298;41;1;09/02/2025;18000;5
7833;41;3;27/02/2025;22000;5
8954;41;3;12/04/2025;22000;4
9555;41;2;19/06/2025;20000;4
10002;41;2;14/08/2025;20000;4
10163;41;3;05/09/2025;22000;5
10166;41;3;05/09/2025;22000;4
2098;41;15;14/07/2024;30000;4
2543;41;24;26/08/2024;25000;5
3040;41;22;15/09/2024;110000;5
4074;41;7;19/10/2024;29000;5
6355;41;14;05/01/2025;28000;5
8229;41;3;09/03/2025;22000;5
8359;41;3;14/03/2025;22000;4
9289;41;2;16/05/2025;20000;5
483;41;2;16/02/2024;20000;5
1013;41;4;03/04/2024;24000;5
2417;41;24;13/08/2024;25000;5
2829;41;21;08/09/2024;65000;4
3061;41;24;15/09/2024;25000;4
3365;41;22;25/09/2024;110000;5
3473;41;21;29/09/2024;65000;5
4693;41;8;10/11/2024;30000;4
7160;41;2;04/02/2025;20000;5
8312;41;3;12/03/2025;22000;5
7610;41;2;19/02/2025;20000;5
1479;41;27;14/05/2024;250000;5
2278;41;8;30/07/2024;30000;5
2480;41;24;19/08/2024;25000;4
1470;42;4;14/05/2024;24000;5
2301;42;18;01/08/2024;22000;4
2885;42;24;09/09/2024;25000;5
3224;42;24;20/09/2024;25000;4
4131;42;2;22/10/2024;20000;5
6298;42;14;04/01/2025;28000;4
7270;42;2;08/02/2025;20000;5
7358;42;1;11/02/2025;18000;5
9159;42;4;03/05/2025;24000;4
10148;42;4;03/09/2025;24000;5
27;42;24;03/01/2024;25000;5
1315;42;5;01/05/2024;27000;5
2282;42;20;30/07/2024;22000;4
2538;42;24;25/08/2024;25000;4
3098;42;22;17/09/2024;110000;4
4378;42;5;31/10/2024;27000;5
4456;42;9;02/11/2024;30000;5
4867;42;3;16/11/2024;22000;5
5021;42;6;21/11/2024;27000;4
5864;42;14;20/12/2024;28000;5
6297;42;14;04/01/2025;28000;4
7169;42;4;04/02/2025;24000;4
10160;42;1;05/09/2025;18000;4
908;42;6;25/03/2024;27000;5
1070;42;26;08/04/2024;175000;4
2371;42;24;09/08/2024;25000;4
2530;42;24;25/08/2024;25000;4
3336;42;22;24/09/2024;110000;4
7787;42;4;25/02/2025;24000;5
9875;42;4;01/08/2025;24000;4
3707;42;6;06/10/2024;27000;4
7142;42;4;03/02/2025;24000;4
7195;42;4;05/02/2025;24000;4
362;42;15;04/02/2024;30000;5
4281;42;6;27/10/2024;27000;4
7788;42;4;25/02/2025;24000;5
8642;42;1;24/03/2025;18000;5
3757;42;9;07/10/2024;30000;5
4170;42;5;23/10/2024;27000;4
7252;42;4;07/02/2025;24000;5
8514;42;2;19/03/2025;20000;5
8545;42;4;20/03/2025;24000;4
2001;43;19;05/07/2024;18000;4
2831;43;22;08/09/2024;110000;4
4001;43;9;16/10/2024;30000;5
4766;43;1;13/11/2024;18000;5
6012;43;14;25/12/2024;28000;5
6312;43;14;04/01/2025;28000;5
9358;43;3;24/05/2025;22000;4
9625;43;1;28/06/2025;18000;5
1478;43;22;14/05/2024;110000;5
2135;43;6;18/07/2024;27000;5
4080;43;10;19/10/2024;29000;5
4348;43;9;29/10/2024;30000;5
6006;43;14;24/12/2024;28000;4
6877;43;3;24/01/2025;22000;4
8337;43;4;13/03/2025;24000;4
8837;43;1;31/03/2025;18000;5
9237;43;1;11/05/2025;18000;5
9381;43;4;26/05/2025;24000;5
137;43;7;16/01/2024;29000;4
587;43;22;25/02/2024;110000;4
792;43;19;13/03/2024;18000;4
1144;43;9;15/04/2024;30000;5
1791;43;17;11/06/2024;27000;5
3281;43;23;22/09/2024;55000;4
4342;43;7;29/10/2024;29000;5
4453;43;9;02/11/2024;30000;4
4642;43;11;08/11/2024;25000;4
4652;43;2;09/11/2024;20000;5
8633;43;4;23/03/2025;24000;5
10180;43;1;07/09/2025;18000;5
10320;43;1;25/09/2025;18000;5
1886;43;7;23/06/2024;29000;4
5597;43;8;10/12/2024;30000;4
363;44;16;04/02/2024;28000;4
1079;44;11;09/04/2024;25000;5
1983;44;14;03/07/2024;28000;4
2886;44;24;09/09/2024;25000;5
3079;44;22;16/09/2024;110000;4
3827;44;7;10/10/2024;29000;4
4164;44;3;23/10/2024;22000;5
4812;44;5;14/11/2024;27000;5
5054;44;7;22/11/2024;29000;5
5089;44;11;23/11/2024;25000;4
5560;44;6;09/12/2024;27000;4
5969;44;14;23/12/2024;28000;5
6069;44;14;27/12/2024;28000;4
6791;44;2;21/01/2025;20000;4
7611;44;2;19/02/2025;20000;5
8172;44;4;07/03/2025;24000;4
8559;44;2;21/03/2025;20000;4
4;44;15;01/01/2024;30000;4
1565;44;28;22/05/2024;200000;5
2385;44;24;10/08/2024;25000;5
5048;44;5;22/11/2024;27000;4
5962;44;14;23/12/2024;28000;5
7286;44;3;08/02/2025;22000;5
7488;44;4;14/02/2025;24000;4
7850;44;3;27/02/2025;22000;5
8533;44;1;20/03/2025;18000;4
21;44;9;03/01/2024;30000;5
108;44;2;13/01/2024;20000;5
1668;44;7;02/06/2024;29000;5
4132;44;2;22/10/2024;20000;5
4151;44;10;22/10/2024;29000;4
4210;44;8;24/10/2024;30000;4
4391;44;3;01/11/2024;22000;4
5552;44;3;09/12/2024;22000;4
2615;44;24;01/09/2024;25000;4
626;44;4;01/03/2024;24000;4
7473;44;2;14/02/2025;20000;4
8941;44;4;10/04/2025;24000;5
2666;44;24;02/09/2024;25000;5
3964;44;3;15/10/2024;22000;5
4844;44;3;15/11/2024;22000;5
7503;44;3;15/02/2025;22000;5
2616;45;24;01/09/2024;25000;5
3489;45;22;29/09/2024;110000;4
3555;45;23;01/10/2024;55000;4
6408;45;14;07/01/2025;28000;4
8629;45;3;23/03/2025;22000;4
2105;45;20;15/07/2024;22000;5
3364;45;22;25/09/2024;110000;4
3593;45;10;02/10/2024;29000;5
3631;45;11;03/10/2024;25000;5
3753;45;8;07/10/2024;30000;4
5569;45;10;09/12/2024;29000;4
6096;45;14;28/12/2024;28000;5
6226;45;14;01/01/2025;28000;5
7699;45;3;22/02/2025;22000;4
8778;45;4;28/03/2025;24000;4
9790;45;2;20/07/2025;20000;4
10295;45;2;21/09/2025;20000;5
191;45;21;21/01/2024;65000;4
256;45;24;26/01/2024;25000;4
2635;45;24;01/09/2024;25000;5
2914;45;23;10/09/2024;55000;5
4780;45;5;13/11/2024;27000;4
5728;45;3;16/12/2024;22000;4
1435;45;14;10/05/2024;28000;5
2231;45;28;25/07/2024;200000;4
5646;45;7;12/12/2024;29000;4
10274;45;2;19/09/2025;20000;4
8258;45;4;10/03/2025;24000;4
3069;45;21;16/09/2024;65000;4
6640;45;1;16/01/2025;18000;4
8651;45;3;24/03/2025;22000;4
580;46;27;24/02/2024;250000;4
1647;46;6;31/05/2024;27000;4
2124;46;10;17/07/2024;29000;5
2819;46;24;07/09/2024;25000;4
6966;46;1;28/01/2025;18000;4
8979;46;1;15/04/2025;18000;5
714;46;5;07/03/2024;27000;4
1128;46;2;14/04/2024;20000;5
1480;46;28;14/05/2024;200000;4
1561;46;24;22/05/2024;25000;4
2085;46;14;13/07/2024;28000;5
2488;46;24;20/08/2024;25000;5
3108;46;23;17/09/2024;55000;4
3774;46;10;08/10/2024;29000;4
4332;46;1;29/10/2024;18000;4
4377;46;5;31/10/2024;27000;5
5460;46;4;06/12/2024;24000;5
8648;46;2;24/03/2025;20000;5
9365;46;2;25/05/2025;20000;5
9668;46;1;03/07/2025;18000;4
2074;46;10;12/07/2024;29000;5
2386;46;24;10/08/2024;25000;5
2441;46;24;15/08/2024;25000;5
3043;46;22;15/09/2024;110000;5
6303;46;14;04/01/2025;28000;4
688;46;24;04/03/2024;25000;4
2035;46;16;08/07/2024;28000;4
2876;46;23;09/09/2024;55000;5
3220;46;24;20/09/2024;25000;4
10037;46;2;20/08/2025;20000;4
4634;46;6;08/11/2024;27000;4
5108;46;11;24/11/2024;25000;4
9096;46;1;28/04/2025;18000;5
9425;46;2;31/05/2025;20000;4
7453;46;3;13/02/2025;22000;4
304;47;24;30/01/2024;25000;4
972;47;18;31/03/2024;22000;4
5272;47;9;30/11/2024;30000;5
5438;47;2;05/12/2024;20000;4
6307;47;14;04/01/2025;28000;4
8015;47;4;02/03/2025;24000;4
9758;47;3;15/07/2025;22000;4
663;47;9;03/03/2024;30000;4
1514;47;27;17/05/2024;250000;4
1859;47;12;20/06/2024;22000;4
2145;47;5;19/07/2024;27000;5
2983;47;21;13/09/2024;65000;5
4745;47;4;12/11/2024;24000;5
5672;47;10;13/12/2024;29000;4
9619;47;2;27/06/2025;20000;4
10212;47;2;12/09/2025;20000;5
1491;47;8;16/05/2024;30000;5
4728;47;10;11/11/2024;29000;5
3924;47;1;14/10/2024;18000;5
5538;47;9;08/12/2024;30000;4
9296;47;4;16/05/2025;24000;5
2019;47;13;07/07/2024;25000;4
2106;47;24;15/07/2024;25000;5
9362;47;1;25/05/2025;18000;5
447;48;12;13/02/2024;22000;5
1085;48;23;09/04/2024;55000;5
1722;48;1;06/06/2024;18000;5
2396;48;24;11/08/2024;25000;4
2414;48;24;12/08/2024;25000;4
2934;48;21;11/09/2024;65000;5
3104;48;23;17/09/2024;55000;4
4954;48;2;19/11/2024;20000;5
5041;48;3;22/11/2024;22000;5
5387;48;3;03/12/2024;22000;5
9471;48;2;07/06/2025;20000;4
9840;48;4;26/07/2025;24000;5
10073;48;4;23/08/2025;24000;5
2041;48;2;09/07/2024;20000;4
2718;48;24;04/09/2024;25000;5
5541;48;10;08/12/2024;29000;4
5562;48;7;09/12/2024;29000;5
7230;48;1;07/02/2025;18000;5
970;48;13;31/03/2024;25000;4
1571;48;9;23/05/2024;30000;4
1627;48;1;29/05/2024;18000;4
2870;48;22;09/09/2024;110000;5
3361;48;22;25/09/2024;110000;4
3252;48;24;21/09/2024;25000;5
6256;48;14;02/01/2025;28000;4
667;48;19;03/03/2024;18000;4
8260;48;4;10/03/2025;24000;4
8688;48;3;25/03/2025;22000;5
8705;48;2;26/03/2025;20000;4
9540;48;2;17/06/2025;20000;5
10343;48;4;26/09/2025;24000;5
1635;48;24;29/05/2024;25000;5
1064;49;11;08/04/2024;25000;4
1347;49;19;03/05/2024;18000;4
1367;49;20;04/05/2024;22000;4
2125;49;13;17/07/2024;25000;4
2248;49;8;27/07/2024;30000;5
2634;49;24;01/09/2024;25000;5
3752;49;7;07/10/2024;29000;5
4583;49;8;06/11/2024;30000;5
5400;49;8;03/12/2024;30000;5
7219;49;4;06/02/2025;24000;4
7601;49;4;18/02/2025;24000;5
8464;49;4;17/03/2025;24000;5
8617;49;2;23/03/2025;20000;4
8838;49;1;31/03/2025;18000;5
8859;49;4;31/03/2025;24000;5
9393;49;2;27/05/2025;20000;5
10184;49;2;07/09/2025;20000;4
80;49;8;10/01/2024;30000;4
405;49;14;09/02/2024;28000;4
422;49;20;10/02/2024;22000;5
594;49;3;26/02/2024;22000;5
680;49;14;04/03/2024;28000;5
2720;49;24;04/09/2024;25000;4
3464;49;24;28/09/2024;25000;5
3675;49;7;05/10/2024;29000;4
3851;49;7;11/10/2024;29000;5
5624;49;8;11/12/2024;30000;5
8333;49;3;13/03/2025;22000;5
8589;49;2;22/03/2025;20000;4
10371;49;2;30/09/2025;20000;5
2767;49;24;06/09/2024;25000;4
3332;49;22;24/09/2024;110000;5
3919;49;11;13/10/2024;25000;5
4751;49;6;12/11/2024;27000;4
7001;49;2;29/01/2025;20000;5
10333;49;4;25/09/2025;24000;5
4643;49;11;08/11/2024;25000;5
7411;49;2;12/02/2025;20000;4
2705;49;24;04/09/2024;25000;5
6079;49;14;27/12/2024;28000;4
745;49;22;09/03/2024;110000;5
1855;49;12;19/06/2024;22000;5
4095;49;8;20/10/2024;30000;5
9713;49;2;09/07/2025;20000;4
445;50;7;13/02/2024;29000;5
1516;50;10;18/05/2024;29000;4
6919;50;2;26/01/2025;20000;4
7280;50;3;08/02/2025;22000;4
9132;50;3;01/05/2025;22000;5
10373;50;3;30/09/2025;22000;5
1805;50;28;13/06/2024;200000;5
2284;50;1;31/07/2024;18000;5
4063;50;4;19/10/2024;24000;5
4253;50;6;26/10/2024;27000;4
5449;50;8;05/12/2024;30000;5
5958;50;14;23/12/2024;28000;4
6759;50;3;20/01/2025;22000;4
6951;50;2;27/01/2025;20000;4
8343;50;1;14/03/2025;18000;5
8860;50;4;31/03/2025;24000;4
9919;50;4;05/08/2025;24000;4
10078;50;3;24/08/2025;22000;4
10096;50;1;27/08/2025;18000;4
644;50;5;02/03/2024;27000;4
814;50;17;15/03/2024;27000;4
4717;50;5;11/11/2024;27000;4
4963;50;5;19/11/2024;27000;5
5587;50;4;10/12/2024;24000;4
8162;50;2;07/03/2025;20000;5
9830;50;3;25/07/2025;22000;4
2404;50;24;11/08/2024;25000;4
4546;50;6;05/11/2024;27000;4
7915;50;1;01/03/2025;18000;5
1354;50;3;04/05/2024;22000;5
9697;50;2;07/07/2025;20000;5
1649;50;17;31/05/2024;27000;5
3991;50;4;16/10/2024;24000;4
5824;50;5;19/12/2024;27000;5
8077;50;4;04/03/2025;24000;4
738;51;9;09/03/2024;30000;4
2010;51;5;06/07/2024;27000;4
5318;51;8;01/12/2024;30000;4
6634;51;4;15/01/2025;24000;5
7692;51;2;22/02/2025;20000;4
7735;51;1;24/02/2025;18000;4
9671;51;4;03/07/2025;24000;5
10116;51;4;29/08/2025;24000;4
501;51;25;17/02/2024;75000;5
559;51;9;23/02/2024;30000;4
2032;51;9;08/07/2024;30000;5
2159;51;12;20/07/2024;22000;5
3004;51;21;14/09/2024;65000;5
3091;51;21;17/09/2024;65000;4
3410;51;21;27/09/2024;65000;5
4203;51;6;24/10/2024;27000;4
4406;51;7;01/11/2024;29000;4
5406;51;2;04/12/2024;20000;4
5581;51;3;10/12/2024;22000;5
5981;51;14;24/12/2024;28000;4
6526;51;2;12/01/2025;20000;5
7111;51;3;02/02/2025;22000;5
7957;51;4;01/03/2025;24000;4
8713;51;3;26/03/2025;22000;5
9547;51;1;18/06/2025;18000;4
9640;51;1;30/06/2025;18000;5
10058;51;2;22/08/2025;20000;4
132;51;5;16/01/2024;27000;5
1210;51;18;22/04/2024;22000;5
1357;51;8;04/05/2024;30000;4
3558;51;23;01/10/2024;55000;4
4016;51;7;17/10/2024;29000;4
5546;51;2;09/12/2024;20000;5
8510;51;2;19/03/2025;20000;4
9721;51;2;10/07/2025;20000;4
10356;51;4;28/09/2025;24000;4
6141;51;14;29/12/2024;28000;4
2327;51;24;03/08/2024;25000;5
9781;51;3;19/07/2025;22000;5
1306;51;26;30/04/2024;175000;4
3890;51;9;12/10/2024;30000;4
5744;51;8;16/12/2024;30000;5
7471;51;1;14/02/2025;18000;5
7525;51;2;16/02/2025;20000;4
9380;51;3;26/05/2025;22000;5
1897;52;24;24/06/2024;25000;5
2110;52;9;16/07/2024;30000;4
3408;52;24;26/09/2024;25000;4
3644;52;5;04/10/2024;27000;5
4070;52;5;19/10/2024;27000;5
5005;52;10;20/11/2024;29000;4
5210;52;7;28/11/2024;29000;4
6811;52;1;22/01/2025;18000;4
7656;52;2;21/02/2025;20000;5
8271;52;2;11/03/2025;20000;5
9553;52;3;18/06/2025;22000;4
221;52;7;24/01/2024;29000;4
543;52;9;22/02/2024;30000;4
787;52;8;13/03/2024;30000;4
1163;52;20;17/04/2024;22000;4
1497;52;22;16/05/2024;110000;4
1821;52;9;15/06/2024;30000;4
2322;52;24;03/08/2024;25000;4
3090;52;21;17/09/2024;65000;5
3599;52;21;02/10/2024;65000;4
3711;52;7;06/10/2024;29000;5
5156;52;9;26/11/2024;30000;5
6065;52;14;26/12/2024;28000;5
6665;52;4;16/01/2025;24000;4
8810;52;4;29/03/2025;24000;4
10135;52;1;03/09/2025;18000;5
1042;52;15;06/04/2024;30000;4
1117;52;2;13/04/2024;20000;5
1240;52;27;24/04/2024;250000;4
1763;52;8;09/06/2024;30000;4
2176;52;13;21/07/2024;25000;4
2527;52;24;24/08/2024;25000;4
2607;52;24;31/08/2024;25000;4
2951;52;23;11/09/2024;55000;5
3089;52;21;17/09/2024;65000;4
3287;52;24;22/09/2024;25000;4
4171;52;5;23/10/2024;27000;4
4435;52;4;02/11/2024;24000;5
4587;52;11;06/11/2024;25000;4
4688;52;7;10/11/2024;29000;5
6327;52;14;05/01/2025;28000;4
6666;52;4;16/01/2025;24000;5
3633;52;11;03/10/2024;25000;4
2055;52;15;10/07/2024;30000;5
5955;52;14;23/12/2024;28000;5
5996;52;14;24/12/2024;28000;5
6040;52;14;26/12/2024;28000;4
6795;52;2;21/01/2025;20000;5
9515;52;1;14/06/2025;18000;5
3616;52;4;03/10/2024;24000;4
3293;53;21;23/09/2024;65000;5
3324;53;24;23/09/2024;25000;4
8304;53;2;12/03/2025;20000;4
430;53;17;11/02/2024;27000;5
1415;53;6;09/05/2024;27000;5
2364;53;24;08/08/2024;25000;4
3093;53;21;17/09/2024;65000;5
3190;53;24;19/09/2024;25000;5
3430;53;24;27/09/2024;25000;5
3885;53;8;12/10/2024;30000;5
5781;53;1;18/12/2024;18000;4
6299;53;14;04/01/2025;28000;4
6699;53;2;18/01/2025;20000;4
7024;53;4;29/01/2025;24000;4
7826;53;1;27/02/2025;18000;5
7904;53;4;28/02/2025;24000;4
9243;53;3;11/05/2025;22000;5
1095;53;7;10/04/2024;29000;5
3274;53;23;22/09/2024;55000;4
4965;53;6;19/11/2024;27000;4
7895;53;3;28/02/2025;22000;4
701;53;19;05/03/2024;18000;4
3202;53;21;20/09/2024;65000;5
1963;53;26;01/07/2024;175000;5
3307;53;23;23/09/2024;55000;4
7198;53;1;06/02/2025;18000;5
3133;53;22;18/09/2024;110000;4
10145;53;4;03/09/2025;24000;4
1291;54;22;28/04/2024;110000;5
3569;54;24;01/10/2024;25000;5
3971;54;7;15/10/2024;29000;4
4152;54;10;22/10/2024;29000;5
4425;54;1;02/11/2024;18000;4
6331;54;14;05/01/2025;28000;5
7403;54;2;12/02/2025;20000;4
8061;54;2;04/03/2025;20000;4
8128;54;1;06/03/2025;18000;5
8347;54;1;14/03/2025;18000;5
8366;54;4;14/03/2025;24000;5
8921;54;2;07/04/2025;20000;4
9109;54;1;30/04/2025;18000;5
1130;54;9;14/04/2024;30000;4
1625;54;26;28/05/2024;175000;4
2778;54;24;06/09/2024;25000;4
5176;54;5;27/11/2024;27000;4
6591;54;1;14/01/2025;18000;4
7740;54;1;24/02/2025;18000;4
8135;54;2;06/03/2025;20000;5
8249;54;2;10/03/2025;20000;4
8548;54;4;20/03/2025;24000;5
8842;54;2;31/03/2025;20000;4
9104;54;4;28/04/2025;24000;4
1168;54;10;18/04/2024;29000;5
2539;54;24;25/08/2024;25000;5
4701;54;10;10/11/2024;29000;5
4796;54;10;13/11/2024;29000;5
7912;54;1;01/03/2025;18000;5
8349;54;1;14/03/2025;18000;5
8923;54;4;07/04/2025;24000;5
10318;54;4;24/09/2025;24000;4
3639;54;2;04/10/2024;20000;4
5710;54;6;15/12/2024;27000;5
8145;54;3;06/03/2025;22000;5
8975;54;3;14/04/2025;22000;5
3049;54;23;15/09/2024;55000;5
3096;54;22;17/09/2024;110000;4
5209;54;5;28/11/2024;27000;4
2405;54;24;12/08/2024;25000;5
7775;54;2;25/02/2025;20000;4
963;55;2;31/03/2024;20000;5
1601;55;17;26/05/2024;27000;5
3682;55;8;05/10/2024;30000;5
4761;55;9;12/11/2024;30000;5
5407;55;3;04/12/2024;22000;5
7096;55;4;01/02/2025;24000;5
7474;55;2;14/02/2025;20000;4
9391;55;2;27/05/2025;20000;5
557;55;6;23/02/2024;27000;5
2025;55;25;07/07/2024;75000;5
2976;55;24;12/09/2024;25000;4
3715;55;9;06/10/2024;30000;4
4769;55;2;13/11/2024;20000;4
5899;55;14;21/12/2024;28000;5
6339;55;14;05/01/2025;28000;5
10222;55;1;13/09/2025;18000;4
401;55;6;09/02/2024;27000;4
677;55;7;04/03/2024;29000;4
1125;55;25;13/04/2024;75000;4
4404;55;6;01/11/2024;27000;4
4471;55;4;03/11/2024;24000;4
120;55;22;14/01/2024;110000;5
1768;55;2;10/06/2024;20000;5
4494;55;1;04/11/2024;18000;5
1327;55;24;01/05/2024;25000;5
4710;55;1;11/11/2024;18000;4
5324;55;9;01/12/2024;30000;4
8228;55;3;09/03/2025;22000;4
8487;55;4;18/03/2025;24000;4
8906;55;2;05/04/2025;20000;4
658;56;27;02/03/2024;250000;4
1088;56;26;09/04/2024;175000;4
3238;56;22;21/09/2024;110000;4
4514;56;10;04/11/2024;29000;4
6000;56;14;24/12/2024;28000;5
9692;56;4;05/07/2025;24000;5
1262;56;23;26/04/2024;55000;5
2653;56;24;02/09/2024;25000;4
2677;56;24;03/09/2024;25000;5
3584;56;4;02/10/2024;24000;5
6154;56;14;29/12/2024;28000;5
6855;56;4;23/01/2025;24000;5
7285;56;3;08/02/2025;22000;5
7458;56;4;13/02/2025;24000;4
10006;56;3;14/08/2025;22000;5
1594;56;26;25/05/2024;175000;5
2077;56;16;12/07/2024;28000;4
3572;56;24;01/10/2024;25000;4
3780;56;2;09/10/2024;20000;4
3781;56;2;09/10/2024;20000;5
6239;56;14;02/01/2025;28000;5
18;56;6;03/01/2024;27000;5
5271;56;8;30/11/2024;30000;5
6086;56;14;27/12/2024;28000;5
9105;56;1;29/04/2025;18000;4
1258;56;16;26/04/2024;28000;5
3360;56;22;25/09/2024;110000;5
7742;56;2;24/02/2025;20000;4
298;56;16;30/01/2024;28000;5
6683;56;3;17/01/2025;22000;4
8030;56;1;03/03/2025;18000;4
9081;56;4;25/04/2025;24000;4
812;57;9;15/03/2024;30000;5
1310;57;28;30/04/2024;200000;4
1567;57;1;23/05/2024;18000;5
1580;57;7;24/05/2024;29000;4
1689;57;20;03/06/2024;22000;5
3658;57;8;04/10/2024;30000;4
4301;57;1;28/10/2024;18000;5
6289;57;14;03/01/2025;28000;5
6726;57;2;19/01/2025;20000;5
7092;57;3;01/02/2025;22000;5
7145;57;4;03/02/2025;24000;5
8691;57;3;25/03/2025;22000;5
9143;57;1;02/05/2025;18000;4
2031;57;9;08/07/2024;30000;5
2897;57;21;10/09/2024;65000;5
3086;57;24;16/09/2024;25000;4
4632;57;5;08/11/2024;27000;4
6089;57;14;28/12/2024;28000;4
6765;57;3;20/01/2025;22000;5
7375;57;3;11/02/2025;22000;5
7726;57;4;23/02/2025;24000;4
8672;57;1;25/03/2025;18000;4
13;57;22;02/01/2024;110000;5
228;57;16;24/01/2024;28000;5
665;57;10;03/03/2024;29000;5
1289;57;15;28/04/2024;30000;5
1671;57;11;02/06/2024;25000;4
3950;57;9;14/10/2024;30000;5
3118;57;21;18/09/2024;65000;5
3243;57;22;21/09/2024;110000;4
7917;57;1;01/03/2025;18000;4
3235;57;22;21/09/2024;110000;5
4763;57;11;12/11/2024;25000;5
8639;57;1;24/03/2025;18000;5
8367;57;4;14/03/2025;24000;4
9415;57;3;30/05/2025;22000;5
372;58;28;05/02/2024;200000;4
1461;58;12;13/05/2024;22000;5
4116;58;7;21/10/2024;29000;5
5712;58;7;15/12/2024;29000;5
5808;58;10;18/12/2024;29000;4
6175;58;14;31/12/2024;28000;4
7038;58;3;30/01/2025;22000;4
7562;58;4;17/02/2025;24000;5
8846;58;2;31/03/2025;20000;5
9602;58;4;24/06/2025;24000;5
9785;58;4;19/07/2025;24000;4
9834;58;2;26/07/2025;20000;4
611;58;12;27/02/2024;22000;4
924;58;14;27/03/2024;28000;5
3328;58;21;24/09/2024;65000;5
3371;58;23;25/09/2024;55000;4
3375;58;24;25/09/2024;25000;5
4211;58;9;24/10/2024;30000;4
5242;58;8;29/11/2024;30000;4
5330;58;10;01/12/2024;29000;4
6467;58;14;09/01/2025;28000;5
7191;58;4;05/02/2025;24000;5
7631;58;1;20/02/2025;18000;5
181;58;3;20/01/2024;22000;5
510;58;10;19/02/2024;29000;5
1489;58;26;15/05/2024;175000;5
1753;58;14;08/06/2024;28000;4
2304;58;22;01/08/2024;110000;5
2810;58;24;07/09/2024;25000;4
3443;58;21;28/09/2024;65000;5
4329;58;11;28/10/2024;25000;4
4808;58;4;14/11/2024;24000;4
5891;58;14;21/12/2024;28000;5
540;58;2;22/02/2024;20000;5
4006;58;11;16/10/2024;25000;5
8193;58;2;08/03/2025;20000;4
3169;58;22;19/09/2024;110000;4
4750;58;6;12/11/2024;27000;4
7578;58;1;18/02/2025;18000;5
3601;58;21;02/10/2024;65000;4
209;59;16;23/01/2024;28000;4
288;59;1;30/01/2024;18000;4
1275;59;24;27/04/2024;25000;5
1948;59;9;01/07/2024;30000;5
2442;59;24;15/08/2024;25000;5
2533;59;24;25/08/2024;25000;5
3259;59;21;22/09/2024;65000;5
3754;59;8;07/10/2024;30000;5
3911;59;6;13/10/2024;27000;5
4127;59;1;22/10/2024;18000;5
5433;59;1;05/12/2024;18000;4
7162;59;3;04/02/2025;22000;5
8381;59;1;15/03/2025;18000;4
8673;59;1;25/03/2025;18000;4
8788;59;2;29/03/2025;20000;4
8843;59;2;31/03/2025;20000;5
2917;59;23;10/09/2024;55000;4
2930;59;24;10/09/2024;25000;4
3898;59;2;13/10/2024;20000;5
5256;59;2;30/11/2024;20000;4
5383;59;2;03/12/2024;20000;5
6442;59;14;08/01/2025;28000;4
45;59;20;05/01/2024;22000;5
2048;59;20;09/07/2024;22000;5
2698;59;24;04/09/2024;25000;4
2780;59;24;06/09/2024;25000;4
2803;59;24;07/09/2024;25000;4
2910;59;22;10/09/2024;110000;5
4046;59;8;18/10/2024;30000;4
4906;59;10;17/11/2024;29000;5
5549;59;2;09/12/2024;20000;5
5942;59;14;22/12/2024;28000;4
5945;59;14;23/12/2024;28000;4
8150;59;1;07/03/2025;18000;5
275;59;16;28/01/2024;28000;5
2057;59;16;10/07/2024;28000;4
8480;59;3;18/03/2025;22000;5
9876;59;4;01/08/2025;24000;5
4284;59;7;27/10/2024;29000;5
4418;59;10;01/11/2024;29000;4
569;60;5;24/02/2024;27000;4
653;60;21;02/03/2024;65000;5
1164;60;24;17/04/2024;25000;4
2708;60;24;04/09/2024;25000;5
3568;60;24;01/10/2024;25000;4
3585;60;6;02/10/2024;27000;4
4572;60;4;06/11/2024;24000;5
6706;60;3;18/01/2025;22000;4
7139;60;4;03/02/2025;24000;5
8103;60;3;05/03/2025;22000;5
9893;60;4;03/08/2025;24000;4
10125;60;4;31/08/2025;24000;5
485;60;4;16/02/2024;24000;5
992;60;4;02/04/2024;24000;5
1080;60;12;09/04/2024;22000;5
1432;60;11;10/05/2024;25000;5
3290;60;24;22/09/2024;25000;5
3399;60;23;26/09/2024;55000;5
3606;60;23;02/10/2024;55000;5
5776;60;11;17/12/2024;25000;4
5873;60;14;20/12/2024;28000;5
7209;60;2;06/02/2025;20000;4
8079;60;4;04/03/2025;24000;4
10236;60;1;14/09/2025;18000;5
350;60;7;03/02/2024;29000;5
3974;60;9;15/10/2024;30000;4
4845;60;4;15/11/2024;24000;4
8321;60;1;13/03/2025;18000;5
9842;60;2;27/07/2025;20000;4
1485;60;12;15/05/2024;22000;5
6848;60;3;23/01/2025;22000;5
7420;60;3;12/02/2025;22000;4
5948;60;14;23/12/2024;28000;4
7835;60;3;27/02/2025;22000;4
489;60;12;16/02/2024;22000;5
1630;60;9;29/05/2024;30000;5
3514;60;22;30/09/2024;110000;4
5371;60;10;02/12/2024;29000;4
5964;60;14;23/12/2024;28000;4
2321;61;24;03/08/2024;25000;5
4084;61;1;20/10/2024;18000;4
4213;61;9;24/10/2024;30000;4
5600;61;9;10/12/2024;30000;5
5639;61;5;12/12/2024;27000;5
6736;61;3;19/01/2025;22000;5
6980;61;3;28/01/2025;22000;4
7082;61;2;01/02/2025;20000;5
7767;61;2;25/02/2025;20000;5
7980;61;2;02/03/2025;20000;5
8532;61;1;20/03/2025;18000;5
8982;61;3;15/04/2025;22000;5
250;61;16;26/01/2024;28000;5
933;61;25;28/03/2024;75000;5
2219;61;24;24/07/2024;25000;5
2554;61;24;26/08/2024;25000;5
3026;61;24;14/09/2024;25000;5
5490;61;5;07/12/2024;27000;5
5941;61;14;22/12/2024;28000;4
6422;61;14;08/01/2025;28000;4
8374;61;1;15/03/2025;18000;4
9533;61;1;16/06/2025;18000;5
9810;61;2;23/07/2025;20000;5
511;61;12;19/02/2024;22000;4
951;61;9;30/03/2024;30000;5
1720;61;28;05/06/2024;200000;4
2620;61;24;01/09/2024;25000;5
2678;61;24;03/09/2024;25000;5
3670;61;4;05/10/2024;24000;4
4664;61;7;09/11/2024;29000;5
6371;61;14;06/01/2025;28000;4
2222;61;26;24/07/2024;175000;5
6800;61;3;21/01/2025;22000;4
7395;61;1;12/02/2025;18000;5
8932;61;2;09/04/2025;20000;4
6335;61;14;05/01/2025;28000;5
6837;61;2;23/01/2025;20000;5
9077;61;2;25/04/2025;20000;4
95;61;22;11/01/2024;110000;5
400;61;5;09/02/2024;27000;5
385;62;14;07/02/2024;28000;4
1399;62;9;08/05/2024;30000;4
1456;62;24;12/05/2024;25000;5
1719;62;28;05/06/2024;200000;5
2381;62;24;10/08/2024;25000;5
2512;62;24;22/08/2024;25000;5
2790;62;21;07/09/2024;65000;5
2999;62;24;13/09/2024;25000;5
4187;62;9;23/10/2024;30000;4
5829;62;9;19/12/2024;30000;5
7783;62;3;25/02/2025;22000;5
8219;62;2;09/03/2025;20000;5
9921;62;1;06/08/2025;18000;4
1220;62;4;23/04/2024;24000;5
1257;62;16;26/04/2024;28000;5
4061;62;4;19/10/2024;24000;4
6850;62;3;23/01/2025;22000;4
7331;62;1;10/02/2025;18000;5
8024;62;1;03/03/2025;18000;5
8879;62;3;02/04/2025;22000;5
9859;62;1;30/07/2025;18000;5
102;62;17;12/01/2024;27000;4
1633;62;20;29/05/2024;22000;5
3817;62;4;10/10/2024;24000;5
6055;62;14;26/12/2024;28000;5
2202;62;3;23/07/2024;22000;5
3689;62;9;05/10/2024;30000;5
4586;62;10;06/11/2024;29000;4
6672;62;2;17/01/2025;20000;5
7779;62;3;25/02/2025;22000;5
8754;62;2;28/03/2025;20000;4
5550;62;3;09/12/2024;22000;4
3078;62;22;16/09/2024;110000;5
4755;62;8;12/11/2024;30000;4
5862;62;14;20/12/2024;28000;4
1600;63;12;26/05/2024;22000;5
1739;63;2;07/06/2024;20000;5
2448;63;24;16/08/2024;25000;5
3192;63;24;19/09/2024;25000;4
3583;63;4;02/10/2024;24000;5
3656;63;8;04/10/2024;30000;4
3977;63;9;15/10/2024;30000;4
5102;63;7;24/11/2024;29000;5
5240;63;8;29/11/2024;30000;5
6490;63;14;10/01/2025;28000;5
6994;63;1;29/01/2025;18000;5
8606;63;1;23/03/2025;18000;4
9287;63;1;16/05/2025;18000;4
9500;63;1;12/06/2025;18000;5
627;63;6;01/03/2024;27000;5
1443;63;20;11/05/2024;22000;5
2005;63;24;05/07/2024;25000;4
2038;63;25;08/07/2024;75000;5
3400;63;23;26/09/2024;55000;5
4848;63;5;15/11/2024;27000;5
7897;63;3;28/02/2025;22000;5
10014;63;1;16/08/2025;18000;4
124;63;7;15/01/2024;29000;4
919;63;23;26/03/2024;55000;5
2389;63;24;10/08/2024;25000;5
3303;63;22;23/09/2024;110000;5
3317;63;24;23/09/2024;25000;5
4577;63;5;06/11/2024;27000;4
5711;63;6;15/12/2024;27000;5
8186;63;2;08/03/2025;20000;4
8279;63;3;11/03/2025;22000;5
4981;63;1;20/11/2024;18000;5
7172;63;4;04/02/2025;24000;4
10147;63;4;03/09/2025;24000;4
7658;63;2;21/02/2025;20000;5
403;64;11;09/02/2024;25000;5
645;64;7;02/03/2024;29000;5
768;64;14;11/03/2024;28000;4
2652;64;24;02/09/2024;25000;4
2907;64;22;10/09/2024;110000;5
5866;64;14;20/12/2024;28000;4
7570;64;1;18/02/2025;18000;5
7902;64;4;28/02/2025;24000;5
8674;64;1;25/03/2025;18000;5
9126;64;2;01/05/2025;20000;4
9982;64;3;12/08/2025;22000;4
2028;64;3;08/07/2024;22000;5
2852;64;21;09/09/2024;65000;4
3643;64;5;04/10/2024;27000;4
4075;64;8;19/10/2024;30000;4
4412;64;9;01/11/2024;30000;4
6381;64;14;06/01/2025;28000;4
8195;64;2;08/03/2025;20000;5
8968;64;3;13/04/2025;22000;4
10038;64;2;20/08/2025;20000;5
10136;64;1;03/09/2025;18000;4
839;64;24;17/03/2024;25000;4
1226;64;19;23/04/2024;18000;4
2088;64;22;13/07/2024;110000;5
2253;64;27;27/07/2024;250000;5
3488;64;22;29/09/2024;110000;5
3553;64;23;01/10/2024;55000;5
9948;64;4;08/08/2025;24000;5
2445;64;24;16/08/2024;25000;5
2922;64;23;10/09/2024;55000;5
3515;64;22;30/09/2024;110000;5
8502;64;1;19/03/2025;18000;5
9937;64;3;07/08/2025;22000;5
3095;64;22;17/09/2024;110000;4
5521;64;4;08/12/2024;24000;4
9575;64;1;22/06/2025;18000;4
1761;64;3;09/06/2024;22000;4
5199;64;2;28/11/2024;20000;4
6212;64;14;01/01/2025;28000;5
7390;64;4;11/02/2025;24000;4
898;65;11;24/03/2024;25000;4
1011;65;3;03/04/2024;22000;4
1102;65;4;11/04/2024;24000;4
1462;65;13;13/05/2024;25000;5
1814;65;19;14/06/2024;18000;4
2017;65;2;07/07/2024;20000;5
2580;65;24;28/08/2024;25000;4
2840;65;23;08/09/2024;55000;5
4199;65;4;24/10/2024;24000;4
4871;65;3;16/11/2024;22000;4
6788;65;2;21/01/2025;20000;4
8041;65;3;03/03/2025;22000;5
9084;65;1;26/04/2025;18000;5
79;65;8;10/01/2024;30000;5
521;65;15;20/02/2024;30000;5
750;65;10;10/03/2024;29000;5
876;65;27;21/03/2024;250000;5
1414;65;5;09/05/2024;27000;4
1757;65;19;08/06/2024;18000;4
2516;65;24;23/08/2024;25000;4
3226;65;21;21/09/2024;65000;5
3765;65;2;08/10/2024;20000;4
4053;65;11;18/10/2024;25000;5
4237;65;11;25/10/2024;25000;5
4790;65;8;13/11/2024;30000;5
5007;65;11;20/11/2024;25000;5
5431;65;11;04/12/2024;25000;5
7626;65;4;19/02/2025;24000;5
8240;65;1;10/03/2025;18000;4
8387;65;2;15/03/2025;20000;4
8446;65;2;17/03/2025;20000;5
8463;65;4;17/03/2025;24000;5
9075;65;2;25/04/2025;20000;5
9675;65;4;03/07/2025;24000;5
10154;65;3;04/09/2025;22000;5
340;65;7;02/02/2024;29000;4
1081;65;13;09/04/2024;25000;4
1145;65;9;15/04/2024;30000;5
2744;65;24;05/09/2024;25000;5
2978;65;24;12/09/2024;25000;4
3333;65;22;24/09/2024;110000;4
3445;65;21;28/09/2024;65000;4
3609;65;24;02/10/2024;25000;4
3868;65;2;12/10/2024;20000;4
3944;65;7;14/10/2024;29000;4
6320;65;14;04/01/2025;28000;5
10155;65;3;04/09/2025;22000;4
3154;65;24;18/09/2024;25000;4
5905;65;14;21/12/2024;28000;4
1885;65;1;23/06/2024;18000;4
5120;65;5;25/11/2024;27000;5
5454;65;11;05/12/2024;25000;4
162;65;11;18/01/2024;25000;4
3187;65;24;19/09/2024;25000;5
286;66;26;29/01/2024;175000;4
711;66;28;06/03/2024;200000;5
836;66;12;17/03/2024;22000;5
1389;66;4;07/05/2024;24000;4
1552;66;27;21/05/2024;250000;4
2345;66;24;06/08/2024;25000;5
2777;66;24;06/09/2024;25000;5
4735;66;11;11/11/2024;25000;4
6370;66;14;06/01/2025;28000;4
6592;66;1;14/01/2025;18000;5
7362;66;1;11/02/2025;18000;5
7363;66;2;11/02/2025;20000;5
9983;66;3;12/08/2025;22000;5
320;66;2;01/02/2024;20000;4
577;66;17;24/02/2024;27000;5
932;66;19;28/03/2024;18000;5
1208;66;10;22/04/2024;29000;5
3654;66;7;04/10/2024;29000;4
3883;66;8;12/10/2024;30000;5
4892;66;5;17/11/2024;27000;4
4989;66;3;20/11/2024;22000;4
6544;66;3;12/01/2025;22000;4
9688;66;2;05/07/2025;20000;4
10323;66;2;25/09/2025;20000;5
352;66;9;03/02/2024;30000;4
4451;66;9;02/11/2024;30000;5
4839;66;2;15/11/2024;20000;5
6906;66;4;25/01/2025;24000;5
8303;66;2;12/03/2025;20000;4
9372;66;4;25/05/2025;24000;5
9766;66;2;17/07/2025;20000;4
2506;66;24;22/08/2024;25000;5
3468;66;24;28/09/2024;25000;5
4682;66;4;10/11/2024;24000;5
5046;66;3;22/11/2024;22000;5
4647;66;1;09/11/2024;18000;5
530;66;16;21/02/2024;28000;5
3075;66;22;16/09/2024;110000;4
3270;66;22;22/09/2024;110000;4
4496;66;2;04/11/2024;20000;5
7333;66;2;10/02/2025;20000;5
621;67;24;28/02/2024;25000;5
1762;67;5;09/06/2024;27000;4
2916;67;23;10/09/2024;55000;5
2945;67;22;11/09/2024;110000;4
3039;67;22;15/09/2024;110000;5
3331;67;22;24/09/2024;110000;4
3428;67;23;27/09/2024;55000;4
3821;67;5;10/10/2024;27000;5
5251;67;11;29/11/2024;25000;5
6704;67;2;18/01/2025;20000;4
7935;67;2;01/03/2025;20000;4
9051;67;3;22/04/2025;22000;5
492;67;17;16/02/2024;27000;5
2400;67;24;11/08/2024;25000;4
3608;67;24;02/10/2024;25000;4
4904;67;9;17/11/2024;30000;4
5100;67;6;24/11/2024;27000;5
5508;67;1;08/12/2024;18000;4
8407;67;1;16/03/2025;18000;5
8819;67;2;30/03/2025;20000;4
9635;67;3;29/06/2025;22000;4
269;67;20;27/01/2024;22000;4
338;67;5;02/02/2024;27000;4
428;67;12;11/02/2024;22000;4
6531;67;2;12/01/2025;20000;5
10261;67;1;18/09/2025;18000;4
6340;67;14;05/01/2025;28000;4
6798;67;3;21/01/2025;22000;5
5943;67;14;22/12/2024;28000;5
258;67;26;26/01/2024;175000;5
1134;67;12;14/04/2024;22000;4
2505;67;24;22/08/2024;25000;5
3706;67;5;06/10/2024;27000;4
4899;67;6;17/11/2024;27000;5
6454;67;14;09/01/2025;28000;4
662;68;4;03/03/2024;24000;5
1397;68;28;07/05/2024;200000;5
1898;68;24;24/06/2024;25000;4
2896;68;21;10/09/2024;65000;5
3756;68;9;07/10/2024;30000;5
6134;68;14;29/12/2024;28000;4
6520;68;1;12/01/2025;18000;4
8311;68;3;12/03/2025;22000;4
8597;68;3;22/03/2025;22000;4
9015;68;4;18/04/2025;24000;4
9741;68;2;13/07/2025;20000;5
10018;68;4;16/08/2025;24000;5
8;68;2;02/01/2024;20000;5
301;68;23;30/01/2024;55000;5
865;68;1;21/03/2024;18000;5
3696;68;1;06/10/2024;18000;5
4571;68;3;06/11/2024;22000;5
4684;68;5;10/11/2024;27000;5
5067;68;1;23/11/2024;18000;4
5263;68;3;30/11/2024;22000;5
6434;68;14;08/01/2025;28000;5
6438;68;14;08/01/2025;28000;5
6853;68;4;23/01/2025;24000;4
8527;68;4;19/03/2025;24000;5
9087;68;3;26/04/2025;22000;4
9093;68;3;27/04/2025;22000;5
9136;68;4;01/05/2025;24000;5
9657;68;4;01/07/2025;24000;4
9682;68;4;04/07/2025;24000;4
2062;68;9;11/07/2024;30000;5
2223;68;3;25/07/2024;22000;5
3811;68;2;10/10/2024;20000;4
4330;68;11;28/10/2024;25000;4
6631;68;4;15/01/2025;24000;4
7204;68;1;06/02/2025;18000;4
7872;68;3;28/02/2025;22000;4
9882;68;3;02/08/2025;22000;5
2640;68;24;02/09/2024;25000;5
4497;68;2;04/11/2024;20000;4
4555;68;8;05/11/2024;30000;4
6851;68;4;23/01/2025;24000;4
146;68;1;17/01/2024;18000;5
1797;68;14;12/06/2024;28000;4
3055;68;24;15/09/2024;25000;4
625;68;4;01/03/2024;24000;4
6407;68;14;07/01/2025;28000;4
7183;68;2;05/02/2025;20000;4
7218;68;3;06/02/2025;22000;5
1802;69;20;13/06/2024;22000;4
2702;69;24;04/09/2024;25000;4
3591;69;9;02/10/2024;30000;5
3634;69;1;04/10/2024;18000;5
3835;69;10;10/10/2024;29000;4
7425;69;3;12/02/2025;22000;4
9832;69;4;25/07/2025;24000;5
10367;69;1;30/09/2025;18000;5
10382;69;1;01/10/2025;18000;4
175;69;14;19/01/2024;28000;5
554;69;27;22/02/2024;250000;5
2187;69;4;22/07/2024;24000;4
2548;69;24;26/08/2024;25000;5
2633;69;24;01/09/2024;25000;4
3356;69;21;25/09/2024;65000;5
4190;69;10;23/10/2024;29000;5
4526;69;1;05/11/2024;18000;4
4852;69;8;15/11/2024;30000;4
7148;69;1;04/02/2025;18000;4
7841;69;3;27/02/2025;22000;5
8072;69;3;04/03/2025;22000;4
8621;69;2;23/03/2025;20000;4
9043;69;4;21/04/2025;24000;5
52;69;15;06/01/2024;30000;5
678;69;12;04/03/2024;22000;4
1149;69;20;15/04/2024;22000;4
2270;69;23;29/07/2024;55000;4
6603;69;3;14/01/2025;22000;5
10069;69;2;23/08/2025;20000;4
6721;69;1;19/01/2025;18000;4
6955;69;3;27/01/2025;22000;5
7604;69;1;19/02/2025;18000;5
1508;69;20;17/05/2024;22000;4
3294;69;21;23/09/2024;65000;5
5896;69;14;21/12/2024;28000;4
7846;69;3;27/02/2025;22000;4
10225;69;2;13/09/2025;20000;4
8584;69;1;22/03/2025;18000;5
2328;70;24;03/08/2024;25000;4
4366;70;10;30/10/2024;29000;4
5197;70;1;28/11/2024;18000;5
5553;70;4;09/12/2024;24000;5
5934;70;14;22/12/2024;28000;5
6224;70;14;01/01/2025;28000;5
6321;70;14;04/01/2025;28000;4
8481;70;3;18/03/2025;22000;4
9008;70;1;18/04/2025;18000;5
9823;70;3;24/07/2025;22000;4
10062;70;3;22/08/2025;22000;4
1417;70;12;09/05/2024;22000;5
1586;70;20;24/05/2024;22000;5
2279;70;11;30/07/2024;25000;5
2940;70;22;11/09/2024;110000;5
3871;70;4;12/10/2024;24000;5
3906;70;5;13/10/2024;27000;4
5306;70;6;01/12/2024;27000;5
6686;70;4;17/01/2025;24000;5
7193;70;4;05/02/2025;24000;4
8273;70;2;11/03/2025;20000;4
8431;70;4;16/03/2025;24000;5
9383;70;4;26/05/2025;24000;4
3271;70;22;22/09/2024;110000;5
3914;70;7;13/10/2024;29000;5
5655;70;11;12/12/2024;25000;5
8298;70;1;12/03/2025;18000;5
8913;70;1;06/04/2025;18000;5
141;70;14;16/01/2024;28000;5
1227;70;20;23/04/2024;22000;5
5377;70;1;03/12/2024;18000;4
5421;70;8;04/12/2024;30000;4
5730;70;3;16/12/2024;22000;5
9621;70;3;27/06/2025;22000;4
9883;70;3;02/08/2025;22000;5
1772;70;12;10/06/2024;22000;5
3279;70;23;22/09/2024;55000;5
4569;70;3;06/11/2024;22000;4
105;71;21;12/01/2024;65000;4
3204;71;21;20/09/2024;65000;5
4738;71;2;12/11/2024;20000;4
7355;71;1;11/02/2025;18000;4
7448;71;3;13/02/2025;22000;5
10235;71;4;13/09/2025;24000;4
513;71;28;19/02/2024;200000;5
689;71;26;04/03/2024;175000;4
1674;71;14;02/06/2024;28000;4
1784;71;7;11/06/2024;29000;5
1835;71;12;16/06/2024;22000;5
5620;71;6;11/12/2024;27000;4
6139;71;14;29/12/2024;28000;4
7134;71;3;03/02/2025;22000;4
7210;71;2;06/02/2025;20000;4
7498;71;3;15/02/2025;22000;5
7928;71;2;01/03/2025;20000;5
8248;71;2;10/03/2025;20000;5
9478;71;3;08/06/2025;22000;4
10196;71;2;09/09/2025;20000;4
179;71;1;20/01/2024;18000;4
1845;71;26;17/06/2024;175000;5
2011;71;5;06/07/2024;27000;5
2216;71;20;24/07/2024;22000;4
2542;71;24;26/08/2024;25000;5
3668;71;2;05/10/2024;20000;5
3873;71;4;12/10/2024;24000;5
4409;71;8;01/11/2024;30000;4
4511;71;8;04/11/2024;30000;4
7013;71;3;29/01/2025;22000;5
6213;71;14;01/01/2025;28000;4
7645;71;3;20/02/2025;22000;5
1062;71;6;08/04/2024;27000;4
7076;71;4;31/01/2025;24000;4
8930;71;1;09/04/2025;18000;5
237;71;4;25/01/2024;24000;4
7016;71;3;29/01/2025;22000;5
331;72;23;01/02/2024;55000;4
855;72;9;19/03/2024;30000;5
1836;72;17;16/06/2024;27000;4
3037;72;21;15/09/2024;65000;4
3341;72;23;24/09/2024;55000;5
4154;72;11;22/10/2024;25000;5
6098;72;14;28/12/2024;28000;5
7033;72;2;30/01/2025;20000;4
9041;72;3;21/04/2025;22000;5
9607;72;2;25/06/2025;20000;5
1400;72;10;08/05/2024;29000;4
1733;72;18;06/06/2024;22000;4
1865;72;1;21/06/2024;18000;5
3348;72;24;24/09/2024;25000;4
3554;72;23;01/10/2024;55000;5
4582;72;8;06/11/2024;30000;4
4913;72;1;18/11/2024;18000;5
5059;72;11;22/11/2024;25000;4
6024;72;14;25/12/2024;28000;4
6650;72;3;16/01/2025;22000;5
7161;72;2;04/02/2025;20000;4
8435;72;1;17/03/2025;18000;4
8644;72;2;24/03/2025;20000;5
9345;72;3;23/05/2025;22000;5
10164;72;3;05/09/2025;22000;4
314;72;21;31/01/2024;65000;5
503;72;11;18/02/2024;25000;5
767;72;14;11/03/2024;28000;5
1126;72;25;13/04/2024;75000;5
2029;72;4;08/07/2024;24000;5
2359;72;24;07/08/2024;25000;5
2428;72;24;14/08/2024;25000;4
3496;72;23;29/09/2024;55000;5
4722;72;8;11/11/2024;30000;4
6356;72;14;05/01/2025;28000;4
6756;72;2;20/01/2025;20000;5
6930;72;3;26/01/2025;22000;5
7584;72;2;18/02/2025;20000;4
2693;72;24;03/09/2024;25000;4
3997;72;8;16/10/2024;30000;4
5349;72;3;02/12/2024;22000;4
2049;72;27;09/07/2024;250000;4
9215;72;1;09/05/2025;18000;4
133;72;5;16/01/2024;27000;4
1236;73;12;24/04/2024;22000;5
3921;73;11;13/10/2024;25000;4
5544;73;1;09/12/2024;18000;5
5727;73;2;16/12/2024;20000;4
6113;73;14;28/12/2024;28000;5
7306;73;3;09/02/2025;22000;4
7542;73;1;17/02/2025;18000;5
8148;73;4;06/03/2025;24000;4
8177;73;1;08/03/2025;18000;5
9918;73;4;05/08/2025;24000;4
824;73;15;16/03/2024;30000;4
1244;73;6;25/04/2024;27000;4
1392;73;9;07/05/2024;30000;5
3681;73;8;05/10/2024;30000;4
3740;73;4;07/10/2024;24000;5
4147;73;9;22/10/2024;30000;5
4492;73;11;03/11/2024;25000;5
6048;73;14;26/12/2024;28000;4
8021;73;4;02/03/2025;24000;4
8525;73;3;19/03/2025;22000;4
9010;73;2;18/04/2025;20000;5
10219;73;4;12/09/2025;24000;4
10253;73;4;16/09/2025;24000;5
215;73;1;24/01/2024;18000;4
242;73;15;25/01/2024;30000;4
1108;73;26;11/04/2024;175000;5
1293;73;1;29/04/2024;18000;4
1820;73;8;15/06/2024;30000;5
1950;73;10;01/07/2024;29000;5
4507;73;6;04/11/2024;27000;4
4847;73;5;15/11/2024;27000;4
8669;73;4;24/03/2025;24000;5
1350;73;22;03/05/2024;110000;5
3967;73;5;15/10/2024;27000;5
10245;73;1;15/09/2025;18000;4
2337;73;24;05/08/2024;25000;5
3163;73;21;19/09/2024;65000;5
4675;73;1;10/11/2024;18000;4
5167;73;3;27/11/2024;22000;4
7310;73;3;09/02/2025;22000;4
131;74;3;16/01/2024;22000;5
1782;74;5;11/06/2024;27000;4
1816;74;26;14/06/2024;175000;4
1860;74;12;20/06/2024;22000;4
2654;74;24;02/09/2024;25000;4
4994;74;5;20/11/2024;27000;5
5090;74;1;24/11/2024;18000;4
7228;74;1;07/02/2025;18000;4
7392;74;4;11/02/2025;24000;5
8470;74;1;18/03/2025;18000;4
9434;74;3;01/06/2025;22000;5
84;74;20;10/01/2024;22000;4
2167;74;1;21/07/2024;18000;5
2920;74;23;10/09/2024;55000;4
3456;74;23;28/09/2024;55000;5
4792;74;9;13/11/2024;30000;4
5604;74;11;10/12/2024;25000;5
7577;74;1;18/02/2025;18000;5
8474;74;2;18/03/2025;20000;4
9458;74;2;05/06/2025;20000;5
10361;74;2;29/09/2025;20000;4
117;74;15;14/01/2024;30000;5
1039;74;14;06/04/2024;28000;5
1531;74;13;19/05/2024;25000;4
1727;74;12;06/06/2024;22000;5
2308;74;11;02/08/2024;25000;4
3497;74;23;29/09/2024;55000;5
3562;74;23;01/10/2024;55000;5
3840;74;11;10/10/2024;25000;5
3891;74;9;12/10/2024;30000;5
4173;74;5;23/10/2024;27000;5
9193;74;3;07/05/2025;22000;4
2592;74;24;30/08/2024;25000;5
2972;74;23;12/09/2024;55000;4
7251;74;4;07/02/2025;24000;4
1990;74;9;04/07/2024;30000;5
6203;74;14;31/12/2024;28000;4
7496;74;2;15/02/2025;20000;4
7666;74;3;21/02/2025;22000;4
7708;74;1;23/02/2025;18000;5
2625;74;24;01/09/2024;25000;4
5985;74;14;24/12/2024;28000;5
7965;74;1;02/03/2025;18000;4
9998;74;4;13/08/2025;24000;4
203;75;26;22/01/2024;175000;4
576;75;17;24/02/2024;27000;5
1899;75;26;24/06/2024;175000;4
2302;75;18;01/08/2024;22000;5
3602;75;21;02/10/2024;65000;5
5821;75;5;19/12/2024;27000;4
7128;75;2;03/02/2025;20000;4
7785;75;4;25/02/2025;24000;4
10264;75;3;18/09/2025;22000;5
1664;75;24;01/06/2024;25000;5
1947;75;6;01/07/2024;27000;5
2757;75;24;06/09/2024;25000;5
3834;75;9;10/10/2024;30000;4
4850;75;7;15/11/2024;29000;4
8084;75;4;04/03/2025;24000;5
9115;75;4;30/04/2025;24000;4
414;75;1;10/02/2024;18000;5
2313;75;24;02/08/2024;25000;5
2467;75;24;18/08/2024;25000;5
2797;75;23;07/09/2024;55000;5
6566;75;2;13/01/2025;20000;4
6787;75;2;21/01/2025;20000;4
8421;75;4;16/03/2025;24000;4
2675;75;24;03/09/2024;25000;4
8904;75;2;05/04/2025;20000;4
6655;75;3;16/01/2025;22000;5
7112;75;3;02/02/2025;22000;4
8476;75;2;18/03/2025;20000;4
67;76;21;08/01/2024;65000;4
622;76;27;28/02/2024;250000;5
883;76;18;22/03/2024;22000;5
1535;76;23;19/05/2024;55000;4
2315;76;24;02/08/2024;25000;4
2525;76;24;24/08/2024;25000;5
4928;76;7;18/11/2024;29000;4
7196;76;4;05/02/2025;24000;5
8217;76;2;09/03/2025;20000;4
9913;76;2;05/08/2025;20000;4
10198;76;4;09/09/2025;24000;5
10232;76;4;13/09/2025;24000;5
10246;76;2;15/09/2025;20000;5
36;76;22;04/01/2024;110000;4
4681;76;4;10/11/2024;24000;5
5152;76;6;26/11/2024;27000;4
5159;76;10;26/11/2024;29000;4
5190;76;9;27/11/2024;30000;5
5491;76;6;07/12/2024;27000;5
6009;76;14;25/12/2024;28000;4
6484;76;14;10/01/2025;28000;5
9754;76;4;14/07/2025;24000;5
183;76;13;20/01/2024;25000;4
415;76;2;10/02/2024;20000;4
597;76;13;26/02/2024;25000;4
1913;76;10;27/06/2024;29000;4
2550;76;24;26/08/2024;25000;5
2553;76;24;26/08/2024;25000;4
2565;76;24;28/08/2024;25000;5
2894;76;21;10/09/2024;65000;4
3419;76;22;27/09/2024;110000;5
3603;76;22;02/10/2024;110000;5
3650;76;6;04/10/2024;27000;5
4513;76;9;04/11/2024;30000;5
5465;76;7;06/12/2024;29000;4
5702;76;1;15/12/2024;18000;4
574;76;12;24/02/2024;22000;5
7389;76;4;11/02/2025;24000;4
8701;76;1;26/03/2025;18000;5
9248;76;4;11/05/2025;24000;5
7832;76;2;27/02/2025;20000;5
10083;76;3;25/08/2025;22000;5
10130;76;3;01/09/2025;22000;5
1440;77;10;11/05/2024;29000;5
1629;77;4;29/05/2024;24000;4
4338;77;2;29/10/2024;20000;5
5261;77;3;30/11/2024;22000;5
5526;77;7;08/12/2024;29000;4
6382;77;14;06/01/2025;28000;5
6741;77;3;19/01/2025;22000;5
7401;77;1;12/02/2025;18000;5
7970;77;1;02/03/2025;18000;5
8353;77;2;14/03/2025;20000;4
9689;77;2;05/07/2025;20000;4
9959;77;2;10/08/2025;20000;5
10079;77;1;25/08/2025;18000;4
94;77;20;11/01/2024;22000;5
1175;77;7;19/04/2024;29000;4
2560;77;24;27/08/2024;25000;4
2598;77;24;31/08/2024;25000;4
3278;77;23;22/09/2024;55000;4
6061;77;14;26/12/2024;28000;4
7062;77;3;31/01/2025;22000;4
7464;77;4;13/02/2025;24000;5
7597;77;4;18/02/2025;24000;4
591;77;28;25/02/2024;200000;5
1014;77;9;03/04/2024;30000;5
1599;77;11;26/05/2024;25000;5
4042;77;6;18/10/2024;27000;5
4915;77;3;18/11/2024;22000;5
10206;77;1;11/09/2025;18000;5
461;77;19;14/02/2024;18000;4
1317;77;12;01/05/2024;22000;4
5924;77;14;22/12/2024;28000;4
7250;77;4;07/02/2025;24000;4
442;77;26;12/02/2024;175000;4
3770;77;7;08/10/2024;29000;5
6271;77;14;03/01/2025;28000;4
8129;77;1;06/03/2025;18000;4
9025;77;3;19/04/2025;22000;4
9045;77;1;22/04/2025;18000;4
327;77;13;01/02/2024;25000;5
1372;77;15;05/05/2024;30000;5
3624;77;7;03/10/2024;29000;4
4523;77;11;04/11/2024;25000;4
5099;77;4;24/11/2024;24000;4
5456;77;2;06/12/2024;20000;4
8335;77;3;13/03/2025;22000;4
578;78;23;24/02/2024;55000;5
605;78;28;26/02/2024;200000;5
1457;78;3;13/05/2024;22000;4
1669;78;9;02/06/2024;30000;4
3524;78;23;30/09/2024;55000;5
4186;78;9;23/10/2024;30000;5
5611;78;2;11/12/2024;20000;4
6637;78;1;16/01/2025;18000;5
6985;78;4;28/01/2025;24000;5
7465;78;4;13/02/2025;24000;4
7621;78;4;19/02/2025;24000;4
8101;78;2;05/03/2025;20000;4
9351;78;4;23/05/2025;24000;5
9651;78;3;01/07/2025;22000;4
9929;78;4;06/08/2025;24000;5
1385;78;18;06/05/2024;22000;5
1790;78;17;11/06/2024;27000;4
2104;78;19;15/07/2024;18000;4
3229;78;21;21/09/2024;65000;4
3929;78;2;14/10/2024;20000;5
5754;78;2;17/12/2024;20000;4
5884;78;14;21/12/2024;28000;4
6536;78;3;12/01/2025;22000;5
8753;78;2;28/03/2025;20000;4
9030;78;1;20/04/2025;18000;5
10029;78;4;18/08/2025;24000;4
684;78;20;04/03/2024;22000;5
2630;78;24;01/09/2024;25000;5
2903;78;22;10/09/2024;110000;5
3749;78;6;07/10/2024;27000;5
4106;78;2;21/10/2024;20000;5
4530;78;2;05/11/2024;20000;5
5536;78;9;08/12/2024;30000;4
9260;78;3;13/05/2025;22000;4
3291;78;24;22/09/2024;25000;4
6244;78;14;02/01/2025;28000;4
6806;78;1;22/01/2025;18000;4
572;78;9;24/02/2024;30000;4
2198;78;23;22/07/2024;55000;4
4859;78;9;15/11/2024;30000;4
8257;78;4;10/03/2025;24000;5
78;78;4;10/01/2024;24000;4
1129;78;8;14/04/2024;30000;5
1938;78;6;30/06/2024;27000;5
3206;78;22;20/09/2024;110000;5
7206;78;1;06/02/2025;18000;4
3261;79;21;22/09/2024;65000;5
6778;79;1;21/01/2025;18000;5
6864;79;1;24/01/2025;18000;4
6968;79;1;28/01/2025;18000;4
7098;79;4;01/02/2025;24000;4
1034;79;26;05/04/2024;175000;4
1321;79;19;01/05/2024;18000;5
1610;79;3;27/05/2024;22000;4
2905;79;22;10/09/2024;110000;4
4436;79;4;02/11/2024;24000;4
6535;79;3;12/01/2025;22000;4
6679;79;3;17/01/2025;22000;5
7140;79;4;03/02/2025;24000;5
7595;79;4;18/02/2025;24000;5
7722;79;3;23/02/2025;22000;4
8033;79;1;03/03/2025;18000;4
8139;79;2;06/03/2025;20000;4
8198;79;3;08/03/2025;22000;5
8605;79;1;23/03/2025;18000;5
8635;79;4;23/03/2025;24000;5
9676;79;1;04/07/2025;18000;4
360;79;1;04/02/2024;18000;5
1651;79;26;31/05/2024;175000;5
2199;79;24;22/07/2024;25000;5
2242;79;20;26/07/2024;22000;4
5058;79;10;22/11/2024;29000;4
4250;79;4;26/10/2024;24000;5
6260;79;14;03/01/2025;28000;5
10221;79;1;13/09/2025;18000;4
534;80;19;21/02/2024;18000;4
1729;80;15;06/06/2024;30000;5
3280;80;23;22/09/2024;55000;5
4469;80;3;03/11/2024;22000;5
5301;80;5;01/12/2024;27000;5
7703;80;1;23/02/2025;18000;4
9874;80;3;01/08/2025;22000;4
1112;80;3;12/04/2024;22000;5
1672;80;12;02/06/2024;22000;5
3533;80;21;01/10/2024;65000;4
3854;80;8;11/10/2024;30000;4
6528;80;2;12/01/2025;20000;5
7057;80;2;31/01/2025;20000;5
7305;80;3;09/02/2025;22000;5
7796;80;1;26/02/2025;18000;4
2965;80;22;12/09/2024;110000;5
3768;80;6;08/10/2024;27000;4
4270;80;4;27/10/2024;24000;4
345;80;28;02/02/2024;200000;4
853;80;8;19/03/2024;30000;4
3598;80;21;02/10/2024;65000;4
10070;80;2;23/08/2025;20000;5
416;80;6;10/02/2024;27000;4
4440;80;5;02/11/2024;27000;4
8199;80;3;08/03/2025;22000;5
8511;80;2;19/03/2025;20000;4
1155;81;11;16/04/2024;25000;4
1403;81;18;08/05/2024;22000;5
1568;81;2;23/05/2024;20000;4
1724;81;8;06/06/2024;30000;4
3511;81;22;30/09/2024;110000;5
3755;81;8;07/10/2024;30000;5
4183;81;8;23/10/2024;30000;5
6425;81;14;08/01/2025;28000;5
6969;81;1;28/01/2025;18000;5
9642;81;2;30/06/2025;20000;5
213;81;26;23/01/2024;175000;5
2090;81;2;14/07/2024;20000;5
2140;81;15;18/07/2024;30000;5
2182;81;25;21/07/2024;75000;5
2206;81;20;23/07/2024;22000;5
3722;81;11;06/10/2024;25000;4
3917;81;9;13/10/2024;30000;5
4093;81;5;20/10/2024;27000;5
4462;81;11;02/11/2024;25000;5
4602;81;9;07/11/2024;30000;5
4803;81;3;14/11/2024;22000;4
4805;81;4;14/11/2024;24000;4
7552;81;2;17/02/2025;20000;4
9137;81;4;01/05/2025;24000;5
9273;81;3;14/05/2025;22000;5
9490;81;2;10/06/2025;20000;5
10081;81;2;25/08/2025;20000;5
10249;81;4;15/09/2025;24000;5
1017;81;20;03/04/2024;22000;5
1158;81;6;17/04/2024;27000;5
3989;81;4;16/10/2024;24000;4
4247;81;3;26/10/2024;22000;4
7133;81;3;03/02/2025;22000;4
9332;81;3;21/05/2025;22000;4
1314;81;4;01/05/2024;24000;4
5212;81;8;28/11/2024;30000;5
7701;81;4;22/02/2025;24000;4
1076;81;5;09/04/2024;27000;5
1905;81;28;25/06/2024;200000;4
5045;81;3;22/11/2024;22000;5
6593;81;1;14/01/2025;18000;5
8038;81;2;03/03/2025;20000;5
8762;81;3;28/03/2025;22000;4
9300;81;1;17/05/2025;18000;4
252;81;18;26/01/2024;22000;5
4375;81;4;31/10/2024;24000;5
5286;81;2;01/12/2024;20000;5
8225;81;2;09/03/2025;20000;5
444;82;5;13/02/2024;27000;5
506;82;22;18/02/2024;110000;4
851;82;26;18/03/2024;175000;4
1817;82;27;14/06/2024;250000;5
1901;82;9;25/06/2024;30000;4
2701;82;24;04/09/2024;25000;4
3321;82;24;23/09/2024;25000;5
3344;82;23;24/09/2024;55000;5
6594;82;1;14/01/2025;18000;4
566;82;22;23/02/2024;110000;4
1868;82;4;21/06/2024;24000;5
2060;82;6;11/07/2024;27000;4
2373;82;24;09/08/2024;25000;4
2846;82;24;08/09/2024;25000;5
4204;82;6;24/10/2024;27000;5
4860;82;9;15/11/2024;30000;4
5501;82;10;07/12/2024;29000;5
6349;82;14;05/01/2025;28000;5
8106;82;3;05/03/2025;22000;4
9910;82;2;05/08/2025;20000;5
409;82;23;09/02/2024;55000;4
491;82;14;16/02/2024;28000;5
1000;82;17;02/04/2024;27000;4
2154;82;26;19/07/2024;175000;4
2994;82;23;13/09/2024;55000;5
3166;82;21;19/09/2024;65000;5
1431;82;10;10/05/2024;29000;5
347;82;4;03/02/2024;24000;4
6191;82;14;31/12/2024;28000;4
6319;82;14;04/01/2025;28000;5
1520;82;12;18/05/2024;22000;5
4493;82;11;03/11/2024;25000;5
5069;82;3;23/11/2024;22000;5
192;83;22;21/01/2024;110000;4
424;83;28;10/02/2024;200000;4
1245;83;6;25/04/2024;27000;4
1308;83;27;30/04/2024;250000;4
1642;83;21;30/05/2024;65000;5
1773;83;13;10/06/2024;25000;4
2286;83;8;31/07/2024;30000;4
2379;83;24;10/08/2024;25000;4
4635;83;7;08/11/2024;29000;5
4901;83;8;17/11/2024;30000;5
5317;83;8;01/12/2024;30000;4
6380;83;14;06/01/2025;28000;4
129;83;20;15/01/2024;22000;4
3557;83;23;01/10/2024;55000;4
7472;83;2;14/02/2025;20000;4
2046;83;15;09/07/2024;30000;4
4077;83;9;19/10/2024;30000;4
4503;83;4;04/11/2024;24000;4
4595;83;3;07/11/2024;22000;4
4971;83;7;19/11/2024;29000;4
7924;83;2;01/03/2025;20000;4
2455;83;24;17/08/2024;25000;5
8137;83;2;06/03/2025;20000;4
456;83;3;14/02/2024;22000;5
4297;83;11;27/10/2024;25000;4
4509;83;8;04/11/2024;30000;5
1046;83;22;06/04/2024;110000;5
7249;83;3;07/02/2025;22000;4
2370;84;24;09/08/2024;25000;5
2536;84;24;25/08/2024;25000;4
3767;84;6;08/10/2024;27000;4
5750;84;11;16/12/2024;25000;4
6179;84;14;31/12/2024;28000;4
6274;84;14;03/01/2025;28000;4
7695;84;3;22/02/2025;22000;5
8675;84;1;25/03/2025;18000;4
9088;84;4;26/04/2025;24000;5
944;84;22;29/03/2024;110000;4
1822;84;11;15/06/2024;25000;5
2362;84;24;08/08/2024;25000;4
2498;84;24;21/08/2024;25000;4
2825;84;21;08/09/2024;65000;5
2929;84;24;10/09/2024;25000;5
2943;84;22;11/09/2024;110000;4
6669;84;1;17/01/2025;18000;4
6827;84;1;23/01/2025;18000;5
8783;84;1;29/03/2025;18000;4
9667;84;4;02/07/2025;24000;5
257;84;25;26/01/2024;75000;4
542;84;5;22/02/2024;27000;5
2594;84;24;30/08/2024;25000;5
2992;84;22;13/09/2024;110000;4
4167;84;4;23/10/2024;24000;5
4668;84;9;09/11/2024;30000;4
6171;84;14;30/12/2024;28000;4
9261;84;3;13/05/2025;22000;5
4417;84;10;01/11/2024;29000;4
7637;84;2;20/02/2025;20000;5
180;84;2;20/01/2024;20000;5
899;84;17;24/03/2024;27000;4
1558;84;9;22/05/2024;30000;5
5656;84;11;12/12/2024;25000;5
10337;84;1;26/09/2025;18000;4
150;85;17;17/01/2024;27000;4
189;85;18;21/01/2024;22000;5
388;85;27;07/02/2024;250000;5
563;85;19;23/02/2024;18000;4
983;85;8;01/04/2024;30000;5
2209;85;25;23/07/2024;75000;5
7515;85;4;15/02/2025;24000;4
8568;85;4;21/03/2025;24000;5
9570;85;3;21/06/2025;22000;5
10120;85;1;31/08/2025;18000;5
961;85;27;30/03/2024;250000;4
1146;85;11;15/04/2024;25000;4
1595;85;26;25/05/2024;175000;4
2150;85;22;19/07/2024;110000;4
2923;85;24;10/09/2024;25000;5
3563;85;23;01/10/2024;55000;4
4671;85;10;09/11/2024;29000;4
5206;85;4;28/11/2024;24000;5
5968;85;14;23/12/2024;28000;5
754;85;20;10/03/2024;22000;5
909;85;14;25/03/2024;28000;4
1113;85;5;12/04/2024;27000;4
2688;85;24;03/09/2024;25000;4
4742;85;3;12/11/2024;22000;4
5805;85;9;18/12/2024;30000;4
4562;85;1;06/11/2024;18000;4
6430;85;14;08/01/2025;28000;5
7032;85;2;30/01/2025;20000;5
207;85;12;23/01/2024;22000;5
389;85;28;07/02/2024;200000;4
2418;85;24;13/08/2024;25000;5
9680;85;4;04/07/2025;24000;5
927;86;19;27/03/2024;18000;4
4028;86;11;17/10/2024;25000;5
6892;86;2;25/01/2025;20000;4
7547;86;2;17/02/2025;20000;5
9049;86;3;22/04/2025;22000;5
9377;86;2;26/05/2025;20000;5
9460;86;3;05/06/2025;22000;5
10332;86;4;25/09/2025;24000;5
69;86;23;08/01/2024;55000;5
3676;86;7;05/10/2024;29000;4
4085;86;2;20/10/2024;20000;4
4719;86;6;11/11/2024;27000;4
4788;86;8;13/11/2024;30000;5
5154;86;8;26/11/2024;30000;4
5807;86;10;18/12/2024;29000;4
5832;86;11;19/12/2024;25000;5
6317;86;14;04/01/2025;28000;4
6993;86;1;29/01/2025;18000;4
7650;86;4;20/02/2025;24000;5
9812;86;3;23/07/2025;22000;5
9942;86;2;08/08/2025;20000;4
310;86;9;31/01/2024;30000;4
703;86;23;05/03/2024;55000;4
2087;86;22;13/07/2024;110000;4
3820;86;5;10/10/2024;27000;5
4111;86;5;21/10/2024;27000;5
6052;86;14;26/12/2024;28000;5
7130;86;3;03/02/2025;22000;4
8676;86;2;25/03/2025;20000;5
9768;86;4;17/07/2025;24000;4
3786;86;2;09/10/2024;20000;4
6928;86;3;26/01/2025;22000;5
8990;86;2;16/04/2025;20000;4
1010;86;1;03/04/2024;18000;5
6577;86;3;13/01/2025;22000;5
9333;86;4;21/05/2025;24000;4
3446;86;21;28/09/2024;65000;4
4249;86;4;26/10/2024;24000;5
9596;86;1;24/06/2025;18000;4
835;87;12;17/03/2024;22000;5
916;87;17;26/03/2024;27000;5
1525;87;1;19/05/2024;18000;4
2139;87;14;18/07/2024;28000;4
2501;87;24;22/08/2024;25000;5
4125;87;11;21/10/2024;25000;5
4535;87;2;05/11/2024;20000;5
4612;87;11;07/11/2024;25000;4
6984;87;4;28/01/2025;24000;4
7690;87;2;22/02/2025;20000;4
8039;87;2;03/03/2025;20000;5
8115;87;4;05/03/2025;24000;5
4843;87;3;15/11/2024;22000;4
5322;87;9;01/12/2024;30000;4
5645;87;7;12/12/2024;29000;5
5949;87;14;23/12/2024;28000;5
6571;87;3;13/01/2025;22000;4
2249;87;8;27/07/2024;30000;5
4450;87;8;02/11/2024;30000;4
9954;87;3;09/08/2025;22000;5
2092;87;8;14/07/2024;30000;4
5817;87;11;18/12/2024;25000;5
9130;87;3;01/05/2025;22000;4
10247;87;3;15/09/2025;22000;5
1349;87;22;03/05/2024;110000;4
4618;87;1;08/11/2024;18000;4
6129;87;14;29/12/2024;28000;5
6940;87;4;26/01/2025;24000;5
7192;87;4;05/02/2025;24000;5
7887;87;2;28/02/2025;20000;4
8996;87;4;16/04/2025;24000;4
1345;87;7;03/05/2024;29000;5
2113;87;13;16/07/2024;25000;5
4534;87;2;05/11/2024;20000;4
10060;87;2;22/08/2025;20000;5
770;88;20;11/03/2024;22000;5
1832;88;7;16/06/2024;29000;4
2099;88;26;14/07/2024;175000;5
2728;88;24;05/09/2024;25000;5
4078;88;10;19/10/2024;29000;5
4188;88;10;23/10/2024;29000;5
5323;88;9;01/12/2024;30000;4
6462;88;14;09/01/2025;28000;5
6820;88;2;22/01/2025;20000;4
7585;88;3;18/02/2025;22000;5
7919;88;1;01/03/2025;18000;4
9868;88;3;31/07/2025;22000;4
329;88;20;01/02/2024;22000;4
800;88;11;14/03/2024;25000;5
896;88;2;24/03/2024;20000;4
1047;88;22;06/04/2024;110000;4
1624;88;17;28/05/2024;27000;4
2037;88;22;08/07/2024;110000;4
2662;88;24;02/09/2024;25000;4
2734;88;24;05/09/2024;25000;5
3395;88;22;26/09/2024;110000;4
7182;88;2;05/02/2025;20000;5
7588;88;3;18/02/2025;22000;4
8241;88;1;10/03/2025;18000;4
9370;88;3;25/05/2025;22000;5
429;88;14;11/02/2024;28000;4
467;88;6;15/02/2024;27000;4
596;88;10;26/02/2024;29000;4
1959;88;21;01/07/2024;65000;5
1967;88;7;02/07/2024;29000;4
2042;88;3;09/07/2024;22000;5
4773;88;3;13/11/2024;22000;4
6943;88;1;27/01/2025;18000;5
720;88;21;07/03/2024;65000;5
2097;88;15;14/07/2024;30000;5
2383;88;24;10/08/2024;25000;5
6766;88;3;20/01/2025;22000;4
5506;88;11;07/12/2024;25000;4
5854;88;14;20/12/2024;28000;5
994;88;9;02/04/2024;30000;4
2713;88;24;04/09/2024;25000;4
5664;88;7;13/12/2024;29000;4
7335;88;2;10/02/2025;20000;4
8018;88;4;02/03/2025;24000;5
9064;88;2;24/04/2025;20000;5
1837;89;17;16/06/2024;27000;4
2008;89;3;06/07/2024;22000;5
3196;89;21;20/09/2024;65000;4
3866;89;2;12/10/2024;20000;5
4696;89;9;10/11/2024;30000;5
5956;89;14;23/12/2024;28000;4
6041;89;14;26/12/2024;28000;4
6653;89;3;16/01/2025;22000;5
7623;89;4;19/02/2025;24000;5
7732;89;4;23/02/2025;24000;4
9899;89;2;04/08/2025;20000;5
330;89;21;01/02/2024;65000;5
2481;89;24;19/08/2024;25000;4
3508;89;21;30/09/2024;65000;5
3720;89;11;06/10/2024;25000;5
5547;89;2;09/12/2024;20000;5
7901;89;3;28/02/2025;22000;5
7993;89;2;02/03/2025;20000;4
8768;89;3;28/03/2025;22000;5
819;89;27;15/03/2024;250000;5
1069;89;22;08/04/2024;110000;4
5253;89;11;29/11/2024;25000;5
6155;89;14;29/12/2024;28000;4
6261;89;14;03/01/2025;28000;4
6713;89;4;18/01/2025;24000;5
6977;89;2;28/01/2025;20000;4
3147;89;23;18/09/2024;55000;4
5347;89;3;02/12/2024;22000;5
2168;89;7;21/07/2024;29000;4
3343;89;23;24/09/2024;55000;4
6258;89;14;02/01/2025;28000;5
6343;89;14;05/01/2025;28000;5
115;89;13;14/01/2024;25000;5
3056;89;24;15/09/2024;25000;4
8456;89;3;17/03/2025;22000;5
1094;90;6;10/04/2024;27000;5
2354;90;24;07/08/2024;25000;4
3663;90;11;04/10/2024;25000;4
5882;90;14;21/12/2024;28000;5
6184;90;14;31/12/2024;28000;4
6696;90;1;18/01/2025;18000;5
8297;90;1;12/03/2025;18000;4
8390;90;2;15/03/2025;20000;4
8769;90;4;28/03/2025;24000;5
9318;90;4;19/05/2025;24000;5
9445;90;2;04/06/2025;20000;4
9611;90;1;26/06/2025;18000;4
9715;90;3;09/07/2025;22000;4
10161;90;2;05/09/2025;20000;5
211;90;20;23/01/2024;22000;4
270;90;22;27/01/2024;110000;4
470;90;16;15/02/2024;28000;5
687;90;23;04/03/2024;55000;4
779;90;12;12/03/2024;22000;4
791;90;18;13/03/2024;22000;5
1142;90;28;14/04/2024;200000;5
2447;90;24;16/08/2024;25000;5
2665;90;24;02/09/2024;25000;5
3054;90;24;15/09/2024;25000;4
3902;90;3;13/10/2024;22000;4
4421;90;11;01/11/2024;25000;4
4960;90;3;19/11/2024;22000;5
5574;90;11;09/12/2024;25000;5
6804;90;1;22/01/2025;18000;5
7107;90;2;02/02/2025;20000;4
7494;90;2;15/02/2025;20000;4
8022;90;4;02/03/2025;24000;5
1545;90;10;21/05/2024;29000;4
2823;90;21;08/09/2024;65000;5
4930;90;7;18/11/2024;29000;4
8417;90;3;16/03/2025;22000;5
8579;90;1;22/03/2025;18000;5
9223;90;4;09/05/2025;24000;5
3065;90;21;16/09/2024;65000;4
2589;90;24;30/08/2024;25000;4
5732;90;4;16/12/2024;24000;4
5975;90;14;23/12/2024;28000;4
91;91;6;11/01/2024;27000;4
208;91;16;23/01/2024;28000;4
498;91;20;17/02/2024;22000;5
3099;91;22;17/09/2024;110000;5
3699;91;2;06/10/2024;20000;4
4799;91;1;14/11/2024;18000;5
4955;91;2;19/11/2024;20000;5
6178;91;14;31/12/2024;28000;4
7596;91;4;18/02/2025;24000;5
8364;91;3;14/03/2025;22000;5
9188;91;4;06/05/2025;24000;5
10366;91;4;29/09/2025;24000;4
1024;91;24;04/04/2024;25000;5
1621;91;13;28/05/2024;25000;4
1975;91;24;02/07/2024;25000;5
2711;91;24;04/09/2024;25000;5
3357;91;21;25/09/2024;65000;5
4381;91;6;31/10/2024;27000;5
4413;91;9;01/11/2024;30000;4
5039;91;2;22/11/2024;20000;4
5245;91;9;29/11/2024;30000;4
6251;91;14;02/01/2025;28000;4
6744;91;1;20/01/2025;18000;4
6752;91;1;20/01/2025;18000;5
7269;91;2;08/02/2025;20000;5
7659;91;2;21/02/2025;20000;5
7776;91;2;25/02/2025;20000;5
9612;91;1;26/06/2025;18000;4
822;91;8;16/03/2024;30000;5
1949;91;10;01/07/2024;29000;5
2745;91;24;05/09/2024;25000;5
9068;91;3;24/04/2025;22000;4
10273;91;2;19/09/2025;20000;5
10319;91;4;24/09/2025;24000;5
695;91;9;05/03/2024;30000;5
6248;91;14;02/01/2025;28000;4
8576;91;1;22/03/2025;18000;4
5009;91;11;20/11/2024;25000;5
5590;91;6;10/12/2024;27000;4
571;91;7;24/02/2024;29000;4
4376;91;4;31/10/2024;24000;4
10104;91;1;28/08/2025;18000;5
1923;92;22;28/06/2024;110000;5
3180;92;23;19/09/2024;55000;4
3651;92;6;04/10/2024;27000;4
4782;92;6;13/11/2024;27000;4
5213;92;9;28/11/2024;30000;5
6152;92;14;29/12/2024;28000;5
6173;92;14;30/12/2024;28000;5
6671;92;1;17/01/2025;18000;5
6715;92;4;18/01/2025;24000;5
8245;92;2;10/03/2025;20000;4
8608;92;1;23/03/2025;18000;5
8666;92;4;24/03/2025;24000;5
9326;92;2;20/05/2025;20000;4
9659;92;4;01/07/2025;24000;4
10087;92;1;26/08/2025;18000;5
274;92;12;28/01/2024;22000;5
390;92;12;08/02/2024;22000;4
2012;92;9;06/07/2024;30000;4
3943;92;7;14/10/2024;29000;4
4161;92;2;23/10/2024;20000;4
4255;92;7;26/10/2024;29000;5
4474;92;5;03/11/2024;27000;4
4830;92;10;14/11/2024;29000;5
7017;92;3;29/01/2025;22000;4
7086;92;2;01/02/2025;20000;5
7737;92;1;24/02/2025;18000;5
9183;92;1;06/05/2025;18000;5
10049;92;2;21/08/2025;20000;4
10168;92;4;05/09/2025;24000;4
2018;92;10;07/07/2024;29000;5
2811;92;24;07/09/2024;25000;5
3460;92;23;28/09/2024;55000;5
6409;92;14;07/01/2025;28000;5
6772;92;4;20/01/2025;24000;4
4278;92;6;27/10/2024;27000;5
7627;92;4;19/02/2025;24000;4
10016;92;2;16/08/2025;20000;5
2760;92;24;06/09/2024;25000;4
3869;92;3;12/10/2024;22000;4
4527;92;1;05/11/2024;18000;4
7852;92;4;27/02/2025;24000;4
96;93;22;11/01/2024;110000;4
159;93;7;18/01/2024;29000;4
985;93;18;01/04/2024;22000;5
1935;93;15;29/06/2024;30000;4
2621;93;24;01/09/2024;25000;4
3746;93;5;07/10/2024;27000;5
5123;93;7;25/11/2024;29000;5
5783;93;2;18/12/2024;20000;5
6347;93;14;05/01/2025;28000;4
8623;93;2;23/03/2025;20000;4
8991;93;3;16/04/2025;22000;5
380;93;25;06/02/2024;75000;4
502;93;28;17/02/2024;200000;4
508;93;2;19/02/2024;20000;4
1888;93;14;23/06/2024;28000;5
2094;93;11;14/07/2024;25000;5
2482;93;24;19/08/2024;25000;4
3457;93;23;28/09/2024;55000;4
4411;93;9;01/11/2024;30000;4
8239;93;1;10/03/2025;18000;4
9563;93;3;20/06/2025;22000;5
2229;93;21;25/07/2024;65000;4
3298;93;21;23/09/2024;65000;4
3713;93;7;06/10/2024;29000;5
4098;93;10;20/10/2024;29000;5
4944;93;11;18/11/2024;25000;4
4609;93;10;07/11/2024;29000;4
8188;93;2;08/03/2025;20000;5
2316;93;24;02/08/2024;25000;5
3785;93;2;09/10/2024;20000;5
7945;93;3;01/03/2025;22000;4
481;93;1;16/02/2024;18000;4
7486;93;4;14/02/2025;24000;5
9717;93;4;09/07/2025;24000;4
1936;93;19;29/06/2024;18000;5
3628;93;10;03/10/2024;29000;4
5020;93;6;21/11/2024;27000;4
396;94;24;08/02/2024;25000;5
452;94;28;13/02/2024;200000;5
784;94;23;12/03/2024;55000;5
1513;94;26;17/05/2024;175000;4
2131;94;25;17/07/2024;75000;4
3513;94;22;30/09/2024;110000;5
3730;94;2;07/10/2024;20000;4
5794;94;5;18/12/2024;27000;4
5901;94;14;21/12/2024;28000;4
6022;94;14;25/12/2024;28000;4
7007;94;2;29/01/2025;20000;5
7300;94;2;09/02/2025;20000;5
9246;94;4;11/05/2025;24000;4
356;94;16;03/02/2024;28000;5
1114;94;9;12/04/2024;30000;5
2134;94;4;18/07/2024;24000;5
2595;94;24;31/08/2024;25000;4
4229;94;6;25/10/2024;27000;5
4783;94;6;13/11/2024;27000;4
5778;94;1;18/12/2024;18000;4
6292;94;14;03/01/2025;28000;4
6981;94;3;28/01/2025;22000;5
7466;94;4;13/02/2025;24000;5
1878;94;17;22/06/2024;27000;5
3548;94;22;01/10/2024;110000;5
7129;94;3;03/02/2025;22000;5
10352;94;1;28/09/2025;18000;4
1008;94;28;02/04/2024;200000;4
4214;94;10;24/10/2024;29000;5
5172;94;4;27/11/2024;24000;5
9684;94;1;05/07/2025;18000;4
4288;94;8;27/10/2024;30000;4
6496;94;14;10/01/2025;28000;5
10134;94;2;02/09/2025;20000;5
4002;94;10;16/10/2024;29000;4
89;95;1;11/01/2024;18000;4
969;95;11;31/03/2024;25000;4
1333;95;1;02/05/2024;18000;4
2872;95;23;09/09/2024;55000;4
3157;95;24;18/09/2024;25000;4
3201;95;21;20/09/2024;65000;5
3265;95;22;22/09/2024;110000;5
3695;95;11;05/10/2024;25000;5
4100;95;11;20/10/2024;25000;5
5095;95;4;24/11/2024;24000;5
7154;95;2;04/02/2025;20000;4
9162;95;1;04/05/2025;18000;5
10286;95;2;20/09/2025;20000;5
421;95;19;10/02/2024;18000;4
1026;95;27;04/04/2024;250000;4
1749;95;23;07/06/2024;55000;4
3308;95;23;23/09/2024;55000;4
4522;95;11;04/11/2024;25000;4
7352;95;4;10/02/2025;24000;4
8000;95;3;02/03/2025;22000;5
8395;95;4;15/03/2025;24000;4
9373;95;4;25/05/2025;24000;4
10313;95;4;23/09/2025;24000;5
1384;95;17;06/05/2024;27000;4
2184;95;1;22/07/2024;18000;5
3376;95;24;25/09/2024;25000;4
3440;95;21;28/09/2024;65000;4
4153;95;11;22/10/2024;25000;4
4156;95;11;22/10/2024;25000;5
4720;95;6;11/11/2024;27000;4
7215;95;3;06/02/2025;22000;4
9359;95;4;24/05/2025;24000;4
939;96;12;29/03/2024;22000;5
1960;96;24;01/07/2024;25000;4
3339;96;23;24/09/2024;55000;4
6618;96;2;15/01/2025;20000;5
6690;96;1;18/01/2025;18000;4
6881;96;4;24/01/2025;24000;5
7461;96;4;13/02/2025;24000;5
7797;96;1;26/02/2025;18000;4
9003;96;3;17/04/2025;22000;4
9033;96;3;20/04/2025;22000;4
1961;96;25;01/07/2024;75000;5
5582;96;3;10/12/2024;22000;5
6362;96;14;06/01/2025;28000;4
7136;96;4;03/02/2025;24000;5
7437;96;1;13/02/2025;18000;4
8189;96;2;08/03/2025;20000;4
2513;96;24;23/08/2024;25000;5
3560;96;23;01/10/2024;55000;4
5940;96;14;22/12/2024;28000;5
6197;96;14;31/12/2024;28000;5
6346;96;14;05/01/2025;28000;4
6770;96;4;20/01/2025;24000;4
7939;96;2;01/03/2025;20000;5
1304;96;21;30/04/2024;65000;4
4056;96;1;19/10/2024;18000;5
6026;96;14;25/12/2024;28000;4
6456;96;14;09/01/2025;28000;4
7823;96;1;27/02/2025;18000;4
9266;96;1;14/05/2025;18000;4
631;96;10;01/03/2024;29000;4
5443;96;4;05/12/2024;24000;4
5668;96;8;13/12/2024;30000;4
9285;96;1;16/05/2025;18000;4
9617;96;1;27/06/2025;18000;4
1356;96;6;04/05/2024;27000;4
5493;96;7;07/12/2024;29000;4
8896;96;2;04/04/2025;20000;5
63;97;18;07/01/2024;22000;5
595;97;8;26/02/2024;30000;5
866;97;5;21/03/2024;27000;5
1358;97;9;04/05/2024;30000;5
1424;97;26;09/05/2024;175000;5
1482;97;5;15/05/2024;27000;5
1628;97;2;29/05/2024;20000;4
2225;97;11;25/07/2024;25000;4
3903;97;3;13/10/2024;22000;5
4254;97;6;26/10/2024;27000;4
4346;97;8;29/10/2024;30000;5
4601;97;8;07/11/2024;30000;4
9227;97;4;09/05/2025;24000;5
9286;97;1;16/05/2025;18000;4
9566;97;3;20/06/2025;22000;5
25;97;14;03/01/2024;28000;4
296;97;13;30/01/2024;25000;4
2081;97;24;12/07/2024;25000;4
2096;97;15;14/07/2024;30000;4
3665;97;1;05/10/2024;18000;4
3941;97;6;14/10/2024;27000;4
5577;97;1;10/12/2024;18000;4
6492;97;14;10/01/2025;28000;4
8714;97;3;26/03/2025;22000;4
9399;97;2;28/05/2025;20000;5
2195;97;21;22/07/2024;65000;4
4610;97;11;07/11/2024;25000;5
4947;97;11;18/11/2024;25000;4
8940;97;3;10/04/2025;22000;4
3874;97;4;12/10/2024;24000;5
6796;97;3;21/01/2025;22000;5
8052;97;4;03/03/2025;24000;4
8087;97;1;05/03/2025;18000;5
9529;97;4;15/06/2025;24000;5
100;98;14;12/01/2024;28000;4
210;98;16;23/01/2024;28000;4
3525;98;24;30/09/2024;25000;5
3620;98;6;03/10/2024;27000;4
3996;98;8;16/10/2024;30000;5
4219;98;1;25/10/2024;18000;5
4704;98;11;10/11/2024;25000;5
5405;98;1;04/12/2024;18000;4
5592;98;6;10/12/2024;27000;4
5743;98;8;16/12/2024;30000;4
5921;98;14;22/12/2024;28000;5
6078;98;14;27/12/2024;28000;5
6290;98;14;03/01/2025;28000;5
6692;98;1;18/01/2025;18000;5
6825;98;3;22/01/2025;22000;4
8272;98;2;11/03/2025;20000;4
8693;98;4;25/03/2025;24000;5
8761;98;3;28/03/2025;22000;4
9708;98;4;08/07/2025;24000;4
315;98;22;31/01/2024;110000;4
593;98;2;26/02/2024;20000;4
1993;98;18;04/07/2024;22000;5
2435;98;24;15/08/2024;25000;5
2558;98;24;27/08/2024;25000;4
2586;98;24;29/08/2024;25000;4
3239;98;22;21/09/2024;110000;5
3652;98;7;04/10/2024;29000;5
3672;98;5;05/10/2024;27000;5
6946;98;1;27/01/2025;18000;4
8504;98;1;19/03/2025;18000;5
9946;98;4;08/08/2025;24000;5
670;98;22;03/03/2024;110000;5
1767;98;2;10/06/2024;20000;5
2566;98;24;28/08/2024;25000;5
5703;98;1;15/12/2024;18000;5
672;98;25;03/03/2024;75000;4
8614;98;1;23/03/2025;18000;4
2421;98;24;13/08/2024;25000;4
9039;98;1;21/04/2025;18000;5
10216;98;3;12/09/2025;22000;5
6724;98;1;19/01/2025;18000;4
6797;98;3;21/01/2025;22000;4
7885;98;1;28/02/2025;18000;5
834;99;8;17/03/2024;30000;4
1547;99;19;21/05/2024;18000;4
1562;99;24;22/05/2024;25000;4
2759;99;24;06/09/2024;25000;5
4865;99;1;16/11/2024;18000;5
5086;99;10;23/11/2024;29000;4
6210;99;14;01/01/2025;28000;5
6609;99;4;14/01/2025;24000;4
6857;99;4;23/01/2025;24000;4
7260;99;1;08/02/2025;18000;5
7979;99;2;02/03/2025;20000;4
8903;99;1;05/04/2025;18000;5
8927;99;3;08/04/2025;22000;5
2408;99;24;12/08/2024;25000;5
2686;99;24;03/09/2024;25000;4
2824;99;21;08/09/2024;65000;5
3128;99;22;18/09/2024;110000;5
3218;99;24;20/09/2024;25000;4
3311;99;23;23/09/2024;55000;4
4666;99;8;09/11/2024;30000;5
5402;99;1;04/12/2024;18000;5
6144;99;14;29/12/2024;28000;5
6216;99;14;01/01/2025;28000;4
6608;99;4;14/01/2025;24000;5
8862;99;4;31/03/2025;24000;5
8955;99;4;12/04/2025;24000;4
10100;99;3;27/08/2025;22000;5
690;99;4;05/03/2024;24000;5
3859;99;11;11/10/2024;25000;4
3957;99;1;15/10/2024;18000;4
4991;99;4;20/11/2024;24000;4
4806;99;4;14/11/2024;24000;4
8670;99;4;24/03/2025;24000;4
548;99;16;22/02/2024;28000;4
2857;99;22;09/09/2024;110000;5
4049;99;10;18/10/2024;29000;5
4983;99;1;20/11/2024;18000;4
3940;99;6;14/10/2024;27000;4
6927;99;3;26/01/2025;22000;5
7632;99;1;20/02/2025;18000;5
9536;99;2;16/06/2025;20000;5
4973;99;7;19/11/2024;29000;4
6136;99;14;29/12/2024;28000;4
7745;99;2;24/02/2025;20000;4
10229;99;2;13/09/2025;20000;5
940;100;13;29/03/2024;25000;4
964;100;3;31/03/2024;22000;4
2083;100;13;13/07/2024;25000;5
2397;100;24;11/08/2024;25000;5
3384;100;21;26/09/2024;65000;5
4520;100;10;04/11/2024;29000;4
5177;100;6;27/11/2024;27000;4
5352;100;4;02/12/2024;24000;5
6186;100;14;31/12/2024;28000;5
7110;100;3;02/02/2025;22000;4
7521;100;1;16/02/2025;18000;5
9343;100;1;23/05/2025;18000;5
9501;100;2;12/06/2025;20000;5
9827;100;1;25/07/2025;18000;5
9945;100;4;08/08/2025;24000;5
406;100;15;09/02/2024;30000;5
2101;100;6;15/07/2024;27000;5
2813;100;24;07/09/2024;25000;4
2909;100;22;10/09/2024;110000;5
4289;100;8;27/10/2024;30000;4
4537;100;3;05/11/2024;22000;4
4740;100;3;12/11/2024;22000;5
5692;100;7;14/12/2024;29000;4
6379;100;14;06/01/2025;28000;4
6405;100;14;07/01/2025;28000;4
6767;100;3;20/01/2025;22000;4
7021;100;4;29/01/2025;24000;4
7707;100;1;23/02/2025;18000;5
8491;100;4;18/03/2025;24000;4
844;100;4;18/03/2024;24000;4
4141;100;8;22/10/2024;30000;4
4309;100;4;28/10/2024;24000;5
4836;100;1;15/11/2024;18000;4
6747;100;1;20/01/2025;18000;5
1989;100;9;04/07/2024;30000;4
5315;100;7;01/12/2024;29000;5
7709;100;1;23/02/2025;18000;5
3316;100;23;23/09/2024;55000;4
4894;100;5;17/11/2024;27000;4
6440;100;14;08/01/2025;28000;4
9593;100;3;23/06/2025;22000;4
9811;100;3;23/07/2025;22000;4
5947;100;14;23/12/2024;28000;5
306;101;27;30/01/2024;250000;4
1290;101;22;28/04/2024;110000;4
3123;101;21;18/09/2024;65000;5
3330;101;21;24/09/2024;65000;4
5584;101;4;10/12/2024;24000;5
7273;101;2;08/02/2025;20000;4
8153;101;1;07/03/2025;18000;4
8799;101;3;29/03/2025;22000;4
9614;101;3;26/06/2025;22000;5
10250;101;4;15/09/2025;24000;5
157;101;3;18/01/2024;22000;5
462;101;25;14/02/2024;75000;5
952;101;9;30/03/2024;30000;4
3447;101;21;28/09/2024;65000;5
3908;101;5;13/10/2024;27000;4
6441;101;14;08/01/2025;28000;4
6938;101;4;26/01/2025;24000;5
8244;101;2;10/03/2025;20000;5
9808;101;1;23/07/2025;18000;5
328;101;17;01/02/2024;27000;5
499;101;20;17/02/2024;22000;5
1331;101;28;01/05/2024;200000;5
2326;101;24;03/08/2024;25000;5
2489;101;24;20/08/2024;25000;5
2807;101;24;07/09/2024;25000;4
6288;101;14;03/01/2025;28000;5
7350;101;4;10/02/2025;24000;4
478;101;26;15/02/2024;175000;4
4444;101;6;02/11/2024;27000;4
7927;101;2;01/03/2025;20000;5
10269;101;4;18/09/2025;24000;4
5;101;17;01/01/2024;27000;4
357;101;22;03/02/2024;110000;4
1597;101;9;26/05/2024;30000;5
895;102;1;24/03/2024;18000;4
1546;102;17;21/05/2024;27000;5
2165;102;25;20/07/2024;75000;4
2391;102;24;10/08/2024;25000;5
4292;102;10;27/10/2024;29000;4
4893;102;5;17/11/2024;27000;4
5868;102;14;20/12/2024;28000;4
6809;102;1;22/01/2025;18000;5
6874;102;3;24/01/2025;22000;4
7428;102;4;12/02/2025;24000;5
8710;102;3;26/03/2025;22000;4
8866;102;1;01/04/2025;18000;5
8918;102;1;07/04/2025;18000;5
9013;102;3;18/04/2025;22000;4
9981;102;2;12/08/2025;20000;4
1402;102;16;08/05/2024;28000;4
1980;102;2;03/07/2024;20000;5
4626;102;4;08/11/2024;24000;4
4936;102;9;18/11/2024;30000;5
6276;102;14;03/01/2025;28000;4
7208;102;2;06/02/2025;20000;4
7916;102;1;01/03/2025;18000;5
8383;102;2;15/03/2025;20000;5
9379;102;3;26/05/2025;22000;4
10162;102;2;05/09/2025;20000;4
147;102;7;17/01/2024;29000;4
570;102;5;24/02/2024;27000;5
793;102;20;13/03/2024;22000;4
4069;102;5;19/10/2024;27000;4
8815;102;1;30/03/2025;18000;5
3798;102;7;09/10/2024;29000;4
697;102;10;05/03/2024;29000;4
6341;102;14;05/01/2025;28000;5
1205;103;2;22/04/2024;20000;5
2691;103;24;03/09/2024;25000;4
4749;103;6;12/11/2024;27000;5
7761;103;1;25/02/2025;18000;5
8591;103;2;22/03/2025;20000;4
8883;103;4;02/04/2025;24000;5
169;103;1;19/01/2024;18000;4
1181;103;20;19/04/2024;22000;4
1268;103;8;27/04/2024;30000;4
1487;103;14;15/05/2024;28000;4
1755;103;17;08/06/2024;27000;4
4263;103;1;27/10/2024;18000;5
4515;103;10;04/11/2024;29000;4
6306;103;14;04/01/2025;28000;4
6845;103;3;23/01/2025;22000;5
6963;103;4;27/01/2025;24000;4
9214;103;1;09/05/2025;18000;4
9908;103;1;05/08/2025;18000;4
10363;103;3;29/09/2025;22000;5
1890;103;17;23/06/2024;27000;5
9066;103;3;24/04/2025;22000;5
1299;103;1;30/04/2024;18000;5
2427;103;24;14/08/2024;25000;4
2555;103;24;27/08/2024;25000;5
10203;103;3;10/09/2025;22000;4
2137;103;10;18/07/2024;29000;5
4811;103;5;14/11/2024;27000;4
5826;103;7;19/12/2024;29000;4
8203;103;3;08/03/2025;22000;5
9059;103;3;23/04/2025;22000;5
9076;103;2;25/04/2025;20000;4
9991;103;1;13/08/2025;18000;4
322;104;9;01/02/2024;30000;4
336;104;4;02/02/2024;24000;4
412;104;26;09/02/2024;175000;4
1751;104;3;08/06/2024;22000;4
2763;104;24;06/09/2024;25000;4
3612;104;1;03/10/2024;18000;4
4779;104;5;13/11/2024;27000;4
5652;104;11;12/12/2024;25000;5
5872;104;14;20/12/2024;28000;5
5911;104;14;22/12/2024;28000;4
6097;104;14;28/12/2024;28000;5
6170;104;14;30/12/2024;28000;5
6888;104;1;25/01/2025;18000;4
7264;104;1;08/02/2025;18000;4
8632;104;4;23/03/2025;24000;5
8638;104;1;24/03/2025;18000;5
1031;104;14;05/04/2024;28000;4
2893;104;21;10/09/2024;65000;5
3167;104;22;19/09/2024;110000;5
4298;104;11;27/10/2024;25000;5
5098;104;4;24/11/2024;24000;5
6304;104;14;04/01/2025;28000;5
8477;104;2;18/03/2025;20000;4
10084;104;4;25/08/2025;24000;5
1387;104;28;06/05/2024;200000;5
1798;104;19;12/06/2024;18000;5
4961;104;4;19/11/2024;24000;4
9489;104;1;10/06/2025;18000;5
6092;104;14;28/12/2024;28000;4
6487;104;14;10/01/2025;28000;5
8183;104;2;08/03/2025;20000;5
1465;104;22;13/05/2024;110000;4
3904;104;4;13/10/2024;24000;5
5814;104;11;18/12/2024;25000;4
6058;104;14;26/12/2024;28000;5
7981;104;2;02/03/2025;20000;4
2292;104;27;31/07/2024;250000;5
7171;104;4;04/02/2025;24000;5
641;105;27;01/03/2024;250000;5
1879;105;18;22/06/2024;22000;5
3335;105;22;24/09/2024;110000;5
3476;105;21;29/09/2024;65000;5
4736;105;2;12/11/2024;20000;4
4809;105;4;14/11/2024;24000;4
4982;105;1;20/11/2024;18000;5
5780;105;1;18/12/2024;18000;5
6562;105;2;13/01/2025;20000;5
7555;105;3;17/02/2025;22000;5
8001;105;3;02/03/2025;22000;4
8598;105;3;22/03/2025;22000;5
9806;105;3;22/07/2025;22000;5
623;105;1;01/03/2024;18000;4
1529;105;11;19/05/2024;25000;4
2175;105;12;21/07/2024;22000;5
5434;105;2;05/12/2024;20000;5
5967;105;14;23/12/2024;28000;4
6250;105;14;02/01/2025;28000;4
7229;105;1;07/02/2025;18000;5
7502;105;3;15/02/2025;22000;5
8182;105;1;08/03/2025;18000;4
8571;105;4;21/03/2025;24000;4
9762;105;2;16/07/2025;20000;4
143;105;22;16/01/2024;110000;5
861;105;16;20/03/2024;28000;4
4114;105;6;21/10/2024;27000;5
4604;105;9;07/11/2024;30000;5
4925;105;6;18/11/2024;27000;4
4950;105;1;19/11/2024;18000;4
7056;105;2;31/01/2025;20000;5
8872;105;3;01/04/2025;22000;5
4485;105;8;03/11/2024;30000;4
1786;105;11;11/06/2024;25000;4
6308;105;14;04/01/2025;28000;4
6337;105;14;05/01/2025;28000;5
1153;105;3;16/04/2024;22000;4
3792;105;5;09/10/2024;27000;4
35;106;15;04/01/2024;30000;5
564;106;19;23/02/2024;18000;5
1769;106;3;10/06/2024;22000;4
2232;106;1;26/07/2024;18000;5
2689;106;24;03/09/2024;25000;4
3131;106;22;18/09/2024;110000;4
4597;106;4;07/11/2024;24000;4
4646;106;11;08/11/2024;25000;4
5143;106;4;26/11/2024;24000;5
5267;106;6;30/11/2024;27000;4
6893;106;2;25/01/2025;20000;5
7579;106;2;18/02/2025;20000;4
9410;106;1;30/05/2025;18000;4
10307;106;3;22/09/2025;22000;5
1954;106;14;01/07/2024;28000;5
2472;106;24;19/08/2024;25000;4
2504;106;24;22/08/2024;25000;4
3416;106;22;27/09/2024;110000;5
3842;106;2;11/10/2024;20000;4
4221;106;2;25/10/2024;20000;4
4772;106;3;13/11/2024;22000;5
5296;106;5;01/12/2024;27000;4
8646;106;2;24/03/2025;20000;5
8774;106;4;28/03/2025;24000;4
8871;106;3;01/04/2025;22000;4
9740;106;1;13/07/2025;18000;4
10082;106;3;25/08/2025;22000;5
539;106;1;22/02/2024;18000;5
1228;106;22;23/04/2024;110000;5
1721;106;1;06/06/2024;18000;5
3578;106;1;02/10/2024;18000;4
3677;106;7;05/10/2024;29000;5
4368;106;11;30/10/2024;25000;5
5125;106;8;25/11/2024;30000;4
7963;106;1;02/03/2025;18000;4
7383;106;3;11/02/2025;22000;4
7441;106;2;13/02/2025;20000;4
9491;106;3;10/06/2025;22000;4
8136;106;2;06/03/2025;20000;4
8839;106;1;31/03/2025;18000;4
558;107;9;23/02/2024;30000;4
648;107;8;02/03/2024;30000;5
1283;107;10;28/04/2024;29000;5
2117;107;21;16/07/2024;65000;4
2458;107;24;17/08/2024;25000;4
2769;107;24;06/09/2024;25000;4
3566;107;24;01/10/2024;25000;5
3882;107;7;12/10/2024;29000;4
4129;107;2;22/10/2024;20000;4
4702;107;10;10/11/2024;29000;4
5080;107;8;23/11/2024;30000;5
5841;107;14;19/12/2024;28000;4
5951;107;14;23/12/2024;28000;5
7127;107;2;03/02/2025;20000;4
8031;107;1;03/03/2025;18000;4
8318;107;1;13/03/2025;18000;5
8814;107;1;30/03/2025;18000;5
9146;107;3;02/05/2025;22000;4
9474;107;1;08/06/2025;18000;4
10170;107;4;05/09/2025;24000;5
116;107;14;14/01/2024;28000;5
509;107;8;19/02/2024;30000;5
1104;107;8;11/04/2024;30000;4
2067;107;26;11/07/2024;175000;4
2208;107;23;23/07/2024;55000;4
3846;107;4;11/10/2024;24000;5
5973;107;14;23/12/2024;28000;5
6450;107;14;09/01/2025;28000;4
6843;107;2;23/01/2025;20000;4
7022;107;4;29/01/2025;24000;4
8933;107;2;09/04/2025;20000;5
8953;107;3;12/04/2025;22000;4
1582;107;14;24/05/2024;28000;4
2079;107;17;12/07/2024;27000;4
3092;107;21;17/09/2024;65000;4
4781;107;5;13/11/2024;27000;4
4914;107;2;18/11/2024;20000;5
5399;107;7;03/12/2024;29000;4
7810;107;3;26/02/2025;22000;5
7856;107;1;28/02/2025;18000;5
1006;107;25;02/04/2024;75000;5
7272;107;2;08/02/2025;20000;4
8338;107;4;13/03/2025;24000;4
5633;107;2;12/12/2024;20000;4
7991;107;2;02/03/2025;20000;4
9951;107;2;09/08/2025;20000;4
6172;107;14;30/12/2024;28000;5
8013;107;4;02/03/2025;24000;5
8414;107;2;16/03/2025;20000;4
1486;108;14;15/05/2024;28000;4
1713;108;10;05/06/2024;29000;5
2956;108;24;11/09/2024;25000;4
3895;108;11;12/10/2024;25000;4
5698;108;9;14/12/2024;30000;5
7622;108;4;19/02/2025;24000;5
9334;108;1;22/05/2025;18000;4
9779;108;1;19/07/2025;18000;4
9964;108;3;10/08/2025;22000;5
1157;108;23;16/04/2024;55000;4
1842;108;12;17/06/2024;22000;5
6718;108;1;19/01/2025;18000;4
7462;108;4;13/02/2025;24000;4
7506;108;3;15/02/2025;22000;4
8009;108;3;02/03/2025;22000;5
9707;108;3;08/07/2025;22000;4
9966;108;4;10/08/2025;24000;4
10089;108;2;26/08/2025;20000;5
10126;108;1;01/09/2025;18000;5
815;108;24;15/03/2024;25000;4
1301;108;8;30/04/2024;30000;5
1469;108;3;14/05/2024;22000;4
3231;108;21;21/09/2024;65000;4
3618;108;6;03/10/2024;27000;5
4952;108;2;19/11/2024;20000;4
7900;108;3;28/02/2025;22000;5
8680;108;2;25/03/2025;20000;5
4262;108;11;26/10/2024;25000;5
7955;108;4;01/03/2025;24000;5
8283;108;4;11/03/2025;24000;4
10388;109;4;01/10/2025;24000;4
359;109;25;03/02/2024;75000;5
704;109;25;05/03/2024;75000;4
1078;109;11;09/04/2024;25000;4
1634;109;22;29/05/2024;110000;5
3529;109;24;30/09/2024;25000;5
3709;109;7;06/10/2024;29000;4
5685;109;5;14/12/2024;27000;4
6047;109;14;26/12/2024;28000;4
6805;109;1;22/01/2025;18000;5
8840;109;1;31/03/2025;18000;5
9369;109;3;25/05/2025;22000;5
10067;109;1;23/08/2025;18000;4
2076;109;15;12/07/2024;30000;4
2456;109;24;17/08/2024;25000;4
3048;109;23;15/09/2024;55000;4
4031;109;2;18/10/2024;20000;5
4833;109;1;15/11/2024;18000;4
5704;109;2;15/12/2024;20000;4
6458;109;14;09/01/2025;28000;5
6812;109;2;22/01/2025;20000;4
6982;109;3;28/01/2025;22000;4
7083;109;2;01/02/2025;20000;4
7256;109;1;08/02/2025;18000;5
8796;109;3;29/03/2025;22000;4
10317;109;3;24/09/2025;22000;4
111;109;22;13/01/2024;110000;5
1895;109;11;24/06/2024;25000;5
2153;109;25;19/07/2024;75000;4
2964;109;22;12/09/2024;110000;4
3244;109;23;21/09/2024;55000;4
3491;109;22;29/09/2024;110000;5
3741;109;5;07/10/2024;27000;5
4103;109;11;20/10/2024;25000;4
6318;109;14;04/01/2025;28000;5
9;109;3;02/01/2024;22000;4
5016;109;5;21/11/2024;27000;4
1383;109;17;06/05/2024;27000;5
1676;109;15;02/06/2024;30000;4
891;109;16;23/03/2024;28000;4
7343;109;3;10/02/2025;22000;5
460;110;19;14/02/2024;18000;4
1686;110;11;03/06/2024;25000;5
2908;110;22;10/09/2024;110000;4
3951;110;9;14/10/2024;30000;4
4352;110;10;29/10/2024;29000;5
4486;110;8;03/11/2024;30000;5
5150;110;5;26/11/2024;27000;4
5181;110;7;27/11/2024;29000;4
6056;110;14;26/12/2024;28000;5
7289;110;4;08/02/2025;24000;5
7749;110;3;24/02/2025;22000;5
9189;110;4;06/05/2025;24000;4
9234;110;4;10/05/2025;24000;5
9933;110;1;07/08/2025;18000;5
10204;110;3;10/09/2025;22000;4
12;110;21;02/01/2024;65000;4
2948;110;23;11/09/2024;55000;5
3843;110;3;11/10/2024;22000;5
4996;110;6;20/11/2024;27000;5
5111;110;1;25/11/2024;18000;4
6234;110;14;01/01/2025;28000;5
7434;110;4;12/02/2025;24000;4
7855;110;4;27/02/2025;24000;4
7925;110;2;01/03/2025;20000;4
7931;110;2;01/03/2025;20000;5
8316;110;4;12/03/2025;24000;4
8394;110;3;15/03/2025;22000;4
9176;110;3;05/05/2025;22000;4
9353;110;1;24/05/2025;18000;4
528;110;8;21/02/2024;30000;5
828;110;27;16/03/2024;250000;4
2147;110;9;19/07/2024;30000;4
2256;110;13;28/07/2024;25000;4
2766;110;24;06/09/2024;25000;5
2821;110;21;08/09/2024;65000;4
3002;110;21;14/09/2024;65000;4
3662;110;11;04/10/2024;25000;5
4384;110;8;31/10/2024;30000;4
6123;110;14;28/12/2024;28000;5
7581;110;2;18/02/2025;20000;4
62;110;14;07/01/2024;28000;5
1044;110;18;06/04/2024;22000;5
3374;110;23;25/09/2024;55000;5
4552;110;8;05/11/2024;30000;5
8733;110;2;27/03/2025;20000;5
5081;110;9;23/11/2024;30000;5
7984;110;2;02/03/2025;20000;4
3739;110;4;07/10/2024;24000;4
5006;110;11;20/11/2024;25000;4
6102;110;14;28/12/2024;28000;4
1232;111;28;23/04/2024;200000;4
1328;111;24;01/05/2024;25000;4
3005;111;21;14/09/2024;65000;4
3575;111;24;01/10/2024;25000;4
4863;111;11;15/11/2024;25000;4
8010;111;3;02/03/2025;22000;5
8793;111;2;29/03/2025;20000;4
9085;111;3;26/04/2025;22000;4
9686;111;1;05/07/2025;18000;5
10276;111;3;19/09/2025;22000;4
10287;111;2;20/09/2025;20000;5
1693;111;27;03/06/2024;250000;4
1875;111;1;22/06/2024;18000;4
3769;111;6;08/10/2024;27000;4
4277;111;6;27/10/2024;27000;5
5051;111;7;22/11/2024;29000;5
3028;111;24;14/09/2024;25000;5
6137;111;14;29/12/2024;28000;5
9116;111;1;01/05/2025;18000;4
5191;111;10;27/11/2024;29000;5
10348;111;3;27/09/2025;22000;5
3422;111;23;27/09/2024;55000;4
2547;111;24;26/08/2024;25000;4
4026;111;10;17/10/2024;29000;5
6257;111;14;02/01/2025;28000;5
6898;111;3;25/01/2025;22000;5
3022;112;24;14/09/2024;25000;5
3035;112;21;15/09/2024;65000;5
5140;112;2;26/11/2024;20000;4
5283;112;2;01/12/2024;20000;5
5907;112;14;21/12/2024;28000;4
6166;112;14;30/12/2024;28000;4
6228;112;14;01/01/2025;28000;5
7173;112;4;04/02/2025;24000;4
325;112;10;01/02/2024;29000;4
813;112;17;15/03/2024;27000;5
947;112;5;30/03/2024;27000;4
3296;112;21;23/09/2024;65000;5
3776;112;11;08/10/2024;25000;5
6094;112;14;28/12/2024;28000;4
7296;112;1;09/02/2025;18000;5
7387;112;4;11/02/2025;24000;5
8168;112;3;07/03/2025;22000;4
8292;112;1;12/03/2025;18000;5
9251;112;3;12/05/2025;22000;4
9438;112;3;02/06/2025;22000;5
9658;112;4;01/07/2025;24000;4
77;112;3;10/01/2024;22000;5
922;112;7;27/03/2024;29000;5
1569;112;5;23/05/2024;27000;5
2289;112;11;31/07/2024;25000;5
3698;112;2;06/10/2024;20000;4
4482;112;6;03/11/2024;27000;5
6597;112;2;14/01/2025;20000;4
9877;112;1;02/08/2025;18000;5
999;112;16;02/04/2024;28000;5
6693;112;1;18/01/2025;18000;4
9520;112;1;15/06/2025;18000;5
652;112;19;02/03/2024;18000;5
6083;112;14;27/12/2024;28000;4
3115;112;24;17/09/2024;25000;4
7571;112;1;18/02/2025;18000;4
9613;112;3;26/06/2025;22000;4
757;113;24;10/03/2024;25000;4
4408;113;8;01/11/2024;30000;5
4622;113;2;08/11/2024;20000;5
6163;113;14;30/12/2024;28000;5
6281;113;14;03/01/2025;28000;4
6903;113;3;25/01/2025;22000;5
7962;113;4;01/03/2025;24000;4
8226;113;2;09/03/2025;20000;4
8409;113;1;16/03/2025;18000;4
9341;113;1;23/05/2025;18000;5
9854;113;3;29/07/2025;22000;5
747;113;2;10/03/2024;20000;4
1593;113;20;25/05/2024;22000;5
2221;113;25;24/07/2024;75000;4
4060;113;3;19/10/2024;22000;5
7010;113;2;29/01/2025;20000;4
7446;113;3;13/02/2025;22000;4
8076;113;4;04/03/2025;24000;5
1483;113;6;15/05/2024;27000;4
2109;113;5;16/07/2024;27000;5
2247;113;5;27/07/2024;27000;4
2581;113;24;28/08/2024;25000;5
4228;113;5;25/10/2024;27000;5
4818;113;7;14/11/2024;29000;5
4942;113;10;18/11/2024;29000;5
9786;113;4;19/07/2025;24000;5
4624;113;4;08/11/2024;24000;4
3958;113;2;15/10/2024;20000;5
4732;113;11;11/11/2024;25000;4
10059;113;2;22/08/2025;20000;5
2913;113;22;10/09/2024;110000;4
2968;113;22;12/09/2024;110000;5
6275;113;14;03/01/2025;28000;5
731;114;24;08/03/2024;25000;4
2858;114;22;09/09/2024;110000;4
3245;114;23;21/09/2024;55000;5
3684;114;8;05/10/2024;30000;4
3912;114;7;13/10/2024;29000;5
4024;114;10;17/10/2024;29000;5
5232;114;6;29/11/2024;27000;4
7014;114;3;29/01/2025;22000;5
7190;114;3;05/02/2025;22000;5
7544;114;2;17/02/2025;20000;4
8619;114;2;23/03/2025;20000;5
9567;114;1;21/06/2025;18000;4
9691;114;3;05/07/2025;22000;4
9777;114;4;18/07/2025;24000;4
10346;114;2;27/09/2025;20000;5
355;114;12;03/02/2024;22000;4
801;114;13;14/03/2024;25000;4
923;114;10;27/03/2024;29000;5
1378;114;2;06/05/2024;20000;4
2990;114;22;13/09/2024;110000;5
3161;114;21;19/09/2024;65000;5
6702;114;2;18/01/2025;20000;5
7560;114;3;17/02/2025;22000;4
7905;114;4;28/02/2025;24000;5
8264;114;1;11/03/2025;18000;4
8678;114;2;25/03/2025;20000;4
377;114;18;06/02/2024;22000;5
949;114;6;30/03/2024;27000;4
1032;114;25;05/04/2024;75000;5
2578;114;24;28/08/2024;25000;4
3968;114;5;15/10/2024;27000;5
4822;114;8;14/11/2024;30000;4
6807;114;1;22/01/2025;18000;5
8682;114;2;25/03/2025;20000;4
1;114;2;01/01/2024;20000;4
113;114;25;13/01/2024;75000;4
333;114;25;01/02/2024;75000;4
5987;114;14;24/12/2024;28000;4
8253;114;3;10/03/2025;22000;4
5155;114;9;26/11/2024;30000;5
2764;114;24;06/09/2024;25000;4
5689;114;6;14/12/2024;27000;5
6369;114;14;06/01/2025;28000;4
142;115;19;16/01/2024;18000;4
323;115;9;01/02/2024;30000;5
507;115;25;18/02/2024;75000;4
958;115;25;30/03/2024;75000;5
1393;115;11;07/05/2024;25000;5
2732;115;24;05/09/2024;25000;4
3141;115;23;18/09/2024;55000;5
3809;115;11;09/10/2024;25000;5
4565;115;2;06/11/2024;20000;4
4757;115;8;12/11/2024;30000;4
6725;115;2;19/01/2025;20000;5
7780;115;3;25/02/2025;22000;4
156;115;3;18/01/2024;22000;5
2735;115;24;05/09/2024;25000;5
7992;115;2;02/03/2025;20000;4
8625;115;3;23/03/2025;22000;4
9259;115;1;13/05/2025;18000;5
9348;115;4;23/05/2025;24000;4
9829;115;2;25/07/2025;20000;4
226;115;11;24/01/2024;25000;4
583;115;8;25/02/2024;30000;5
1344;115;4;03/05/2024;24000;5
2636;115;24;01/09/2024;25000;5
3060;115;24;15/09/2024;25000;5
3134;115;22;18/09/2024;110000;4
4065;115;4;19/10/2024;24000;5
8854;115;3;31/03/2025;22000;5
8235;115;4;09/03/2025;24000;4
10312;115;4;23/09/2025;24000;5
6656;115;3;16/01/2025;22000;5
9357;115;2;24/05/2025;20000;4
1018;115;26;03/04/2024;175000;5
1396;115;26;07/05/2024;175000;4
4800;115;1;14/11/2024;18000;5
5334;115;10;01/12/2024;29000;4
6105;115;14;28/12/2024;28000;4
8881;115;3;02/04/2025;22000;5
1618;116;3;28/05/2024;22000;4
4025;116;10;17/10/2024;29000;4
4379;116;6;31/10/2024;27000;4
4778;116;5;13/11/2024;27000;5
4804;116;4;14/11/2024;24000;5
5632;116;1;12/12/2024;18000;5
6192;116;14;31/12/2024;28000;4
6896;116;3;25/01/2025;22000;5
9174;116;3;05/05/2025;22000;4
9272;116;3;14/05/2025;22000;4
9763;116;3;16/07/2025;22000;5
10176;116;4;06/09/2025;24000;5
273;116;12;28/01/2024;22000;4
1296;116;10;29/04/2024;29000;5
1548;116;19;21/05/2024;18000;4
3893;116;9;12/10/2024;30000;4
4013;116;5;17/10/2024;27000;4
5532;116;8;08/12/2024;30000;5
5818;116;1;19/12/2024;18000;4
6508;116;3;11/01/2025;22000;4
6540;116;3;12/01/2025;22000;5
8295;116;1;12/03/2025;18000;5
8416;116;3;16/03/2025;22000;4
8802;116;3;29/03/2025;22000;5
9006;116;1;18/04/2025;18000;5
9209;116;2;08/05/2025;20000;4
9225;116;4;09/05/2025;24000;4
9663;116;1;02/07/2025;18000;4
9734;116;2;12/07/2025;20000;4
3366;116;23;25/09/2024;55000;5
3907;116;5;13/10/2024;27000;4
4613;116;1;08/11/2024;18000;5
10256;116;2;17/09/2025;20000;5
10298;116;2;21/09/2025;20000;5
8583;116;1;22/03/2025;18000;4
4883;116;9;16/11/2024;30000;5
8900;116;4;04/04/2025;24000;4
2582;116;24;29/08/2024;25000;4
7099;116;4;01/02/2025;24000;4
7427;116;4;12/02/2025;24000;5
9386;116;1;27/05/2025;18000;5
22;117;9;03/01/2024;30000;5
910;117;16;25/03/2024;28000;5
1099;117;19;10/04/2024;18000;5
1523;117;21;18/05/2024;65000;5
3409;117;21;27/09/2024;65000;4
4968;117;6;19/11/2024;27000;5
5063;117;11;22/11/2024;25000;4
6455;117;14;09/01/2025;28000;5
6814;117;2;22/01/2025;20000;4
7122;117;1;03/02/2025;18000;5
7971;117;1;02/03/2025;18000;4
8310;117;3;12/03/2025;22000;4
8703;117;2;26/03/2025;20000;4
9405;117;4;28/05/2025;24000;4
110;117;22;13/01/2024;110000;4
808;117;2;15/03/2024;20000;4
849;117;17;18/03/2024;27000;4
1433;117;12;10/05/2024;22000;5
1681;117;2;03/06/2024;20000;4
2477;117;24;19/08/2024;25000;5
3667;117;2;05/10/2024;20000;5
4536;117;2;05/11/2024;20000;4
4615;117;1;08/11/2024;18000;4
5343;117;1;02/12/2024;18000;4
5699;117;10;14/12/2024;29000;4
5700;117;10;14/12/2024;29000;4
6498;117;1;11/01/2025;18000;5
7338;117;2;10/02/2025;20000;4
7777;117;2;25/02/2025;20000;5
7848;117;3;27/02/2025;22000;5
7936;117;2;01/03/2025;20000;5
8324;117;2;13/03/2025;20000;5
903;117;2;25/03/2024;20000;5
2755;117;24;06/09/2024;25000;5
3031;117;21;15/09/2024;65000;4
3945;117;7;14/10/2024;29000;5
4310;117;5;28/10/2024;27000;5
7685;117;1;22/02/2025;18000;4
8661;117;4;24/03/2025;24000;5
10019;117;4;16/08/2025;24000;4
7240;117;2;07/02/2025;20000;4
8700;117;1;26/03/2025;18000;4
1856;117;18;19/06/2024;22000;4
4356;117;1;30/10/2024;18000;5
4948;117;1;19/11/2024;18000;5
6518;117;14;11/01/2025;28000;4
8444;117;1;17/03/2025;18000;4
5861;117;14;20/12/2024;28000;5
8557;117;2;21/03/2025;20000;4
9086;117;3;26/04/2025;22000;5
47;118;5;06/01/2024;27000;5
153;118;24;17/01/2024;25000;4
3110;118;24;17/09/2024;25000;5
4236;118;11;25/10/2024;25000;5
4920;118;4;18/11/2024;24000;5
5277;118;1;01/12/2024;18000;5
8064;118;2;04/03/2025;20000;5
9140;118;4;01/05/2025;24000;4
9871;118;1;01/08/2025;18000;5
9881;118;2;02/08/2025;20000;4
64;118;13;08/01/2024;25000;4
643;118;4;02/03/2024;24000;5
661;118;4;03/03/2024;24000;5
1007;118;25;02/04/2024;75000;4
1427;118;6;10/05/2024;27000;4
3080;118;23;16/09/2024;55000;5
3461;118;24;28/09/2024;25000;5
3506;118;21;30/09/2024;65000;5
5189;118;9;27/11/2024;30000;4
5254;118;1;30/11/2024;18000;4
5375;118;11;02/12/2024;25000;4
5798;118;6;18/12/2024;27000;4
6332;118;14;05/01/2025;28000;4
7429;118;4;12/02/2025;24000;5
7470;118;1;14/02/2025;18000;4
9107;118;2;29/04/2025;20000;4
9290;118;2;16/05/2025;20000;4
10358;118;4;28/09/2025;24000;4
86;118;28;10/01/2024;200000;4
3203;118;21;20/09/2024;65000;4
4058;118;1;19/10/2024;18000;5
6373;118;14;06/01/2025;28000;4
497;118;16;17/02/2024;28000;5
759;118;26;10/03/2024;175000;4
1259;118;17;26/04/2024;27000;5
4956;118;2;19/11/2024;20000;5
5676;118;1;14/12/2024;18000;5
8354;118;2;14/03/2025;20000;5
9623;118;4;27/06/2025;24000;4
920;118;26;26/03/2024;175000;5
7323;118;1;10/02/2025;18000;4
9770;118;1;18/07/2025;18000;5
721;119;23;07/03/2024;55000;5
2186;119;3;22/07/2024;22000;4
2268;119;11;29/07/2024;25000;4
5138;119;2;26/11/2024;20000;5
5447;119;6;05/12/2024;27000;5
7876;119;4;28/02/2025;24000;4
8110;119;3;05/03/2025;22000;4
9242;119;3;11/05/2025;22000;4
1841;119;7;17/06/2024;29000;5
3481;119;22;29/09/2024;110000;4
3784;119;2;09/10/2024;20000;4
4389;119;1;01/11/2024;18000;5
4437;119;4;02/11/2024;24000;5
4640;119;10;08/11/2024;29000;4
5300;119;5;01/12/2024;27000;4
5485;119;5;07/12/2024;27000;5
6242;119;14;02/01/2025;28000;4
6336;119;14;05/01/2025;28000;5
8167;119;3;07/03/2025;22000;5
8243;119;2;10/03/2025;20000;5
8561;119;3;21/03/2025;22000;5
880;119;12;22/03/2024;22000;5
1544;119;6;21/05/2024;27000;5
1965;119;3;02/07/2024;22000;5
4340;119;4;29/10/2024;24000;5
4645;119;11;08/11/2024;25000;4
4639;119;9;08/11/2024;30000;5
6939;119;4;26/01/2025;24000;5
9153;119;2;03/05/2025;20000;5
5827;119;8;19/12/2024;30000;4
7416;119;3;12/02/2025;22000;5
8213;119;1;09/03/2025;18000;5
8075;119;4;04/03/2025;24000;4
1468;119;27;13/05/2024;250000;5
8724;119;1;27/03/2025;18000;5
10027;119;3;18/08/2025;22000;4
376;120;18;06/02/2024;22000;5
633;120;15;01/03/2024;30000;5
5105;120;9;24/11/2024;30000;4
5752;120;1;17/12/2024;18000;5
6539;120;3;12/01/2025;22000;5
6775;120;4;20/01/2025;24000;5
7849;120;3;27/02/2025;22000;4
7943;120;3;01/03/2025;22000;4
8637;120;4;23/03/2025;24000;4
155;120;28;17/01/2024;200000;4
1927;120;1;29/06/2024;18000;5
3531;120;21;01/10/2024;65000;5
3916;120;9;13/10/2024;30000;4
4011;120;2;17/10/2024;20000;5
5310;120;7;01/12/2024;29000;4
5717;120;9;15/12/2024;30000;4
6156;120;14;29/12/2024;28000;5
6502;120;2;11/01/2025;20000;4
9035;120;3;20/04/2025;22000;5
432;120;22;11/02/2024;110000;4
1184;120;3;20/04/2024;22000;5
1918;120;2;28/06/2024;20000;4
2984;120;21;13/09/2024;65000;5
3058;120;24;15/09/2024;25000;5
3537;120;21;01/10/2024;65000;5
3559;120;23;01/10/2024;55000;4
4136;120;4;22/10/2024;24000;4
4201;120;5;24/10/2024;27000;5
6965;120;1;28/01/2025;18000;5
7491;120;2;15/02/2025;20000;4
7603;120;1;19/02/2025;18000;5
7999;120;2;02/03/2025;20000;4
8363;120;3;14/03/2025;22000;4
8424;120;4;16/03/2025;24000;4
8586;120;2;22/03/2025;20000;4
8643;120;1;24/03/2025;18000;5
9319;120;1;20/05/2025;18000;4
61;120;13;07/01/2024;25000;5
1533;120;17;19/05/2024;27000;4
7519;120;1;16/02/2025;18000;5
8489;120;4;18/03/2025;24000;4
136;120;7;16/01/2024;29000;5
1247;120;16;25/04/2024;28000;4
3249;120;24;21/09/2024;25000;4
3073;120;22;16/09/2024;110000;4
3507;120;21;30/09/2024;65000;5
7827;120;2;27/02/2025;20000;5
10051;120;1;22/08/2025;18000;5
926;121;17;27/03/2024;27000;5
1391;121;9;07/05/2024;30000;5
2614;121;24;01/09/2024;25000;4
5558;121;6;09/12/2024;27000;5
7594;121;4;18/02/2025;24000;5
8577;121;1;22/03/2025;18000;5
8800;121;3;29/03/2025;22000;4
9495;121;3;11/06/2025;22000;4
1770;121;12;10/06/2024;22000;4
2431;121;24;14/08/2024;25000;4
2882;121;24;09/09/2024;25000;5
4747;121;5;12/11/2024;27000;4
6685;121;4;17/01/2025;24000;4
7131;121;3;03/02/2025;22000;5
3791;121;5;09/10/2024;27000;5
4374;121;4;31/10/2024;24000;4
4479;121;6;03/11/2024;27000;5
5103;121;8;24/11/2024;30000;4
6478;121;14;10/01/2025;28000;4
7043;121;4;30/01/2025;24000;4
7512;121;4;15/02/2025;24000;5
8890;121;4;03/04/2025;24000;5
9171;121;1;05/05/2025;18000;4
201;121;20;22/01/2024;22000;5
494;121;3;17/02/2024;22000;5
1253;121;27;25/04/2024;250000;4
1285;121;10;28/04/2024;29000;5
3657;121;8;04/10/2024;30000;5
7768;121;2;25/02/2025;20000;4
10028;121;4;18/08/2025;24000;5
10050;121;3;21/08/2025;22000;4
772;121;27;11/03/2024;250000;4
5200;121;2;28/11/2024;20000;5
9027;121;4;19/04/2025;24000;5
4434;121;3;02/11/2024;22000;4
6342;121;14;05/01/2025;28000;5
8405;121;1;16/03/2025;18000;5
9118;121;1;01/05/2025;18000;4
2709;121;24;04/09/2024;25000;5
3627;121;9;03/10/2024;30000;4
5573;121;11;09/12/2024;25000;5
6007;121;14;24/12/2024;28000;5
6255;121;14;02/01/2025;28000;5
6325;121;14;05/01/2025;28000;4
7314;121;4;09/02/2025;24000;4
974;122;19;31/03/2024;18000;5
2563;122;24;27/08/2024;25000;4
2706;122;24;04/09/2024;25000;4
4455;122;9;02/11/2024;30000;5
5050;122;6;22/11/2024;27000;5
5215;122;10;28/11/2024;29000;5
6112;122;14;28/12/2024;28000;5
7794;122;4;25/02/2025;24000;4
8737;122;3;27/03/2025;22000;5
9347;122;3;23/05/2025;22000;5
1025;122;24;04/04/2024;25000;4
2754;122;24;06/09/2024;25000;5
5237;122;7;29/11/2024;29000;5
5876;122;14;20/12/2024;28000;4
7049;122;1;31/01/2025;18000;4
8738;122;3;27/03/2025;22000;5
9276;122;4;14/05/2025;24000;4
9747;122;1;14/07/2025;18000;4
9960;122;2;10/08/2025;20000;4
1507;122;16;17/05/2024;28000;5
3072;122;22;16/09/2024;110000;4
4027;122;10;17/10/2024;29000;4
4269;122;3;27/10/2024;22000;4
4370;122;2;31/10/2024;20000;5
4591;122;1;07/11/2024;18000;4
6749;122;1;20/01/2025;18000;5
6785;122;2;21/01/2025;20000;4
7554;122;2;17/02/2025;20000;4
8546;122;4;20/03/2025;24000;4
9403;122;4;28/05/2025;24000;4
9573;122;1;22/06/2025;18000;4
850;122;19;18/03/2024;18000;4
2163;122;19;20/07/2024;18000;4
2695;122;24;03/09/2024;25000;5
3452;122;22;28/09/2024;110000;5
3819;122;5;10/10/2024;27000;4
4160;122;2;23/10/2024;20000;5
4396;122;5;01/11/2024;27000;4
6016;122;14;25/12/2024;28000;5
6823;122;3;22/01/2025;22000;5
931;122;16;28/03/2024;28000;4
8540;122;3;20/03/2025;22000;5
671;122;22;03/03/2024;110000;5
4985;122;1;20/11/2024;18000;4
5455;122;11;05/12/2024;25000;5
960;123;25;30/03/2024;75000;4
2196;123;21;22/07/2024;65000;5
2618;123;24;01/09/2024;25000;5
3397;123;23;26/09/2024;55000;5
3849;123;6;11/10/2024;27000;4
4918;123;3;18/11/2024;22000;4
6627;123;3;15/01/2025;22000;5
7490;123;1;15/02/2025;18000;5
8350;123;2;14/03/2025;20000;4
8891;123;4;03/04/2025;24000;4
384;123;8;07/02/2024;30000;5
455;123;2;14/02/2024;20000;4
3159;123;24;18/09/2024;25000;5
3935;123;4;14/10/2024;24000;4
5094;123;3;24/11/2024;22000;4
6196;123;14;31/12/2024;28000;5
7679;123;1;22/02/2025;18000;5
8749;123;1;28/03/2025;18000;5
9080;123;3;25/04/2025;22000;4
9797;123;1;21/07/2025;18000;5
309;123;9;31/01/2024;30000;4
536;123;23;21/02/2024;55000;5
796;123;23;13/03/2024;55000;5
2647;123;24;02/09/2024;25000;4
2928;123;24;10/09/2024;25000;4
3007;123;21;14/09/2024;65000;4
6081;123;14;27/12/2024;28000;5
6127;123;14;29/12/2024;28000;4
6646;123;2;16/01/2025;20000;4
8422;123;4;16/03/2025;24000;5
283;123;21;29/01/2024;65000;5
1093;123;4;10/04/2024;24000;5
1988;123;5;04/07/2024;27000;4
7369;123;2;11/02/2025;20000;4
9311;123;4;18/05/2025;24000;5
10149;123;4;03/09/2025;24000;5
682;123;16;04/03/2024;28000;5
3666;123;2;05/10/2024;20000;5
4599;123;7;07/11/2024;29000;5
4180;123;7;23/10/2024;29000;4
4500;123;3;04/11/2024;22000;5
6510;123;3;11/01/2025;22000;4
2973;123;23;12/09/2024;55000;4
7482;123;3;14/02/2025;22000;5
9378;123;3;26/05/2025;22000;4
198;124;8;22/01/2024;30000;5
986;124;19;01/04/2024;18000;5
1501;124;2;17/05/2024;20000;4
1743;124;10;07/06/2024;29000;4
2725;124;24;05/09/2024;25000;5
4355;124;11;29/10/2024;25000;4
5511;124;2;08/12/2024;20000;4
6265;124;14;03/01/2025;28000;4
9089;124;4;26/04/2025;24000;4
9660;124;4;01/07/2025;24000;4
9997;124;4;13/08/2025;24000;4
10129;124;3;01/09/2025;22000;4
10173;124;3;06/09/2025;22000;4
3266;124;22;22/09/2024;110000;5
3377;124;24;25/09/2024;25000;5
5147;124;4;26/11/2024;24000;4
6612;124;1;15/01/2025;18000;5
6731;124;2;19/01/2025;20000;5
6918;124;1;26/01/2025;18000;5
9062;124;1;24/04/2025;18000;4
9070;124;4;24/04/2025;24000;5
9211;124;3;08/05/2025;22000;5
9817;124;4;23/07/2025;24000;4
10061;124;2;22/08/2025;20000;4
735;124;27;08/03/2024;250000;5
2007;124;1;06/07/2024;18000;4
2173;124;10;21/07/2024;29000;5
4415;124;9;01/11/2024;30000;5
4905;124;10;17/11/2024;29000;5
4976;124;8;19/11/2024;30000;5
5011;124;1;21/11/2024;18000;4
5049;124;6;22/11/2024;27000;4
9967;124;4;10/08/2025;24000;4
823;124;15;16/03/2024;30000;4
2747;124;24;05/09/2024;25000;4
2756;124;24;06/09/2024;25000;4
2770;124;24;06/09/2024;25000;4
4673;124;11;09/11/2024;25000;4
1617;124;1;28/05/2024;18000;4
8690;124;3;25/03/2025;22000;4
10042;124;4;20/08/2025;24000;5
19;124;8;03/01/2024;30000;4
435;124;1;12/02/2024;18000;5
5287;124;2;01/12/2024;20000;4
6777;124;4;20/01/2025;24000;4
573;125;11;24/02/2024;25000;4
2939;125;21;11/09/2024;65000;4
3150;125;24;18/09/2024;25000;4
5626;125;8;11/12/2024;30000;5
6500;125;1;11/01/2025;18000;4
7879;125;4;28/02/2025;24000;5
9317;125;4;19/05/2025;24000;5
9336;125;2;22/05/2025;20000;5
9862;125;2;30/07/2025;20000;5
794;125;22;13/03/2024;110000;4
3509;125;21;30/09/2024;65000;5
4550;125;8;05/11/2024;30000;5
4979;125;10;19/11/2024;29000;4
5903;125;14;21/12/2024;28000;4
8210;125;4;08/03/2025;24000;4
54;125;21;06/01/2024;65000;5
3438;125;21;28/09/2024;65000;4
4051;125;10;18/10/2024;29000;5
4088;125;4;20/10/2024;24000;5
5784;125;2;18/12/2024;20000;4
6424;125;14;08/01/2025;28000;4
7569;125;1;18/02/2025;18000;5
9588;125;2;23/06/2025;20000;4
118;125;15;14/01/2024;30000;5
321;125;9;01/02/2024;30000;5
1847;125;6;18/06/2024;27000;4
1917;125;27;27/06/2024;250000;4
2311;125;24;02/08/2024;25000;5
3831;125;8;10/10/2024;30000;4
5043;125;3;22/11/2024;22000;5
349;125;5;03/02/2024;27000;5
2127;125;15;17/07/2024;30000;5
5678;125;1;14/12/2024;18000;5
5952;125;14;23/12/2024;28000;4
2570;125;24;28/08/2024;25000;5
2714;125;24;04/09/2024;25000;4
3594;125;11;02/10/2024;25000;5
7546;125;2;17/02/2025;20000;5
8402;125;1;16/03/2025;18000;5
1799;125;7;13/06/2024;29000;5
4140;125;8;22/10/2024;30000;5
5439;125;3;05/12/2024;22000;5
6776;125;4;20/01/2025;24000;5
399;126;2;09/02/2024;20000;5
1106;126;24;11/04/2024;25000;4
2534;126;24;25/08/2024;25000;4
2953;126;24;11/09/2024;25000;5
4467;126;2;03/11/2024;20000;5
4502;126;3;04/11/2024;22000;4
5118;126;3;25/11/2024;22000;4
5665;126;7;13/12/2024;29000;5
5753;126;2;17/12/2024;20000;4
6464;126;14;09/01/2025;28000;5
7664;126;3;21/02/2025;22000;4
8379;126;1;15/03/2025;18000;5
8898;126;3;04/04/2025;22000;5
10065;126;3;22/08/2025;22000;4
1806;126;4;14/06/2024;24000;4
4193;126;2;24/10/2024;20000;4
5602;126;10;10/12/2024;29000;5
6295;126;14;04/01/2025;28000;5
6554;126;4;12/01/2025;24000;5
6852;126;4;23/01/2025;24000;5
6905;126;4;25/01/2025;24000;5
8971;126;2;14/04/2025;20000;4
9108;126;3;29/04/2025;22000;4
9664;126;1;02/07/2025;18000;5
370;126;19;05/02/2024;18000;5
1060;126;3;08/04/2024;22000;4
5938;126;14;22/12/2024;28000;4
6844;126;3;23/01/2025;22000;4
7291;126;4;08/02/2025;24000;5
8274;126;3;11/03/2025;22000;5
9483;126;1;09/06/2025;18000;4
9644;126;3;30/06/2025;22000;4
10334;126;4;25/09/2025;24000;4
618;126;16;28/02/2024;28000;5
751;126;12;10/03/2024;22000;4
1844;126;25;17/06/2024;75000;4
2340;126;24;05/08/2024;25000;5
5856;126;14;20/12/2024;28000;5
2642;126;24;02/09/2024;25000;5
5634;126;2;12/12/2024;20000;5
3432;126;24;27/09/2024;25000;5
3915;126;8;13/10/2024;30000;5
7159;126;2;04/02/2025;20000;5
7617;126;3;19/02/2025;22000;4
2950;126;23;11/09/2024;55000;5
5648;126;8;12/12/2024;30000;5
436;127;2;12/02/2024;20000;5
3538;127;21;01/10/2024;65000;4
3712;127;7;06/10/2024;29000;5
4935;127;9;18/11/2024;30000;5
6128;127;14;29/12/2024;28000;4
6402;127;14;07/01/2025;28000;5
8654;127;3;24/03/2025;22000;5
9867;127;3;31/07/2025;22000;5
10258;127;4;17/09/2025;24000;5
1646;127;5;31/05/2024;27000;4
4045;127;8;18/10/2024;30000;4
4305;127;3;28/10/2024;22000;4
4491;127;11;03/11/2024;25000;4
4651;127;2;09/11/2024;20000;5
5666;127;7;13/12/2024;29000;5
6043;127;14;26/12/2024;28000;4
7619;127;3;19/02/2025;22000;4
7713;127;2;23/02/2025;20000;4
7818;127;4;26/02/2025;24000;4
9457;127;2;05/06/2025;20000;5
9516;127;3;14/06/2025;22000;5
799;127;7;14/03/2024;29000;5
2241;127;18;26/07/2024;22000;5
3458;127;23;28/09/2024;55000;5
3614;127;1;03/10/2024;18000;4
4465;127;11;02/11/2024;25000;4
4656;127;5;09/11/2024;27000;5
4699;127;10;10/11/2024;29000;4
7592;127;4;18/02/2025;24000;5
8112;127;3;05/03/2025;22000;4
8208;127;4;08/03/2025;24000;5
9590;127;2;23/06/2025;20000;5
9863;127;3;30/07/2025;22000;4
10080;127;2;25/08/2025;20000;5
10364;127;3;29/09/2025;22000;5
1251;127;25;25/04/2024;75000;5
2220;127;25;24/07/2024;75000;4
2319;127;24;03/08/2024;25000;4
3158;127;24;18/09/2024;25000;5
5543;127;1;09/12/2024;18000;5
8221;127;2;09/03/2025;20000;4
1655;127;5;01/06/2024;27000;4
1742;127;3;07/06/2024;22000;5
4762;127;11;12/11/2024;25000;4
806;127;27;14/03/2024;250000;5
4282;127;6;27/10/2024;27000;4
2446;127;24;16/08/2024;25000;4
4158;127;11;22/10/2024;25000;5
5915;127;14;22/12/2024;28000;4
6042;127;14;26/12/2024;28000;4
6087;127;14;27/12/2024;28000;5
6446;127;14;09/01/2025;28000;5
10105;127;2;28/08/2025;20000;4
112;128;23;13/01/2024;55000;4
272;128;24;27/01/2024;25000;5
1295;128;2;29/04/2024;20000;5
1931;128;7;29/06/2024;29000;5
4010;128;1;17/10/2024;18000;5
5136;128;1;26/11/2024;18000;4
6519;128;1;12/01/2025;18000;5
9028;128;1;20/04/2025;18000;5
9325;128;2;20/05/2025;20000;5
1178;128;11;19/04/2024;25000;5
1766;128;24;09/06/2024;25000;5
2267;128;10;29/07/2024;29000;5
2449;128;24;16/08/2024;25000;5
3173;128;22;19/09/2024;110000;4
3241;128;22;21/09/2024;110000;5
3346;128;23;24/09/2024;55000;4
7529;128;2;16/02/2025;20000;4
8804;128;4;29/03/2025;24000;5
9196;128;4;07/05/2025;24000;5
934;128;3;29/03/2024;22000;4
1985;128;22;03/07/2024;110000;5
2535;128;24;25/08/2024;25000;4
3120;128;21;18/09/2024;65000;4
8146;128;3;06/03/2025;22000;4
8694;128;4;25/03/2025;24000;4
8947;128;2;11/04/2025;20000;5
14;128;23;02/01/2024;55000;4
1052;128;8;07/04/2024;30000;4
1536;128;26;19/05/2024;175000;5
1758;128;26;08/06/2024;175000;5
2144;128;26;18/07/2024;175000;5
2205;128;19;23/07/2024;18000;4
2341;128;24;05/08/2024;25000;5
8305;128;2;12/03/2025;20000;4
2843;128;24;08/09/2024;25000;5
4073;128;7;19/10/2024;29000;5
5838;128;14;19/12/2024;28000;5
6663;128;4;16/01/2025;24000;4
8149;128;4;06/03/2025;24000;4
10377;128;4;30/09/2025;24000;5
599;128;14;26/02/2024;28000;5
1423;128;26;09/05/2024;175000;4
2121;128;2;17/07/2024;20000;4
2499;128;24;21/08/2024;25000;4
3543;128;22;01/10/2024;110000;4
6838;128;2;23/01/2025;20000;4
9337;128;4;22/05/2025;24000;4
9338;128;1;23/05/2025;18000;5
3477;128;21;29/09/2024;65000;5
4621;128;2;08/11/2024;20000;4
5055;128;7;22/11/2024;29000;5
1115;129;12;12/04/2024;22000;5
1723;129;5;06/06/2024;27000;4
3032;129;21;15/09/2024;65000;5
3795;129;7;09/10/2024;29000;5
4143;129;9;22/10/2024;30000;5
5842;129;14;19/12/2024;28000;5
6728;129;2;19/01/2025;20000;5
7774;129;2;25/02/2025;20000;5
7998;129;2;02/03/2025;20000;4
8596;129;3;22/03/2025;22000;4
8742;129;3;27/03/2025;22000;4
10004;129;3;14/08/2025;22000;4
1051;129;5;07/04/2024;27000;4
1246;129;11;25/04/2024;25000;4
1904;129;26;25/06/2024;175000;5
2629;129;24;01/09/2024;25000;4
3459;129;23;28/09/2024;55000;5
4359;129;2;30/10/2024;20000;4
4911;129;1;18/11/2024;18000;4
5038;129;2;22/11/2024;20000;4
6165;129;14;30/12/2024;28000;5
6225;129;14;01/01/2025;28000;5
7778;129;2;25/02/2025;20000;4
9250;129;1;12/05/2025;18000;4
9685;129;1;05/07/2025;18000;5
9864;129;4;30/07/2025;24000;4
10252;129;4;16/09/2025;24000;4
860;129;6;20/03/2024;27000;5
2853;129;21;09/09/2024;65000;5
5293;129;4;01/12/2024;24000;5
5351;129;4;02/12/2024;24000;4
5825;129;6;19/12/2024;27000;4
6025;129;14;25/12/2024;28000;4
6377;129;14;06/01/2025;28000;4
8468;129;1;18/03/2025;18000;4
8812;129;1;30/03/2025;18000;4
9653;129;3;01/07/2025;22000;4
1215;129;26;22/04/2024;175000;4
1911;129;5;27/06/2024;27000;5
3136;129;22;18/09/2024;110000;5
3759;129;10;07/10/2024;29000;4
4548;129;7;05/11/2024;29000;4
8415;129;2;16/03/2025;20000;4
8600;129;3;22/03/2025;22000;4
3372;129;23;25/09/2024;55000;4
9389;129;1;27/05/2025;18000;4
2484;129;24;19/08/2024;25000;4
3815;129;3;10/10/2024;22000;5
5983;129;14;24/12/2024;28000;4
9652;129;3;01/07/2025;22000;4
2891;129;21;10/09/2024;65000;4
6473;129;14;10/01/2025;28000;4
979;130;28;31/03/2024;200000;5
1005;130;23;02/04/2024;55000;4
1237;130;15;24/04/2024;30000;5
1941;130;21;30/06/2024;65000;5
1977;130;28;02/07/2024;200000;4
2814;130;24;07/09/2024;25000;4
3540;130;21;01/10/2024;65000;4
4422;130;11;01/11/2024;25000;5
4533;130;2;05/11/2024;20000;4
4584;130;8;06/11/2024;30000;4
5718;130;9;15/12/2024;30000;4
5869;130;14;20/12/2024;28000;4
6636;130;1;16/01/2025;18000;5
8824;130;4;30/03/2025;24000;5
9001;130;3;17/04/2025;22000;4
9263;130;1;14/05/2025;18000;4
361;130;10;04/02/2024;29000;5
529;130;11;21/02/2024;25000;5
811;130;6;15/03/2024;27000;4
1297;130;15;29/04/2024;30000;4
2696;130;24;03/09/2024;25000;5
3589;130;8;02/10/2024;30000;5
5595;130;8;10/12/2024;30000;5
6988;130;4;28/01/2025;24000;4
7058;130;2;31/01/2025;20000;5
8093;130;2;05/03/2025;20000;4
9279;130;1;15/05/2025;18000;4
9841;130;2;27/07/2025;20000;4
10309;130;4;22/09/2025;24000;5
76;130;27;09/01/2024;250000;4
433;130;23;11/02/2024;55000;4
3897;130;1;13/10/2024;18000;5
4030;130;1;18/10/2024;18000;4
4460;130;10;02/11/2024;29000;5
4691;130;8;10/11/2024;30000;4
9934;130;2;07/08/2025;20000;5
10350;130;4;27/09/2025;24000;5
10386;130;3;01/10/2025;22000;5
1418;130;13;09/05/2024;25000;4
2275;130;1;30/07/2024;18000;5
2856;130;21;09/09/2024;65000;5
3946;130;7;14/10/2024;29000;5
4291;130;9;27/10/2024;30000;4
5461;130;5;06/12/2024;27000;4
6395;130;14;07/01/2025;28000;5
683;130;20;04/03/2024;22000;4
1575;130;19;23/05/2024;18000;4
6070;130;14;27/12/2024;28000;5
7539;130;1;17/02/2025;18000;5
4327;130;10;28/10/2024;29000;5
5214;130;10;28/11/2024;29000;5
9255;130;4;12/05/2025;24000;4
49;131;8;06/01/2024;30000;5
297;131;14;30/01/2024;28000;4
1394;131;12;07/05/2024;22000;4
1476;131;19;14/05/2024;18000;5
2610;131;24;01/09/2024;25000;5
4953;131;2;19/11/2024;20000;5
5255;131;1;30/11/2024;18000;5
7540;131;1;17/02/2025;18000;4
8262;131;1;11/03/2025;18000;4
8526;131;4;19/03/2025;24000;5
8671;131;1;25/03/2025;18000;4
8764;131;3;28/03/2025;22000;4
9122;131;2;01/05/2025;20000;5
1303;131;19;30/04/2024;18000;4
2086;131;20;13/07/2024;22000;5
3109;131;24;17/09/2024;25000;5
3726;131;1;07/10/2024;18000;4
5025;131;7;21/11/2024;29000;4
6028;131;14;25/12/2024;28000;5
6133;131;14;29/12/2024;28000;5
6549;131;4;12/01/2025;24000;5
7216;131;3;06/02/2025;22000;4
7454;131;3;13/02/2025;22000;5
7670;131;4;21/02/2025;24000;5
7940;131;3;01/03/2025;22000;4
9112;131;2;30/04/2025;20000;4
9125;131;2;01/05/2025;20000;5
9131;131;3;01/05/2025;22000;5
9217;131;2;09/05/2025;20000;4
10093;131;4;26/08/2025;24000;5
579;131;23;24/02/2024;55000;4
1172;131;27;18/04/2024;250000;5
2227;131;17;25/07/2024;27000;4
3766;131;2;08/10/2024;20000;5
4657;131;5;09/11/2024;27000;5
5957;131;14;23/12/2024;28000;4
7628;131;1;20/02/2025;18000;5
7994;131;2;02/03/2025;20000;5
264;131;15;27/01/2024;30000;5
760;131;26;10/03/2024;175000;5
4121;131;10;21/10/2024;29000;5
4603;131;9;07/11/2024;30000;5
5145;131;4;26/11/2024;24000;4
5796;131;6;18/12/2024;27000;4
5852;131;14;20/12/2024;28000;5
9385;131;4;26/05/2025;24000;5
1735;131;21;06/06/2024;65000;5
6551;131;4;12/01/2025;24000;5
9519;131;1;15/06/2025;18000;4
9662;131;1;02/07/2025;18000;5
1043;132;16;06/04/2024;28000;5
1252;132;25;25/04/2024;75000;5
2179;132;16;21/07/2024;28000;5
3013;132;22;14/09/2024;110000;5
3504;132;24;29/09/2024;25000;5
4566;132;2;06/11/2024;20000;5
5282;132;2;01/12/2024;20000;4
5760;132;4;17/12/2024;24000;4
7117;132;4;02/02/2025;24000;4
7170;132;4;04/02/2025;24000;5
7187;132;2;05/02/2025;20000;5
7641;132;2;20/02/2025;20000;5
7812;132;3;26/02/2025;22000;5
9480;132;4;08/06/2025;24000;5
9943;132;3;08/08/2025;22000;5
505;132;15;18/02/2024;30000;4
1419;132;14;09/05/2024;28000;4
1962;132;25;01/07/2024;75000;4
2264;132;6;29/07/2024;27000;4
2280;132;12;30/07/2024;22000;5
2468;132;24;18/08/2024;25000;4
3001;132;24;13/09/2024;25000;5
4144;132;9;22/10/2024;30000;4
4274;132;5;27/10/2024;27000;4
4826;132;10;14/11/2024;29000;4
5360;132;7;02/12/2024;29000;5
6106;132;14;28/12/2024;28000;5
6514;132;4;11/01/2025;24000;5
7669;132;3;21/02/2025;22000;4
8105;132;3;05/03/2025;22000;5
9335;132;2;22/05/2025;20000;5
10283;132;2;20/09/2025;20000;4
267;132;19;27/01/2024;18000;5
634;132;18;01/03/2024;22000;5
1590;132;27;24/05/2024;250000;5
2006;132;1;06/07/2024;18000;5
2183;132;27;21/07/2024;250000;4
2306;132;28;01/08/2024;200000;4
3345;132;23;24/09/2024;55000;5
3963;132;3;15/10/2024;22000;5
4619;132;1;08/11/2024;18000;4
4819;132;8;14/11/2024;30000;4
5749;132;11;16/12/2024;25000;5
6548;132;4;12/01/2025;24000;4
6707;132;3;18/01/2025;22000;4
6794;132;2;21/01/2025;20000;5
7125;132;1;03/02/2025;18000;5
10186;132;4;07/09/2025;24000;5
517;132;6;20/02/2024;27000;5
2626;132;24;01/09/2024;25000;4
3297;132;21;23/09/2024;65000;5
3860;132;11;11/10/2024;25000;5
5238;132;7;29/11/2024;29000;5
5588;132;4;10/12/2024;24000;5
1177;132;11;19/04/2024;25000;4
2126;132;14;17/07/2024;28000;4
4849;132;7;15/11/2024;29000;4
5344;132;2;02/12/2024;20000;4
9900;132;3;04/08/2025;22000;5
3083;132;24;16/09/2024;25000;5
3981;132;1;16/10/2024;18000;4
2392;132;24;11/08/2024;25000;5
3586;132;6;02/10/2024;27000;5
7152;132;1;04/02/2025;18000;4
46;133;1;06/01/2024;18000;5
278;133;10;29/01/2024;29000;5
797;133;25;13/03/2024;75000;4
2236;133;12;26/07/2024;22000;4
3285;133;24;22/09/2024;25000;4
4091;133;4;20/10/2024;24000;5
4672;133;10;09/11/2024;29000;5
4857;133;9;15/11/2024;30000;5
5264;133;4;30/11/2024;24000;5
7135;133;3;03/02/2025;22000;5
7520;133;1;16/02/2025;18000;5
8094;133;2;05/03/2025;20000;5
9292;133;3;16/05/2025;22000;4
10278;133;3;19/09/2025;22000;4
938;133;8;29/03/2024;30000;4
2120;133;1;17/07/2024;18000;4
3250;133;24;21/09/2024;25000;5
3362;133;22;25/09/2024;110000;4
4470;133;4;03/11/2024;24000;4
5087;133;10;23/11/2024;29000;4
5281;133;1;01/12/2024;18000;3
5412;133;5;04/12/2024;27000;5
5473;133;11;06/12/2024;25000;5
5986;133;14;24/12/2024;28000;5
7069;133;3;31/01/2025;22000;3
7124;133;1;03/02/2025;18000;4
7587;133;3;18/02/2025;22000;3
7821;133;1;27/02/2025;18000;3
8037;133;2;03/03/2025;20000;3
9016;133;4;18/04/2025;24000;2
9158;133;3;03/05/2025;22000;2
9712;133;1;09/07/2025;18000;2
10152;133;1;04/09/2025;18000;2
1495;133;18;16/05/2024;22000;5
3828;133;7;10/10/2024;29000;5
3930;133;2;14/10/2024;20000;3
5529;133;8;08/12/2024;30000;4
6587;133;4;13/01/2025;24000;2
8181;133;1;08/03/2025;18000;4
8523;133;3;19/03/2025;22000;3
9907;133;1;05/08/2025;18000;3
9993;133;2;13/08/2025;20000;4
10338;133;2;26/09/2025;20000;4
878;133;6;22/03/2024;27000;4
2673;133;24;03/09/2024;25000;2
8376;133;1;15/03/2025;18000;2
220;133;5;24/01/2024;27000;4
2966;133;22;12/09/2024;110000;3
9468;133;4;06/06/2025;24000;5
1100;133;22;10/04/2024;110000;4
2066;133;20;11/07/2024;22000;3
5459;133;4;06/12/2024;24000;2
5757;133;2;17/12/2024;20000;2
2957;134;21;12/09/2024;65000;4
4163;134;3;23/10/2024;22000;2
5148;134;5;26/11/2024;27000;5
5631;134;1;12/12/2024;18000;5
7048;134;1;31/01/2025;18000;4
2245;134;23;26/07/2024;55000;5
2318;134;26;02/08/2024;175000;4
2826;134;21;08/09/2024;65000;2
3283;134;24;22/09/2024;25000;2
5472;134;11;06/12/2024;25000;2
7263;134;1;08/02/2025;18000;2
8060;134;1;04/03/2025;18000;5
2384;134;24;10/08/2024;25000;5
2587;134;24;30/08/2024;25000;4
4347;134;8;29/10/2024;30000;5
4683;134;5;10/11/2024;27000;2
9835;134;3;26/07/2025;22000;2
10190;134;4;08/09/2025;24000;3
10301;134;4;21/09/2025;24000;2
235;134;1;25/01/2024;18000;5
771;134;26;11/03/2024;175000;4
837;134;18;17/03/2024;22000;2
1049;134;26;06/04/2024;175000;3
1765;134;12;09/06/2024;22000;4
2056;134;16;10/07/2024;28000;5
2065;134;19;11/07/2024;18000;2
4487;134;9;03/11/2024;30000;3
4949;134;1;19/11/2024;18000;2
1725;134;10;06/06/2024;29000;4
1854;134;11;19/06/2024;25000;5
3413;134;21;27/09/2024;65000;4
7600;134;4;18/02/2025;24000;5
1138;134;14;14/04/2024;28000;4
1964;134;28;01/07/2024;200000;4
4629;134;5;08/11/2024;27000;2
5205;134;4;28/11/2024;24000;5
7662;134;3;21/02/2025;22000;5
10306;134;2;22/09/2025;20000;5
423;135;21;10/02/2024;65000;5
477;135;25;15/02/2024;75000;4
1778;135;26;10/06/2024;175000;4
2883;135;24;09/09/2024;25000;2
9514;135;4;13/06/2025;24000;4
10365;135;4;29/09/2025;24000;4
1760;135;1;09/06/2024;18000;4
2070;135;2;12/07/2024;20000;3
2166;135;26;20/07/2024;175000;5
4261;135;10;26/10/2024;29000;2
7370;135;2;11/02/2025;20000;3
8040;135;2;03/03/2025;20000;3
8601;135;3;22/03/2025;22000;3
9751;135;2;14/07/2025;20000;2
10055;135;1;22/08/2025;18000;5
83;135;18;10/01/2024;22000;3
1096;135;11;10/04/2024;25000;2
1362;135;16;04/05/2024;28000;5
1438;135;25;10/05/2024;75000;3
1673;135;12;02/06/2024;22000;5
2970;135;22;12/09/2024;110000;4
3985;135;2;16/10/2024;20000;5
4407;135;8;01/11/2024;30000;5
7409;135;2;12/02/2025;20000;3
9773;135;3;18/07/2025;22000;4
538;135;25;21/02/2024;75000;3
935;135;4;29/03/2024;24000;2
2360;135;24;08/08/2024;25000;5
4104;135;1;21/10/2024;18000;4
4777;135;4;13/11/2024;24000;2
8850;135;2;31/03/2025;20000;3
3315;135;23;23/09/2024;55000;3
4784;135;7;13/11/2024;29000;5
5513;136;2;08/12/2024;20000;3
5756;136;2;17/12/2024;20000;5
7402;136;1;12/02/2025;18000;3
8775;136;4;28/03/2025;24000;2
9475;136;1;08/06/2025;18000;2
718;136;15;07/03/2024;30000;2
2310;136;24;02/08/2024;25000;2
3527;136;24;30/09/2024;25000;2
3725;136;1;07/10/2024;18000;5
3728;136;1;07/10/2024;18000;3
3983;136;2;16/10/2024;20000;5
5229;136;5;29/11/2024;27000;5
7630;136;1;20/02/2025;18000;5
8426;136;4;16/03/2025;24000;4
1097;136;11;10/04/2024;25000;4
5795;136;5;18/12/2024;27000;5
7714;136;2;23/02/2025;20000;2
8371;136;4;14/03/2025;24000;5
10032;136;1;19/08/2025;18000;2
5073;136;6;23/11/2024;27000;5
9696;136;1;07/07/2025;18000;3
171;136;5;19/01/2024;27000;4
173;136;11;19/01/2024;25000;4
2293;136;28;31/07/2024;200000;5
6996;136;1;29/01/2025;18000;5
5004;137;9;20/11/2024;30000;4
6338;137;14;05/01/2025;28000;2
6472;137;14;10/01/2025;28000;3
6941;137;4;26/01/2025;24000;2
2837;137;22;08/09/2024;110000;5
3542;137;22;01/10/2024;110000;3
5137;137;2;26/11/2024;20000;4
1740;137;3;07/06/2024;22000;3
4870;137;3;16/11/2024;22000;3
6117;137;14;28/12/2024;28000;5
5510;137;2;08/12/2024;20000;3
6301;138;14;04/01/2025;28000;4
7068;138;3;31/01/2025;22000;5
487;138;8;16/02/2024;30000;4
679;138;14;04/03/2024;28000;5
2191;138;19;22/07/2024;18000;4
3437;138;21;28/09/2024;65000;2
4551;138;8;05/11/2024;30000;4
8124;138;1;06/03/2025;18000;3
8521;138;3;19/03/2025;22000;3
2659;138;24;02/09/2024;25000;2
3117;138;21;18/09/2024;65000;3
7523;138;1;16/02/2025;18000;2
8734;138;3;27/03/2025;22000;5
1401;138;13;08/05/2024;25000;4
3003;138;21;14/09/2024;65000;2
5243;138;9;29/11/2024;30000;5
7026;138;4;29/01/2025;24000;4
7839;138;3;27/02/2025;22000;4
7988;138;2;02/03/2025;20000;5
9726;138;3;10/07/2025;22000;5
3877;138;5;12/10/2024;27000;2
6476;138;14;10/01/2025;28000;3
8397;138;4;15/03/2025;24000;4
6475;139;14;10/01/2025;28000;5
6849;139;3;23/01/2025;22000;5
7303;139;2;09/02/2025;20000;3
10011;139;2;15/08/2025;20000;3
10241;139;2;14/09/2025;20000;5
1159;139;8;17/04/2024;30000;4
1338;139;12;02/05/2024;22000;2
1498;139;22;16/05/2024;110000;5
2312;139;24;02/08/2024;25000;3
3925;139;2;14/10/2024;20000;2
4000;139;9;16/10/2024;30000;3
7538;139;1;17/02/2025;18000;2
10195;139;2;09/09/2025;20000;2
10266;139;3;18/09/2025;22000;3
371;139;20;05/02/2024;22000;4
2486;139;24;19/08/2024;25000;4
1849;139;8;18/06/2024;30000;5
1880;139;20;22/06/2024;22000;5
5994;139;14;24/12/2024;28000;2
6049;139;14;26/12/2024;28000;2
5880;139;14;20/12/2024;28000;5
6878;139;4;24/01/2025;24000;4
7155;139;2;04/02/2025;20000;2
8554;139;1;21/03/2025;18000;4
8895;139;2;04/04/2025;20000;4
10369;139;1;30/09/2025;18000;3
7951;140;4;01/03/2025;24000;4
604;140;26;26/02/2024;175000;3
1201;140;18;21/04/2024;22000;2
4934;140;8;18/11/2024;30000;4
2273;140;1;30/07/2024;18000;5
3135;140;22;18/09/2024;110000;3
10175;140;3;06/09/2025;22000;3
763;140;4;11/03/2024;24000;5
2515;140;24;23/08/2024;25000;3
9795;140;4;20/07/2025;24000;2
6626;141;3;15/01/2025;22000;3
6873;141;2;24/01/2025;20000;2
7074;141;4;31/01/2025;24000;2
8717;141;4;26/03/2025;24000;5
9572;141;4;21/06/2025;24000;5
9999;141;1;14/08/2025;18000;2
2551;141;24;26/08/2024;25000;5
5619;141;5;11/12/2024;27000;5
9024;141;2;19/04/2025;20000;5
4311;141;5;28/10/2024;27000;5
4433;141;3;02/11/2024;22000;3
9173;141;2;05/05/2025;20000;5
6313;141;14;04/01/2025;28000;4
6629;141;4;15/01/2025;24000;3
7997;141;2;02/03/2025;20000;2
6579;142;3;13/01/2025;22000;3
8655;142;3;24/03/2025;22000;3
555;142;2;23/02/2024;20000;2
1086;142;23;09/04/2024;55000;2
1972;142;23;02/07/2024;55000;2
3284;142;24;22/09/2024;25000;2
4524;142;1;05/11/2024;18000;4
5762;142;4;17/12/2024;24000;2
7084;142;2;01/02/2025;20000;5
10156;142;3;04/09/2025;22000;3
2439;142;24;15/08/2024;25000;4
5819;142;3;19/12/2024;22000;4
3771;142;8;08/10/2024;30000;2
7451;142;3;13/02/2025;22000;5
3613;142;1;03/10/2024;18000;3
5980;142;14;24/12/2024;28000;5
6029;143;14;25/12/2024;28000;3
6309;143;14;04/01/2025;28000;4
34;143;5;04/01/2024;27000;5
2604;143;24;31/08/2024;25000;2
3253;143;24;21/09/2024;25000;2
3313;143;23;23/09/2024;55000;3
4243;143;3;26/10/2024;22000;5
5268;143;7;30/11/2024;29000;5
7213;143;3;06/02/2025;22000;5
7407;143;2;12/02/2025;20000;2
8869;143;2;01/04/2025;20000;4
10302;143;1;22/09/2025;18000;4
1330;143;26;01/05/2024;175000;2
1889;143;15;23/06/2024;30000;5
2779;143;24;06/09/2024;25000;3
4119;143;9;21/10/2024;30000;2
5291;144;3;01/12/2024;22000;5
5734;144;5;16/12/2024;27000;3
6145;144;14;29/12/2024;28000;4
7616;144;3;19/02/2025;22000;4
8160;144;1;07/03/2025;18000;3
8689;144;3;25/03/2025;22000;4
9606;144;2;25/06/2025;20000;3
10106;144;1;29/08/2025;18000;5
10244;144;4;14/09/2025;24000;5
277;144;26;28/01/2024;175000;4
490;144;13;16/02/2024;25000;5
1776;144;22;10/06/2024;110000;5
4256;144;8;26/10/2024;30000;3
4308;144;4;28/10/2024;24000;3
4424;144;11;01/11/2024;25000;3
2808;144;24;07/09/2024;25000;4
3275;144;23;22/09/2024;55000;5
3953;144;11;14/10/2024;25000;2
7380;144;3;11/02/2025;22000;3
826;144;16;16/03/2024;28000;5
7530;144;3;16/02/2025;22000;5
4998;145;6;20/11/2024;27000;2
5426;145;10;04/12/2024;29000;4
6565;145;2;13/01/2025;20000;2
6572;145;3;13/01/2025;22000;2
7386;145;4;11/02/2025;24000;3
9302;145;2;17/05/2025;20000;5
9796;145;1;21/07/2025;18000;4
2836;145;22;08/09/2024;110000;4
3619;145;6;03/10/2024;27000;2
6044;145;14;26/12/2024;28000;2
8847;145;2;31/03/2025;20000;3
1473;145;17;14/05/2024;27000;2
2212;145;10;24/07/2024;29000;2
3260;145;21;22/09/2024;65000;5
5329;145;10;01/12/2024;29000;2
5522;145;4;08/12/2024;24000;3
5629;145;10;11/12/2024;29000;4
9221;145;3;09/05/2025;22000;2
3813;145;3;10/10/2024;22000;4
9704;145;2;08/07/2025;20000;4
2061;145;7;11/07/2024;29000;3
3512;145;22;30/09/2024;110000;2
6912;145;1;26/01/2025;18000;4
8780;145;1;29/03/2025;18000;4
9065;145;2;24/04/2025;20000;2
7772;146;2;25/02/2025;20000;3
8563;146;3;21/03/2025;22000;4
9346;146;3;23/05/2025;22000;2
9792;146;3;20/07/2025;22000;3
10316;146;2;24/09/2025;20000;2
737;146;6;09/03/2024;27000;2
1869;146;6;21/06/2024;27000;3
2003;146;23;05/07/2024;55000;4
4062;146;4;19/10/2024;24000;2
4177;146;6;23/10/2024;27000;5
1132;146;10;14/04/2024;29000;3
1846;146;4;18/06/2024;24000;4
1970;146;18;02/07/2024;22000;5
8355;146;2;14/03/2025;20000;2
6460;146;14;09/01/2025;28000;3
7952;146;4;01/03/2025;24000;5
9450;146;3;04/06/2025;22000;5
10045;146;4;20/08/2025;24000;2
9729;146;3;11/07/2025;22000;3
8636;147;4;23/03/2025;24000;3
8946;147;2;11/04/2025;20000;2
1269;147;12;27/04/2024;22000;3
1450;147;10;12/05/2024;29000;3
2169;147;7;21/07/2024;29000;2
3862;147;11;11/10/2024;25000;5
4004;147;10;16/10/2024;29000;3
58;147;1;07/01/2024;18000;3
1135;147;13;14/04/2024;25000;2
3263;147;22;22/09/2024;110000;5
7556;147;3;17/02/2025;22000;2
8878;147;2;02/04/2025;20000;3
691;147;4;05/03/2024;24000;3
3200;147;21;20/09/2024;65000;3
3320;147;24;23/09/2024;25000;4
8620;147;2;23/03/2025;20000;2
3423;147;23;27/09/2024;55000;5
6755;147;2;20/01/2025;20000;3
7828;147;2;27/02/2025;20000;2
9073;147;1;25/04/2025;18000;4
5427;148;10;04/12/2024;29000;4
8185;148;2;08/03/2025;20000;2
8520;148;3;19/03/2025;22000;3
8740;148;3;27/03/2025;22000;4
9178;148;4;05/05/2025;24000;5
981;148;4;01/04/2024;24000;3
1691;148;23;03/06/2024;55000;2
1838;148;20;16/06/2024;22000;3
4174;148;5;23/10/2024;27000;2
4252;148;5;26/10/2024;27000;2
72;148;11;09/01/2024;25000;2
1900;148;5;25/06/2024;27000;3
8797;148;3;29/03/2025;22000;3
8938;148;2;10/04/2025;20000;3
9151;148;1;03/05/2025;18000;2
3638;148;2;04/10/2024;20000;3
5211;148;8;28/11/2024;30000;4
5693;148;8;14/12/2024;30000;4
2519;148;24;23/08/2024;25000;2
4654;148;4;09/11/2024;24000;3
6118;148;14;28/12/2024;28000;2
6611;148;1;15/01/2025;18000;4
8593;148;2;22/03/2025;20000;3
9787;148;1;20/07/2025;18000;4
5740;149;6;16/12/2024;27000;2
6489;149;14;10/01/2025;28000;4
7439;149;1;13/02/2025;18000;5
8751;149;2;28/03/2025;20000;3
9022;149;2;19/04/2025;20000;3
10354;149;2;28/09/2025;20000;4
90;149;4;11/01/2024;24000;5
2026;149;25;07/07/2024;75000;2
5601;149;10;10/12/2024;29000;2
8357;149;3;14/03/2025;22000;3
3582;149;4;02/10/2024;24000;3
6135;149;14;29/12/2024;28000;4
7102;149;1;02/02/2025;18000;5
9694;149;3;06/07/2025;22000;4
9745;149;3;13/07/2025;22000;3
1255;149;7;26/04/2024;29000;2
4110;149;4;21/10/2024;24000;4
9036;149;3;20/04/2025;22000;4
5739;150;6;16/12/2024;27000;5
8348;150;1;14/03/2025;18000;4
8499;150;1;19/03/2025;18000;2
8748;150;1;28/03/2025;18000;2
9672;150;4;03/07/2025;24000;5
9861;150;2;30/07/2025;20000;3
48;150;7;06/01/2024;29000;3
1645;150;27;30/05/2024;250000;2
2111;150;12;16/07/2024;22000;4
3247;150;23;21/09/2024;55000;3
3254;150;24;21/09/2024;25000;3
4554;150;8;05/11/2024;30000;4
6872;150;2;24/01/2025;20000;5
8051;150;4;03/03/2025;24000;4
8760;150;3;28/03/2025;22000;5
8485;150;4;18/03/2025;24000;5
8610;150;1;23/03/2025;18000;5
4358;150;2;30/10/2024;20000;2
5220;150;2;29/11/2024;20000;3
7750;150;3;24/02/2025;22000;4
3436;150;24;27/09/2024;25000;5
8562;150;3;21/03/2025;22000;3
5028;151;8;21/11/2024;30000;2
5269;151;7;30/11/2024;29000;4
6045;151;14;26/12/2024;28000;2
1313;151;2;01/05/2024;20000;2
1957;151;19;01/07/2024;18000;4
4018;151;8;17/10/2024;30000;3
1121;151;13;13/04/2024;25000;2
4855;151;8;15/11/2024;30000;4
7367;151;2;11/02/2025;20000;5
8377;151;1;15/03/2025;18000;3
5991;151;14;24/12/2024;28000;2
5610;152;2;11/12/2024;20000;3
5686;152;5;14/12/2024;27000;5
5741;152;7;16/12/2024;29000;2
841;152;27;17/03/2024;250000;2
2276;152;3;30/07/2024;22000;4
3470;152;21;29/09/2024;65000;5
3505;152;21;30/09/2024;65000;2
4636;152;9;08/11/2024;30000;2
7214;152;3;06/02/2025;22000;3
9079;152;3;25/04/2025;22000;3
319;152;27;31/01/2024;250000;2
2045;152;12;09/07/2024;22000;2
2639;152;24;02/09/2024;25000;3
3125;152;21;18/09/2024;65000;5
3797;152;7;09/10/2024;29000;5
6208;152;14;01/01/2025;28000;5
8595;152;2;22/03/2025;20000;3
9944;152;4;08/08/2025;24000;2
2266;152;10;29/07/2024;29000;5
6606;152;4;14/01/2025;24000;3
7773;152;2;25/02/2025;20000;4
9902;152;3;04/08/2025;22000;3
5859;153;14;20/12/2024;28000;2
6004;153;14;24/12/2024;28000;3
6190;153;14;31/12/2024;28000;3
7339;153;2;10/02/2025;20000;5
7889;153;2;28/02/2025;20000;5
8032;153;1;03/03/2025;18000;3
9364;153;2;25/05/2025;20000;2
450;153;25;13/02/2024;75000;2
606;153;5;27/02/2024;27000;2
1670;153;11;02/06/2024;25000;3
3334;153;22;24/09/2024;110000;3
303;153;24;30/01/2024;25000;5
533;153;17;21/02/2024;27000;2
4506;153;6;04/11/2024;27000;3
6808;153;1;22/01/2025;18000;4
8450;153;2;17/03/2025;20000;5
10095;153;1;27/08/2025;18000;2
3872;153;4;12/10/2024;24000;5
6998;154;1;29/01/2025;18000;2
9135;154;3;01/05/2025;22000;5
9264;154;1;14/05/2025;18000;2
292;154;6;30/01/2024;27000;2
2272;154;25;29/07/2024;75000;5
2277;154;4;30/07/2024;24000;5
2361;154;24;08/08/2024;25000;4
3534;154;21;01/10/2024;65000;5
4570;154;3;06/11/2024;22000;2
5658;154;2;13/12/2024;20000;3
8616;154;2;23/03/2025;20000;4
1185;154;5;20/04/2024;27000;2
214;154;27;23/01/2024;250000;3
582;154;3;25/02/2024;22000;2
4117;154;8;21/10/2024;30000;2
4344;154;7;29/10/2024;29000;4
4495;154;1;04/11/2024;18000;5
3036;154;21;15/09/2024;65000;4
3833;154;8;10/10/2024;30000;4
4623;154;3;08/11/2024;22000;5
9198;155;4;07/05/2025;24000;5
9506;155;3;12/06/2025;22000;4
1280;155;8;28/04/2024;30000;3
1577;155;24;23/05/2024;25000;3
5391;155;4;03/12/2024;24000;5
736;155;5;09/03/2024;27000;3
2160;155;14;20/07/2024;28000;2
7064;155;3;31/01/2025;22000;2
2864;155;22;09/09/2024;110000;2
5895;155;14;21/12/2024;28000;5
6443;155;14;08/01/2025;28000;5
6813;155;2;22/01/2025;20000;5
8223;155;2;09/03/2025;20000;3
9939;155;4;07/08/2025;24000;2
343;155;18;02/02/2024;22000;4
3642;155;4;04/10/2024;24000;4
6987;155;4;28/01/2025;24000;4
5275;156;11;30/11/2024;25000;2
9233;156;4;10/05/2025;24000;5
10262;156;2;18/09/2025;20000;4
2297;156;2;01/08/2024;20000;2
4542;156;5;05/11/2024;27000;4
4556;156;9;05/11/2024;30000;4
7844;156;3;27/02/2025;22000;2
1607;156;26;26/05/2024;175000;5
5745;157;8;16/12/2024;30000;2
7297;157;1;09/02/2025;18000;4
8205;157;4;08/03/2025;24000;4
8686;157;3;25/03/2025;22000;5
9571;157;4;21/06/2025;24000;4
9610;157;1;26/06/2025;18000;2
1165;157;25;17/04/2024;75000;5
2162;157;19;20/07/2024;18000;4
2600;157;24;31/08/2024;25000;4
3019;157;23;14/09/2024;55000;4
4094;157;8;20/10/2024;30000;4
3467;157;24;28/09/2024;25000;4
1028;157;8;05/04/2024;30000;3
1179;157;17;19/04/2024;27000;3
5565;157;9;09/12/2024;30000;5
6093;157;14;28/12/2024;28000;3
8916;157;3;06/04/2025;22000;4
6277;157;14;03/01/2025;28000;4
7087;157;3;01/02/2025;22000;4
6901;158;3;25/01/2025;22000;3
8091;158;1;05/03/2025;18000;2
765;158;8;11/03/2024;30000;5
804;158;17;14/03/2024;27000;3
2954;158;24;11/09/2024;25000;4
4315;158;6;28/10/2024;27000;2
6294;158;14;03/01/2025;28000;5
9368;158;3;25/05/2025;22000;2
3393;158;22;26/09/2024;110000;4
3441;158;21;28/09/2024;65000;5
8590;158;2;22/03/2025;20000;2
10336;158;1;26/09/2025;18000;4
1359;158;12;04/05/2024;22000;4
3327;158;21;24/09/2024;65000;5
4674;158;11;09/11/2024;25000;5
5116;158;3;25/11/2024;22000;5
9546;158;4;17/06/2025;24000;2
5115;159;3;25/11/2024;22000;2
5514;159;2;08/12/2024;20000;5
6262;159;14;03/01/2025;28000;2
6567;159;2;13/01/2025;20000;2
7271;159;2;08/02/2025;20000;2
9585;159;1;23/06/2025;18000;2
527;159;1;21/02/2024;18000;4
984;159;11;01/04/2024;25000;3
1231;159;26;23/04/2024;175000;4
4300;159;1;28/10/2024;18000;5
3358;159;22;25/09/2024;110000;5
8845;159;2;31/03/2025;20000;2
4035;159;4;18/10/2024;24000;4
5802;159;7;18/12/2024;29000;4
6588;159;4;13/01/2025;24000;2
8314;159;4;12/03/2025;24000;5
9152;159;2;03/05/2025;20000;4
4737;159;2;12/11/2024;20000;2
5528;159;7;08/12/2024;29000;5
8323;159;2;13/03/2025;20000;5
10064;159;3;22/08/2025;22000;5
6659;160;4;16/01/2025;24000;4
7450;160;3;13/02/2025;22000;3
7969;160;1;02/03/2025;18000;4
8627;160;3;23/03/2025;22000;3
9543;160;3;17/06/2025;22000;4
9852;160;4;28/07/2025;24000;5
368;160;18;05/02/2024;22000;5
887;160;4;23/03/2024;24000;3
1294;160;2;29/04/2024;20000;2
2584;160;24;29/08/2024;25000;3
2986;160;22;13/09/2024;110000;2
4365;160;9;30/10/2024;30000;3
6060;160;14;26/12/2024;28000;5
8458;160;3;17/03/2025;22000;5
1190;160;19;20/04/2024;18000;4
8432;160;4;16/03/2025;24000;3
496;160;7;17/02/2024;29000;2
3972;160;7;15/10/2024;29000;5
6101;160;14;28/12/2024;28000;3
6541;160;3;12/01/2025;22000;2
9042;160;4;21/04/2025;24000;5
5442;161;4;05/12/2024;24000;3
5502;161;10;07/12/2024;29000;5
5800;161;7;18/12/2024;29000;5
6143;161;14;29/12/2024;28000;5
7648;161;4;20/02/2025;24000;3
7798;161;1;26/02/2025;18000;3
8467;161;1;18/03/2025;18000;3
9320;161;1;20/05/2025;18000;3
9955;161;3;09/08/2025;22000;3
10202;161;3;10/09/2025;22000;3
1001;161;17;02/04/2024;27000;4
4429;161;2;02/11/2024;20000;4
3000;161;24;13/09/2024;25000;4
7638;161;2;20/02/2025;20000;2
1909;161;28;26/06/2024;200000;4
4402;161;6;01/11/2024;27000;4
6521;161;1;12/01/2025;18000;4
7053;161;1;31/01/2025;18000;2
10188;161;2;08/09/2025;20000;5
2980;161;21;13/09/2024;65000;3
3016;161;22;14/09/2024;110000;4
5299;161;5;01/12/2024;27000;2
5799;161;7;18/12/2024;29000;2
6971;162;1;28/01/2025;18000;5
7734;162;1;24/02/2025;18000;5
2119;162;25;16/07/2024;75000;3
8723;162;1;27/03/2025;18000;2
5134;162;11;25/11/2024;25000;3
6245;162;14;02/01/2025;28000;4
7070;162;3;31/01/2025;22000;3
7299;162;2;09/02/2025;20000;4
8894;162;2;04/04/2025;20000;5
1238;162;17;24/04/2024;27000;4
6035;162;14;26/12/2024;28000;4
7791;162;4;25/02/2025;24000;5
8290;162;1;12/03/2025;18000;3
212;162;21;23/01/2024;65000;5
5828;162;8;19/12/2024;30000;3
5902;162;14;21/12/2024;28000;4
6005;162;14;24/12/2024;28000;2
7308;162;3;09/02/2025;22000;5
5970;163;14;23/12/2024;28000;3
6202;163;14;31/12/2024;28000;3
7090;163;3;01/02/2025;22000;2
9446;163;2;04/06/2025;20000;4
1502;163;8;17/05/2024;30000;5
1924;163;24;28/06/2024;25000;5
3232;163;21;21/09/2024;65000;4
4388;163;11;31/10/2024;25000;2
10293;163;1;21/09/2025;18000;4
2004;163;24;05/07/2024;25000;3
2722;163;24;04/09/2024;25000;4
4259;163;9;26/10/2024;30000;4
1224;163;14;23/04/2024;28000;4
4764;163;11;12/11/2024;25000;3
4872;163;4;16/11/2024;24000;4
9177;163;4;05/05/2025;24000;5
9532;163;1;16/06/2025;18000;3
293;163;8;30/01/2024;30000;5
2887;163;24;09/09/2024;25000;5
3071;163;22;16/09/2024;110000;2
4614;163;1;08/11/2024;18000;4
4931;163;8;18/11/2024;30000;5
5359;163;6;02/12/2024;27000;5
5695;163;8;14/12/2024;30000;4
7248;163;3;07/02/2025;22000;5
8291;163;1;12/03/2025;18000;5
8993;163;3;16/04/2025;22000;3
10259;163;4;17/09/2025;24000;4
5097;164;4;24/11/2024;24000;4
6376;164;14;06/01/2025;28000;2
8544;164;4;20/03/2025;24000;4
9397;164;1;28/05/2025;18000;5
9778;164;4;18/07/2025;24000;5
1380;164;4;06/05/2024;24000;2
1588;164;22;24/05/2024;110000;2
2138;164;12;18/07/2024;22000;2
2151;164;23;19/07/2024;55000;3
3264;164;22;22/09/2024;110000;5
3803;164;8;09/10/2024;30000;3
997;164;14;02/04/2024;28000;4
3127;164;22;18/09/2024;110000;3
6140;164;14;29/12/2024;28000;3
6334;164;14;05/01/2025;28000;2
8784;164;1;29/03/2025;18000;2
9094;164;4;27/04/2025;24000;3
420;164;9;10/02/2024;30000;3
7816;164;4;26/02/2025;24000;5
8482;164;3;18/03/2025;22000;5
10344;164;1;27/09/2025;18000;5
3804;164;8;09/10/2024;30000;2
4972;164;7;19/11/2024;29000;3
9031;164;2;20/04/2025;20000;3
5363;165;8;02/12/2024;30000;4
5638;165;5;12/12/2024;27000;5
6735;165;3;19/01/2025;22000;3
7329;165;1;10/02/2025;18000;3
7430;165;4;12/02/2025;24000;5
8875;165;1;02/04/2025;18000;3
9820;165;2;24/07/2025;20000;3
685;165;20;04/03/2024;22000;3
946;165;28;29/03/2024;200000;5
1714;165;10;05/06/2024;29000;3
3805;165;8;09/10/2024;30000;2
6617;165;2;15/01/2025;20000;3
3922;165;11;13/10/2024;25000;2
5018;165;5;21/11/2024;27000;3
2993;165;23;13/09/2024;55000;2
4801;165;2;14/11/2024;20000;4
6300;165;14;04/01/2025;28000;2
8934;165;3;09/04/2025;22000;5
6900;165;3;25/01/2025;22000;3
6870;166;2;24/01/2025;20000;2
7500;166;3;15/02/2025;22000;5
7620;166;4;19/02/2025;24000;3
8054;166;1;04/03/2025;18000;5
8175;166;4;07/03/2025;24000;2
10091;166;3;26/08/2025;22000;4
5234;166;6;29/11/2024;27000;5
6416;166;14;08/01/2025;28000;2
7257;166;1;08/02/2025;18000;5
7424;166;3;12/02/2025;22000;3
2794;166;23;07/09/2024;55000;5
4986;166;2;20/11/2024;20000;3
5557;166;5;09/12/2024;27000;5
7886;166;2;28/02/2025;20000;5
1195;166;12;21/04/2024;22000;2
1812;166;18;14/06/2024;22000;2
3939;166;6;14/10/2024;27000;2
5362;166;8;02/12/2024;30000;3
8088;166;1;05/03/2025;18000;2
5674;167;11;13/12/2024;25000;4
9021;167;2;19/04/2025;20000;3
9481;167;4;08/06/2025;24000;4
928;167;25;27/03/2024;75000;5
1305;167;21;30/04/2024;65000;2
1750;167;1;08/06/2024;18000;3
2068;167;26;11/07/2024;175000;3
7052;167;1;31/01/2025;18000;2
1576;167;20;23/05/2024;22000;3
6077;167;14;27/12/2024;28000;3
9636;167;4;29/06/2025;24000;3
894;167;23;23/03/2024;55000;2
1336;167;11;02/05/2024;25000;5
10385;167;2;01/10/2025;20000;4
194;167;24;21/01/2024;25000;2
3242;167;22;21/09/2024;110000;4
5495;167;8;07/12/2024;30000;3
8944;167;1;11/04/2025;18000;2
9092;167;1;27/04/2025;18000;5
5725;168;1;16/12/2024;18000;3
8789;168;2;29/03/2025;20000;5
9019;168;1;19/04/2025;18000;3
9382;168;4;26/05/2025;24000;3
3742;168;5;07/10/2024;27000;3
8572;168;4;21/03/2025;24000;3
8252;168;3;10/03/2025;22000;4
3;168;8;01/01/2024;30000;3
1631;168;14;29/05/2024;28000;4
2690;168;24;03/09/2024;25000;2
3905;168;4;13/10/2024;24000;4
1771;168;12;10/06/2024;22000;3
2926;168;24;10/09/2024;25000;2
3623;168;7;03/10/2024;29000;5
5612;168;2;11/12/2024;20000;2
6954;168;3;27/01/2025;22000;4
8449;168;2;17/03/2025;20000;4
5392;169;5;03/12/2024;27000;2
5860;169;14;20/12/2024;28000;5
6926;169;3;26/01/2025;22000;3
7095;169;4;01/02/2025;24000;4
7721;169;3;23/02/2025;22000;5
7881;169;4;28/02/2025;24000;3
8319;169;1;13/03/2025;18000;3
8986;169;1;16/04/2025;18000;3
9600;169;4;24/06/2025;24000;5
9695;169;4;06/07/2025;24000;4
10223;169;1;13/09/2025;18000;5
178;169;1;20/01/2024;18000;3
342;169;11;02/02/2024;25000;3
3735;169;3;07/10/2024;22000;2
5729;169;3;16/12/2024;22000;2
6732;169;2;19/01/2025;20000;2
6931;169;3;26/01/2025;22000;2
8508;169;1;19/03/2025;18000;5
10009;169;2;15/08/2025;20000;2
6909;169;1;26/01/2025;18000;5
8741;169;3;27/03/2025;22000;4
9737;169;1;13/07/2025;18000;3
10240;169;2;14/09/2025;20000;4
6657;169;4;16/01/2025;24000;5
1915;169;14;27/06/2024;28000;4
5775;170;10;17/12/2024;29000;4
6465;170;14;09/01/2025;28000;5
638;170;23;01/03/2024;55000;2
8889;170;4;03/04/2025;24000;5
9123;170;2;01/05/2025;20000;3
9648;170;1;01/07/2025;18000;2
2314;170;24;02/08/2024;25000;3
950;170;7;30/03/2024;29000;2
2611;170;24;01/09/2024;25000;3
1500;170;1;17/05/2024;18000;2
4510;170;8;04/11/2024;30000;4
5276;170;1;01/12/2024;18000;5
9622;170;4;27/06/2025;24000;3
5201;171;2;28/11/2024;20000;3
5483;171;4;07/12/2024;24000;3
5774;171;10;17/12/2024;29000;4
5823;171;5;19/12/2024;27000;3
6818;171;2;22/01/2025;20000;2
7188;171;3;05/02/2025;22000;5
9465;171;2;06/06/2025;20000;4
93;171;16;11/01/2024;28000;2
694;171;8;05/03/2024;30000;2
847;171;10;18/03/2024;29000;4
1074;171;3;09/04/2024;22000;3
1639;171;20;30/05/2024;22000;4
1998;171;27;04/07/2024;250000;5
3030;171;24;14/09/2024;25000;3
3314;171;23;23/09/2024;55000;4
7281;171;3;08/02/2025;22000;3
8019;171;4;02/03/2025;24000;5
6110;171;14;28/12/2024;28000;2
10036;171;2;20/08/2025;20000;5
2628;171;24;01/09/2024;25000;3
6599;171;3;14/01/2025;22000;5
10218;171;4;12/09/2025;24000;3
2692;171;24;03/09/2024;25000;4
6652;171;3;16/01/2025;22000;3
7201;171;1;06/02/2025;18000;3
7683;171;1;22/02/2025;18000;4
7765;172;1;25/02/2025;18000;5
7766;172;2;25/02/2025;20000;4
8358;172;3;14/03/2025;22000;4
8475;172;2;18/03/2025;20000;2
1202;172;23;21/04/2024;55000;4
1361;172;13;04/05/2024;25000;2
2493;172;24;21/08/2024;25000;4
2902;172;22;10/09/2024;110000;5
8989;172;2;16/04/2025;20000;5
9897;172;2;04/08/2025;20000;5
3487;172;22;29/09/2024;110000;5
2683;172;24;03/09/2024;25000;4
5723;172;1;16/12/2024;18000;3
5037;173;1;22/11/2024;18000;4
5129;173;10;25/11/2024;29000;3
5489;173;5;07/12/2024;27000;5
6538;173;3;12/01/2025;22000;2
10314;173;4;23/09/2025;24000;5
480;173;28;15/02/2024;200000;4
725;173;1;08/03/2024;18000;5
1510;173;21;17/05/2024;65000;5
4866;173;2;16/11/2024;20000;3
7347;173;3;10/02/2025;22000;3
9724;173;3;10/07/2025;22000;4
10326;173;2;25/09/2025;20000;3
3417;173;22;27/09/2024;110000;3
3547;173;22;01/10/2024;110000;3
4041;173;6;18/10/2024;27000;5
4648;173;1;09/11/2024;18000;5
7499;173;3;15/02/2025;22000;2
7655;173;2;21/02/2025;20000;5
8962;173;1;13/04/2025;18000;5
5722;173;11;15/12/2024;25000;5
5598;174;8;10/12/2024;30000;5
5886;174;14;21/12/2024;28000;4
5959;174;14;23/12/2024;28000;2
6195;174;14;31/12/2024;28000;2
6534;174;3;12/01/2025;22000;3
6862;174;1;24/01/2025;18000;4
7072;174;3;31/01/2025;22000;4
7399;174;1;12/02/2025;18000;4
8696;174;4;25/03/2025;24000;2
10376;174;4;30/09/2025;24000;4
607;174;10;27/02/2024;29000;2
3748;174;5;07/10/2024;27000;4
4009;174;1;17/10/2024;18000;4
6050;174;14;26/12/2024;28000;4
6188;174;14;31/12/2024;28000;4
1077;174;7;09/04/2024;29000;4
1492;174;10;16/05/2024;29000;3
4878;174;5;16/11/2024;27000;5
5335;174;11;01/12/2024;25000;3
7923;174;1;01/03/2025;18000;4
9706;174;3;08/07/2025;22000;2
3382;174;24;25/09/2024;25000;5
8809;174;4;29/03/2025;24000;5
5184;175;8;27/11/2024;30000;3
5874;175;14;20/12/2024;28000;3
7067;175;3;31/01/2025;22000;4
8267;175;1;11/03/2025;18000;4
290;175;3;30/01/2024;22000;4
1109;175;28;11/04/2024;200000;4
1528;175;10;19/05/2024;29000;5
2784;175;24;06/09/2024;25000;2
2865;175;22;09/09/2024;110000;3
2944;175;22;11/09/2024;110000;3
4101;175;11;20/10/2024;25000;3
8255;175;3;10/03/2025;22000;5
145;175;26;16/01/2024;175000;5
7165;175;4;04/02/2025;24000;4
7786;175;4;25/02/2025;24000;4
2022;175;17;07/07/2024;27000;2
170;175;5;19/01/2024;27000;5
795;175;22;13/03/2024;110000;2
5788;175;3;18/12/2024;22000;3
8251;175;3;10/03/2025;22000;5
5121;176;6;25/11/2024;27000;3
5731;176;4;16/12/2024;24000;2
7532;176;4;16/02/2025;24000;2
9738;176;1;13/07/2025;18000;3
9892;176;4;03/08/2025;24000;5
630;176;9;01/03/2024;30000;2
4182;176;8;23/10/2024;30000;4
9316;176;4;19/05/2025;24000;2
4958;176;3;19/11/2024;22000;4
8834;176;4;30/03/2025;24000;4
10220;176;1;13/09/2025;18000;3
125;176;8;15/01/2024;30000;2
7909;176;4;28/02/2025;24000;3
8952;176;1;12/04/2025;18000;4
10210;177;4;11/09/2025;24000;3
32;177;2;04/01/2024;20000;2
186;177;24;20/01/2024;25000;5
1442;177;11;11/05/2024;25000;2
5979;177;14;24/12/2024;28000;4
7802;177;2;26/02/2025;20000;4
5074;177;7;23/11/2024;29000;3
817;177;25;15/03/2024;75000;3
2700;177;24;04/09/2024;25000;4
6635;177;4;15/01/2025;24000;5
2749;177;24;05/09/2024;25000;4
3414;177;22;27/09/2024;110000;3
4823;177;8;14/11/2024;30000;3
5865;177;14;20/12/2024;28000;4
10113;177;3;29/08/2025;22000;5
5556;178;4;09/12/2024;24000;4
7615;178;2;19/02/2025;20000;3
7946;178;3;01/03/2025;22000;2
8852;178;3;31/03/2025;22000;5
9274;178;4;14/05/2025;24000;5
261;178;2;27/01/2024;20000;5
2959;178;21;12/09/2024;65000;2
8806;178;4;29/03/2025;24000;4
9677;178;1;04/07/2025;18000;5
651;178;18;02/03/2024;22000;5
802;178;13;14/03/2024;25000;5
4064;178;4;19/10/2024;24000;2
4194;178;3;24/10/2024;22000;4
6750;178;1;20/01/2025;18000;5
7413;178;2;12/02/2025;20000;2
7495;178;2;15/02/2025;20000;2
8603;178;4;22/03/2025;24000;5
1850;178;16;18/06/2024;28000;2
10023;178;3;17/08/2025;22000;2
2180;178;21;21/07/2024;65000;3
2528;178;24;24/08/2024;25000;4
8816;178;1;30/03/2025;18000;3
8848;178;2;31/03/2025;20000;3
9138;178;4;01/05/2025;24000;5
5520;179;4;08/12/2024;24000;5
6059;179;14;26/12/2024;28000;4
6126;179;14;29/12/2024;28000;4
6871;179;2;24/01/2025;20000;5
7288;179;4;08/02/2025;24000;4
7433;179;4;12/02/2025;24000;5
9530;179;4;15/06/2025;24000;4
535;179;21;21/02/2024;65000;2
4083;179;1;20/10/2024;18000;2
8791;179;2;29/03/2025;20000;4
1123;179;21;13/04/2024;65000;5
3708;179;6;06/10/2024;27000;4
6158;179;14;30/12/2024;28000;3
7278;179;3;08/02/2025;22000;4
7445;179;2;13/02/2025;20000;4
2052;179;13;10/07/2024;25000;5
3729;179;2;07/10/2024;20000;5
4383;179;7;31/10/2024;29000;2
9534;179;1;16/06/2025;18000;4
5936;180;14;22/12/2024;28000;5
5971;180;14;23/12/2024;28000;5
6694;180;1;18/01/2025;18000;3
7292;180;4;08/02/2025;24000;4
8212;180;1;09/03/2025;18000;5
9442;180;2;03/06/2025;20000;2
10098;180;1;27/08/2025;18000;4
364;180;20;04/02/2024;22000;2
1449;180;10;12/05/2024;29000;3
1793;180;25;11/06/2024;75000;5
1973;180;23;02/07/2024;55000;2
4097;180;10;20/10/2024;29000;4
6090;180;14;28/12/2024;28000;5
6282;180;14;03/01/2025;28000;5
8538;180;2;20/03/2025;20000;5
798;180;2;14/03/2024;20000;2
3085;180;24;16/09/2024;25000;2
4714;180;3;11/11/2024;22000;3
6869;180;2;24/01/2025;20000;3
7221;180;4;06/02/2025;24000;3
1632;180;18;29/05/2024;22000;4
2676;180;24;03/09/2024;25000;4
8147;180;4;06/03/2025;24000;5
9155;180;2;03/05/2025;20000;3
4797;180;11;13/11/2024;25000;2
5609;180;2;11/12/2024;20000;5
7103;180;1;02/02/2025;18000;5
9058;180;1;23/04/2025;18000;2
5013;181;3;21/11/2024;22000;5
7875;181;4;28/02/2025;24000;2
9608;181;3;25/06/2025;22000;4
830;181;1;17/03/2024;18000;5
1171;181;23;18/04/2024;55000;3
2881;181;24;09/09/2024;25000;3
9595;181;3;23/06/2025;22000;5
9965;181;4;10/08/2025;24000;4
10123;181;3;31/08/2025;22000;4
9363;181;1;25/05/2025;18000;3
200;181;20;22/01/2024;22000;2
2650;181;24;02/09/2024;25000;4
4907;181;10;17/11/2024;29000;3
5162;181;11;26/11/2024;25000;4
8074;181;4;04/03/2025;24000;4
3909;181;6;13/10/2024;27000;2
8469;182;1;18/03/2025;18000;4
8658;182;3;24/03/2025;22000;3
130;182;26;15/01/2024;175000;5
1169;182;17;18/04/2024;27000;3
1371;182;15;05/05/2024;30000;4
1504;182;9;17/05/2024;30000;4
2009;182;3;06/07/2024;22000;4
3318;182;24;23/09/2024;25000;5
3380;182;24;25/09/2024;25000;4
3427;182;23;27/09/2024;55000;2
4401;182;6;01/11/2024;27000;5
5249;182;10;29/11/2024;29000;5
8702;182;2;26/03/2025;20000;5
10231;182;4;13/09/2025;24000;5
553;182;27;22/02/2024;250000;2
744;182;16;09/03/2024;28000;5
5180;182;7;27/11/2024;29000;3
9564;182;3;20/06/2025;22000;5
7763;182;1;25/02/2025;18000;3
5122;182;6;25/11/2024;27000;2
7293;183;1;09/02/2025;18000;4
8111;183;3;05/03/2025;22000;3
8473;183;2;18/03/2025;20000;4
9078;183;3;25/04/2025;22000;4
493;183;23;16/02/2024;55000;2
1137;183;14;14/04/2024;28000;3
1581;183;7;24/05/2024;29000;2
3733;183;2;07/10/2024;20000;3
4519;183;10;04/11/2024;29000;2
6354;183;14;05/01/2025;28000;4
6697;183;1;18/01/2025;18000;4
7534;183;4;16/02/2025;24000;2
2271;183;24;29/07/2024;25000;3
3323;183;24;23/09/2024;25000;5
5499;183;10;07/12/2024;29000;5
8735;183;3;27/03/2025;22000;4
3387;183;21;26/09/2024;65000;4
10119;183;4;30/08/2025;24000;2
10345;183;2;27/09/2025;20000;2
5144;184;4;26/11/2024;24000;2
7837;184;3;27/02/2025;22000;2
8336;184;4;13/03/2025;24000;5
9767;184;3;17/07/2025;22000;5
742;184;11;09/03/2024;25000;5
942;184;19;29/03/2024;18000;3
2016;184;28;06/07/2024;200000;2
2133;184;2;18/07/2024;20000;4
3394;184;22;26/09/2024;110000;3
6383;184;14;06/01/2025;28000;3
451;184;27;13/02/2024;250000;2
978;184;23;31/03/2024;55000;3
2812;184;24;07/09/2024;25000;5
4454;184;9;02/11/2024;30000;3
6495;184;14;10/01/2025;28000;5
9710;184;4;08/07/2025;24000;3
295;184;11;30/01/2024;25000;3
2537;184;24;25/08/2024;25000;2
2878;184;23;09/09/2024;55000;5
1111;184;2;12/04/2024;20000;3
1264;184;2;27/04/2024;20000;5
4337;184;2;29/10/2024;20000;5
6819;184;2;22/01/2025;20000;3
9454;184;1;05/06/2025;18000;2
16;185;26;02/01/2024;175000;5
608;185;11;27/02/2024;25000;2
696;185;9;05/03/2024;30000;4
1524;185;25;18/05/2024;75000;2
2798;185;23;07/09/2024;55000;3
1426;185;2;10/05/2024;20000;5
2597;185;24;31/08/2024;25000;5
5012;185;2;21/11/2024;20000;3
7831;185;2;27/02/2025;20000;5
229;185;17;24/01/2024;27000;4
780;185;13;12/03/2024;25000;3
1282;185;10;28/04/2024;29000;5
2645;185;24;02/09/2024;25000;2
3140;185;23;18/09/2024;55000;3
4620;185;2;08/11/2024;20000;2
5356;186;5;02/12/2024;27000;2
5617;186;5;11/12/2024;27000;4
6625;186;3;15/01/2025;22000;3
7388;186;4;11/02/2025;24000;3
7825;186;1;27/02/2025;18000;4
9074;186;1;25/04/2025;18000;2
245;186;5;26/01/2024;27000;3
3011;186;22;14/09/2024;110000;4
3879;186;6;12/10/2024;27000;2
182;186;9;20/01/2024;30000;5
6285;186;14;03/01/2025;28000;2
761;186;26;10/03/2024;175000;4
1410;186;2;09/05/2024;20000;5
3913;186;7;13/10/2024;29000;2
8448;186;2;17/03/2025;20000;4
5591;187;6;10/12/2024;27000;5
5836;187;14;19/12/2024;28000;4
5908;187;14;21/12/2024;28000;2
7484;187;4;14/02/2025;24000;4
7607;187;1;19/02/2025;18000;3
9800;187;3;21/07/2025;22000;3
9887;187;2;03/08/2025;20000;4
1323;187;20;01/05/2024;22000;3
1745;187;12;07/06/2024;22000;3
3892;187;9;12/10/2024;30000;2
7878;187;4;28/02/2025;24000;5
7974;187;1;02/03/2025;18000;3
1564;187;27;22/05/2024;250000;4
1942;187;26;30/06/2024;175000;3
2487;187;24;20/08/2024;25000;3
8631;187;4;23/03/2025;24000;5
4685;187;5;10/11/2024;27000;3
6751;187;1;20/01/2025;18000;5
6760;187;3;20/01/2025;22000;5
472;187;17;15/02/2024;27000;3
9220;187;3;09/05/2025;22000;2
5482;188;4;07/12/2024;24000;4
5889;188;14;21/12/2024;28000;4
5999;188;14;24/12/2024;28000;4
9102;188;4;28/04/2025;24000;4
42;188;11;05/01/2024;25000;5
807;188;1;15/03/2024;18000;5
827;188;27;16/03/2024;250000;2
1281;188;9;28/04/2024;30000;5
3319;188;24;23/09/2024;25000;4
5288;188;3;01/12/2024;22000;4
5425;188;9;04/12/2024;30000;5
6051;188;14;26/12/2024;28000;4
5758;188;2;17/12/2024;20000;2
9769;188;4;17/07/2025;24000;5
4938;188;9;18/11/2024;30000;2
9443;188;4;03/06/2025;24000;3
1811;188;18;14/06/2024;22000;4
4196;188;4;24/10/2024;24000;2
6471;188;14;10/01/2025;28000;4
5354;189;5;02/12/2024;27000;4
6426;189;14;08/01/2025;28000;2
8451;189;3;17/03/2025;22000;5
10380;189;4;30/09/2025;24000;5
713;189;5;07/03/2024;27000;4
2450;189;24;16/08/2024;25000;2
3292;189;21;23/09/2024;65000;3
8516;189;2;19/03/2025;20000;2
8757;189;2;28/03/2025;20000;5
9978;189;4;11/08/2025;24000;2
9639;189;4;29/06/2025;24000;2
2382;189;24;10/08/2024;25000;2
4549;189;7;05/11/2024;29000;4
8197;189;3;08/03/2025;22000;2
5173;190;5;27/11/2024;27000;2
6305;190;14;04/01/2025;28000;2
6584;190;4;13/01/2025;24000;2
7222;190;4;06/02/2025;24000;5
7487;190;4;14/02/2025;24000;2
7814;190;4;26/02/2025;24000;5
8543;190;4;20/03/2025;24000;3
8622;190;2;23/03/2025;20000;2
716;190;11;07/03/2024;25000;3
7141;190;4;03/02/2025;24000;2
8551;190;1;21/03/2025;18000;4
1659;190;12;01/06/2024;22000;3
3471;190;21;29/09/2024;65000;3
9895;190;4;03/08/2025;24000;5
5313;190;7;01/12/2024;29000;2
9007;190;1;18/04/2025;18000;4
10357;190;4;28/09/2025;24000;4
5853;191;14;20/12/2024;28000;4
6204;191;14;31/12/2024;28000;3
6479;191;14;10/01/2025;28000;4
8454;191;3;17/03/2025;22000;2
715;191;7;07/03/2024;29000;4
3391;191;22;26/09/2024;110000;4
6527;191;2;12/01/2025;20000;4
81;191;13;10/01/2024;25000;4
3716;191;10;06/10/2024;29000;5
8196;191;2;08/03/2025;20000;4
9090;191;4;26/04/2025;24000;5
3896;191;1;13/10/2024;18000;3
7564;191;4;17/02/2025;24000;2
8276;191;3;11/03/2025;22000;2
2401;191;24;11/08/2024;25000;2
7028;191;1;30/01/2025;18000;5
5017;192;5;21/11/2024;27000;3
6858;192;4;23/01/2025;24000;5
7854;192;4;27/02/2025;24000;3
9133;192;3;01/05/2025;22000;4
9855;192;3;29/07/2025;22000;3
10294;192;1;21/09/2025;18000;3
1040;192;14;06/04/2024;28000;2
3778;192;1;09/10/2024;18000;4
4055;192;11;18/10/2024;25000;4
4226;192;3;25/10/2024;22000;3
4395;192;4;01/11/2024;24000;2
1605;192;21;26/05/2024;65000;5
1744;192;11;07/06/2024;25000;5
5681;192;2;14/12/2024;20000;3
7522;192;1;16/02/2025;18000;4
7727;192;4;23/02/2025;24000;5
8555;192;2;21/03/2025;20000;3
1272;192;19;27/04/2024;18000;5
5207;192;5;28/11/2024;27000;4
2731;192;24;05/09/2024;25000;4
3276;192;23;22/09/2024;55000;5
3381;192;24;25/09/2024;25000;3
6037;193;14;26/12/2024;28000;5
6198;193;14;31/12/2024;28000;5
6613;193;1;15/01/2025;18000;2
6841;193;2;23/01/2025;20000;4
7743;193;2;24/02/2025;20000;3
8418;193;3;16/03/2025;22000;3
9687;193;2;05/07/2025;20000;4
537;193;25;21/02/2024;75000;2
904;193;3;25/03/2024;22000;2
2393;193;24;11/08/2024;25000;2
2452;193;24;16/08/2024;25000;4
4003;193;10;16/10/2024;29000;3
5192;193;10;27/11/2024;29000;4
5735;193;5;16/12/2024;27000;4
7167;193;4;04/02/2025;24000;5
8808;193;4;29/03/2025;24000;3
980;193;3;01/04/2024;22000;4
2443;193;24;16/08/2024;25000;5
6249;193;14;02/01/2025;28000;5
6293;193;14;03/01/2025;28000;5
8755;193;2;28/03/2025;20000;3
204;193;27;22/01/2024;250000;2
2190;193;18;22/07/2024;22000;5
2800;193;24;07/09/2024;25000;3
2828;193;21;08/09/2024;65000;2
8486;193;4;18/03/2025;24000;2
1556;193;2;22/05/2024;20000;4
8649;193;2;24/03/2025;20000;5
9328;193;4;20/05/2025;24000;2
5462;194;5;06/12/2024;27000;5
7321;194;4;09/02/2025;24000;3
7580;194;2;18/02/2025;20000;4
9416;194;3;30/05/2025;22000;5
9493;194;4;10/06/2025;24000;3
1987;194;2;04/07/2024;20000;3
2243;194;20;26/07/2024;22000;2
3794;194;7;09/10/2024;29000;5
8062;194;2;04/03/2025;20000;5
9352;194;4;23/05/2025;24000;2
2737;194;24;05/09/2024;25000;3
5444;194;5;05/12/2024;27000;4
6001;194;14;24/12/2024;28000;2
9549;194;1;18/06/2025;18000;2
9912;194;2;05/08/2025;20000;3
411;194;26;09/02/2024;175000;3
1406;194;22;08/05/2024;110000;3
1481;194;4;15/05/2024;24000;2
6581;194;4;13/01/2025;24000;4
8628;194;3;23/03/2025;22000;3
6169;195;14;30/12/2024;28000;2
9828;195;2;25/07/2025;20000;4
285;195;24;29/01/2024;25000;3
1560;195;21;22/05/2024;65000;3
3312;195;23;23/09/2024;55000;5
5954;195;14;23/12/2024;28000;3
7205;195;1;06/02/2025;18000;5
628;195;6;01/03/2024;27000;4
1307;195;27;30/04/2024;250000;4
6220;195;14;01/01/2025;28000;2
8922;195;2;07/04/2025;20000;4
1736;195;22;06/06/2024;110000;3
5471;195;11;06/12/2024;25000;4
5840;195;14;19/12/2024;28000;2
9784;195;4;19/07/2025;24000;2
7237;195;2;07/02/2025;20000;3
10372;195;3;30/09/2025;22000;4
5464;196;7;06/12/2024;29000;2
6323;196;14;04/01/2025;28000;5
6469;196;14;10/01/2025;28000;5
8781;196;1;29/03/2025;18000;4
9185;196;2;06/05/2025;20000;3
9312;196;1;19/05/2025;18000;2
9550;196;2;18/06/2025;20000;2
9833;196;1;26/07/2025;18000;2
10288;196;2;20/09/2025;20000;4
1335;196;10;02/05/2024;29000;4
5992;196;14;24/12/2024;28000;4
8928;196;4;08/04/2025;24000;3
5492;196;7;07/12/2024;29000;2
6792;196;2;21/01/2025;20000;4
6575;196;3;13/01/2025;22000;4
5101;197;6;24/11/2024;27000;5
7941;197;3;01/03/2025;22000;2
8306;197;3;12/03/2025;22000;3
10039;197;2;20/08/2025;20000;3
727;197;4;08/03/2024;24000;4
955;197;17;30/03/2024;27000;5
1840;197;4;17/06/2024;24000;4
2593;197;24;30/08/2024;25000;4
2906;197;22;10/09/2024;110000;4
2987;197;22;13/09/2024;110000;5
4317;197;7;28/10/2024;29000;3
5295;197;4;01/12/2024;24000;5
6846;197;3;23/01/2025;22000;4
9578;197;2;22/06/2025;20000;4
9860;197;1;30/07/2025;18000;3
10353;197;2;28/09/2025;20000;2
3626;197;8;03/10/2024;30000;5
7372;197;3;11/02/2025;22000;4
7736;197;1;24/02/2025;18000;5
300;197;21;30/01/2024;65000;3
4294;197;10;27/10/2024;29000;5
4962;197;4;19/11/2024;24000;2
5535;197;9;08/12/2024;30000;3
5691;197;7;14/12/2024;29000;4
1068;197;21;08/04/2024;65000;2
5077;197;8;23/11/2024;30000;5
5451;198;9;05/12/2024;30000;3
7225;198;4;06/02/2025;24000;4
8779;198;1;29/03/2025;18000;2
9226;198;4;09/05/2025;24000;4
581;198;27;24/02/2024;250000;5
600;198;16;26/02/2024;28000;2
1084;198;18;09/04/2024;22000;2
3664;198;11;04/10/2024;25000;5
3736;198;3;07/10/2024;22000;2
395;198;20;08/02/2024;22000;2
1553;198;28;21/05/2024;200000;4
2172;198;10;21/07/2024;29000;3
5929;198;14;22/12/2024;28000;3
7149;198;1;04/02/2025;18000;2
9846;198;1;28/07/2025;18000;4
610;198;12;27/02/2024;22000;4
1352;198;22;03/05/2024;110000;3
2532;198;24;25/08/2024;25000;3
5628;198;9;11/12/2024;30000;5
7894;199;3;28/02/2025;22000;5
8293;199;1;12/03/2025;18000;4
8560;199;3;21/03/2025;22000;4
9628;199;2;28/06/2025;20000;4
246;199;9;26/01/2024;30000;2
598;199;14;26/02/2024;28000;5
2889;199;24;09/09/2024;25000;4
4295;199;10;27/10/2024;29000;3
9203;199;1;08/05/2025;18000;3
249;199;12;26/01/2024;22000;5
3403;199;23;26/09/2024;55000;3
4611;199;11;07/11/2024;25000;2
5092;199;2;24/11/2024;20000;2
8983;199;3;15/04/2025;22000;3
1147;199;12;15/04/2024;22000;5
1221;199;5;23/04/2024;27000;3
3478;199;21;29/09/2024;65000;4
4319;199;8;28/10/2024;30000;2
8320;199;1;13/03/2025;18000;4
8406;200;1;16/03/2025;18000;5
8999;200;2;17/04/2025;20000;4
149;200;10;17/01/2024;29000;2
265;200;15;27/01/2024;30000;4
351;200;8;03/02/2024;30000;4
590;200;25;25/02/2024;75000;5
1063;200;6;08/04/2024;27000;2
1638;200;15;30/05/2024;30000;3
1738;200;1;07/06/2024;18000;2
2246;200;23;26/07/2024;55000;5
2412;200;24;12/08/2024;25000;2
2624;200;24;01/09/2024;25000;4
3472;200;21;29/09/2024;65000;2
4461;200;11;02/11/2024;25000;4
5922;200;14;22/12/2024;28000;2
6131;200;14;29/12/2024;28000;5
2470;200;24;19/08/2024;25000;2
4477;200;6;03/11/2024;27000;3
9244;200;3;11/05/2025;22000;4
1101;200;1;11/04/2024;18000;3
9487;200;1;10/06/2025;18000;3
5607;201;1;11/12/2024;18000;3
6159;201;14;30/12/2024;28000;5
6218;201;14;01/01/2025;28000;4
6542;201;3;12/01/2025;22000;2
6847;201;3;23/01/2025;22000;2
8677;201;2;25/03/2025;20000;3
1351;201;22;03/05/2024;110000;5
1643;201;22;30/05/2024;110000;4
3214;201;24;20/09/2024;25000;5
4207;201;7;24/10/2024;29000;2
4426;201;1;02/11/2024;18000;2
5106;201;10;24/11/2024;29000;4
10191;201;4;08/09/2025;24000;5
2210;201;26;23/07/2024;175000;4
5772;201;9;17/12/2024;30000;4
10090;201;3;26/08/2025;22000;2
1515;201;7;18/05/2024;29000;3
3355;201;21;25/09/2024;65000;4
3503;201;24;29/09/2024;25000;2
4059;201;2;19/10/2024;20000;5
5297;201;5;01/12/2024;27000;5
5927;201;14;22/12/2024;28000;2
6359;201;14;06/01/2025;28000;4
8296;201;1;12/03/2025;18000;3
9067;201;3;24/04/2025;22000;4
1036;201;5;06/04/2024;27000;3
1662;201;18;01/06/2024;22000;4
7307;201;3;09/02/2025;22000;5
8929;201;1;09/04/2025;18000;3
9304;201;3;17/05/2025;22000;5
5078;202;8;23/11/2024;30000;5
5583;202;3;10/12/2024;22000;2
8170;202;3;07/03/2025;22000;2
317;202;24;31/01/2024;25000;3
2789;202;21;07/09/2024;65000;4
3046;202;23;15/09/2024;55000;5
3546;202;22;01/10/2024;110000;5
7914;202;1;01/03/2025;18000;2
4124;202;11;21/10/2024;25000;2
5146;202;4;26/11/2024;24000;2
8438;202;1;17/03/2025;18000;5
8459;202;3;17/03/2025;22000;5
75;202;22;09/01/2024;110000;3
526;202;25;20/02/2024;75000;5
6019;202;14;25/12/2024;28000;2
9046;202;1;22/04/2025;18000;3
9212;202;4;08/05/2025;24000;2
6066;202;14;26/12/2024;28000;3
7246;202;3;07/02/2025;22000;3
9932;202;1;07/08/2025;18000;2
7467;203;1;14/02/2025;18000;4
7967;203;1;02/03/2025;18000;2
881;203;13;22/03/2024;25000;5
2123;203;10;17/07/2024;29000;5
2738;203;24;05/09/2024;25000;4
2969;203;22;12/09/2024;110000;2
3674;203;6;05/10/2024;27000;2
4216;203;11;24/10/2024;25000;5
1573;203;18;23/05/2024;22000;3
1606;203;24;26/05/2024;25000;3
3686;203;8;05/10/2024;30000;5
6237;203;14;02/01/2025;28000;5
4939;203;9;18/11/2024;30000;2
6398;203;14;07/01/2025;28000;4
434;203;25;11/02/2024;75000;3
2020;203;15;07/07/2024;30000;5
2261;203;26;28/07/2024;175000;5
3023;203;24;14/09/2024;25000;5
9297;203;4;16/05/2025;24000;3
6649;204;3;16/01/2025;22000;3
8770;204;4;28/03/2025;24000;3
2300;204;13;01/08/2024;25000;2
8430;204;4;16/03/2025;24000;3
7241;204;2;07/02/2025;20000;3
6604;204;3;14/01/2025;22000;5
7565;204;4;17/02/2025;24000;5
3747;204;5;07/10/2024;27000;2
4529;204;2;05/11/2024;20000;4
5585;204;4;10/12/2024;24000;4
6124;205;14;28/12/2024;28000;3
6773;205;4;20/01/2025;24000;2
8715;205;3;26/03/2025;22000;3
9436;205;1;02/06/2025;18000;3
10109;205;1;29/08/2025;18000;5
889;205;13;23/03/2024;25000;3
1277;205;25;27/04/2024;75000;4
1448;205;8;12/05/2024;30000;4
2608;205;24;01/09/2024;25000;2
2936;205;21;11/09/2024;65000;5
3325;205;21;24/09/2024;65000;3
4287;205;8;27/10/2024;30000;3
4296;205;11;27/10/2024;25000;2
5219;205;1;29/11/2024;18000;3
5239;205;7;29/11/2024;29000;4
8937;205;1;10/04/2025;18000;5
9783;205;3;19/07/2025;22000;2
4071;205;6;19/10/2024;27000;5
6189;205;14;31/12/2024;28000;3
39;205;27;04/01/2024;250000;3
1694;205;3;04/06/2024;22000;2
2863;205;22;09/09/2024;110000;5
5671;205;10;13/12/2024;29000;3
8594;205;2;22/03/2025;20000;5
10226;205;2;13/09/2025;20000;2
195;205;26;21/01/2024;175000;4
1187;205;9;20/04/2024;30000;5
2631;205;24;01/09/2024;25000;2
6474;205;14;10/01/2025;28000;3
7320;205;4;09/02/2025;24000;5
5622;206;7;11/12/2024;29000;2
6085;206;14;27/12/2024;28000;5
7302;206;2;09/02/2025;20000;4
8127;206;1;06/03/2025;18000;3
9788;206;1;20/07/2025;18000;2
1914;206;14;27/06/2024;28000;2
3818;206;5;10/10/2024;27000;5
7891;206;2;28/02/2025;20000;4
2409;206;24;12/08/2024;25000;5
8574;206;1;22/03/2025;18000;2
9931;206;1;07/08/2025;18000;4
989;206;25;01/04/2024;75000;2
1274;206;24;27/04/2024;25000;4
3931;206;3;14/10/2024;22000;4
5857;206;14;20/12/2024;28000;2
8587;206;2;22/03/2025;20000;3
3262;206;21;22/09/2024;65000;5
7223;206;4;06/02/2025;24000;5
5185;207;9;27/11/2024;30000;2
6466;207;14;09/01/2025;28000;5
6833;207;1;23/01/2025;18000;5
7202;207;1;06/02/2025;18000;5
8949;207;3;11/04/2025;22000;2
9537;207;3;16/06/2025;22000;5
29;207;26;03/01/2024;175000;4
1139;207;18;14/04/2024;22000;5
2520;207;24;23/08/2024;25000;3
2806;207;24;07/09/2024;25000;2
2839;207;23;08/09/2024;55000;2
2935;207;21;11/09/2024;65000;3
3567;207;24;01/10/2024;25000;4
3994;207;7;16/10/2024;29000;3
4959;207;3;19/11/2024;22000;3
6771;207;4;20/01/2025;24000;2
5348;207;3;02/12/2024;22000;4
8403;207;1;16/03/2025;18000;2
2375;207;24;09/08/2024;25000;4
4573;207;4;06/11/2024;24000;2
8914;207;2;06/04/2025;20000;4
9038;207;4;20/04/2025;24000;5
5748;208;10;16/12/2024;29000;4
6598;208;3;14/01/2025;22000;3
7066;208;3;31/01/2025;22000;4
7176;208;1;05/02/2025;18000;3
8113;208;3;05/03/2025;22000;2
8773;208;4;28/03/2025;24000;3
9099;208;1;28/04/2025;18000;3
2023;208;22;07/07/2024;110000;2
2174;208;12;21/07/2024;22000;5
2338;208;24;05/08/2024;25000;4
3087;208;24;16/09/2024;25000;4
3111;208;24;17/09/2024;25000;3
4014;208;5;17/10/2024;27000;2
7312;208;4;09/02/2025;24000;5
8269;208;2;11/03/2025;20000;3
166;208;17;18/01/2024;27000;3
4162;208;3;23/10/2024;22000;5
8163;208;2;07/03/2025;20000;4
1318;208;14;01/05/2024;28000;3
6605;209;4;14/01/2025;24000;2
6880;209;4;24/01/2025;24000;5
7505;209;3;15/02/2025;22000;5
9106;209;1;29/04/2025;18000;3
9702;209;1;08/07/2025;18000;2
1699;209;10;04/06/2024;29000;2
3532;209;21;01/10/2024;65000;5
3863;209;1;12/10/2024;18000;3
4275;209;5;27/10/2024;27000;5
4438;209;5;02/11/2024;27000;3
4483;209;6;03/11/2024;27000;4
6352;209;14;05/01/2025;28000;2
7639;209;2;20/02/2025;20000;5
9029;209;1;20/04/2025;18000;5
603;209;21;26/02/2024;65000;5
1218;209;2;23/04/2024;20000;5
7457;209;4;13/02/2025;24000;3
7697;209;3;22/02/2025;22000;4
1460;209;11;13/05/2024;25000;5
4786;209;8;13/11/2024;30000;2
6429;209;14;08/01/2025;28000;3
7672;209;4;21/02/2025;24000;5
8807;209;4;29/03/2025;24000;2
5170;210;3;27/11/2024;22000;2
7801;210;2;26/02/2025;20000;5
1496;210;21;16/05/2024;65000;2
3379;210;24;25/09/2024;25000;5
312;210;11;31/01/2024;25000;2
5289;210;3;01/12/2024;22000;4
9361;210;1;25/05/2025;18000;3
1174;210;1;19/04/2024;18000;4
1320;210;18;01/05/2024;22000;2
3750;210;6;07/10/2024;27000;3
6194;210;14;31/12/2024;28000;4
9753;210;3;14/07/2025;22000;5
1684;210;6;03/06/2024;27000;5
3597;210;21;02/10/2024;65000;4
5679;211;1;14/12/2024;18000;3
6831;211;1;23/01/2025;18000;2
10031;211;1;19/08/2025;18000;4
1439;211;6;11/05/2024;27000;3
1809;211;13;14/06/2024;25000;5
3009;211;22;14/09/2024;110000;3
3411;211;21;27/09/2024;65000;2
3605;211;23;02/10/2024;55000;4
4280;211;6;27/10/2024;27000;3
4432;211;2;02/11/2024;20000;4
9683;211;1;05/07/2025;18000;3
2051;211;12;10/07/2024;22000;4
4318;211;7;28/10/2024;29000;4
5056;211;9;22/11/2024;30000;3
5809;211;10;18/12/2024;29000;5
6400;211;14;07/01/2025;28000;3
8851;211;2;31/03/2025;20000;5
2919;211;23;10/09/2024;55000;3
4446;211;7;02/11/2024;29000;2
5470;211;10;06/12/2024;29000;2
8536;211;2;20/03/2025;20000;2
9034;211;3;20/04/2025;22000;3
1022;211;8;04/04/2024;30000;4
2816;211;24;07/09/2024;25000;3
3573;211;24;01/10/2024;25000;4
4145;211;9;22/10/2024;30000;2
5394;212;5;03/12/2024;27000;4
6972;212;1;28/01/2025;18000;2
7733;212;4;23/02/2025;24000;3
8995;212;4;16/04/2025;24000;2
9953;212;3;09/08/2025;22000;3
1428;212;8;10/05/2024;30000;4
1609;212;1;27/05/2024;18000;4
3937;212;4;14/10/2024;24000;4
241;212;14;25/01/2024;28000;3
1907;212;2;26/06/2024;20000;5
9294;212;4;16/05/2025;24000;4
1288;212;14;28/04/2024;28000;4
1527;212;4;19/05/2024;24000;2
4230;212;7;25/10/2024;29000;3
8237;212;1;10/03/2025;18000;2
1219;212;3;23/04/2024;22000;5
2715;212;24;04/09/2024;25000;2
3856;212;9;11/10/2024;30000;5
7640;212;2;20/02/2025;20000;2
10112;212;3;29/08/2025;22000;3
5450;213;9;05/12/2024;30000;3
5771;213;9;17/12/2024;30000;5
6431;213;14;08/01/2025;28000;5
6660;213;4;16/01/2025;24000;3
8034;213;1;03/03/2025;18000;5
8443;213;1;17/03/2025;18000;4
8501;213;1;19/03/2025;18000;2
9669;213;2;03/07/2025;20000;2
10178;213;4;06/09/2025;24000;2
864;213;1;21/03/2024;18000;3
1711;213;8;05/06/2024;30000;4
4926;213;6;18/11/2024;27000;5
6923;213;2;26/01/2025;20000;3
9577;213;2;22/06/2025;20000;3
9924;213;2;06/08/2025;20000;3
10257;213;3;17/09/2025;22000;2
743;213;13;09/03/2024;25000;5
5647;213;8;12/12/2024;30000;4
7528;213;2;16/02/2025;20000;4
5806;213;10;18/12/2024;29000;5
6884;213;1;25/01/2025;18000;5
9752;213;2;14/07/2025;20000;3
10189;213;3;08/09/2025;22000;4
6223;213;14;01/01/2025;28000;5
7254;214;4;07/02/2025;24000;5
7829;214;2;27/02/2025;20000;2
9665;214;1;02/07/2025;18000;2
1053;214;11;07/04/2024;25000;4
1777;214;24;10/06/2024;25000;2
1800;214;11;13/06/2024;25000;3
3215;214;24;20/09/2024;25000;5
7114;214;4;02/02/2025;24000;3
8613;214;1;23/03/2025;18000;3
10324;214;2;25/09/2025;20000;3
255;214;21;26/01/2024;65000;3
8156;214;1;07/03/2025;18000;2
1884;214;1;23/06/2024;18000;5
6582;214;4;13/01/2025;24000;5
6589;214;1;14/01/2025;18000;4
9440;214;4;02/06/2025;24000;5
5414;215;6;04/12/2024;27000;4
6999;215;1;29/01/2025;18000;4
7444;215;2;13/02/2025;20000;3
8567;215;4;21/03/2025;24000;5
9057;215;1;23/04/2025;18000;4
9435;215;4;01/06/2025;24000;5
10280;215;4;19/09/2025;24000;5
407;215;20;09/02/2024;22000;4
877;215;27;21/03/2024;250000;3
1679;215;19;02/06/2024;18000;3
2254;215;5;28/07/2024;27000;4
2511;215;24;22/08/2024;25000;3
4814;215;6;14/11/2024;27000;4
6511;215;3;11/01/2025;22000;3
7899;215;3;28/02/2025;22000;5
1311;215;1;01/05/2024;18000;4
5894;215;14;21/12/2024;28000;3
666;215;17;03/03/2024;27000;5
2622;215;24;01/09/2024;25000;4
6247;216;14;02/01/2025;28000;5
7262;216;1;08/02/2025;18000;3
9110;216;1;30/04/2025;18000;3
9129;216;3;01/05/2025;22000;3
346;216;1;03/02/2024;18000;2
2809;216;24;07/09/2024;25000;2
2890;216;24;09/09/2024;25000;3
2958;216;21;12/09/2024;65000;4
3814;216;3;10/10/2024;22000;4
4734;216;11;11/11/2024;25000;2
8566;216;3;21/03/2025;22000;2
8874;216;4;01/04/2025;24000;3
9169;216;4;04/05/2025;24000;2
1160;216;9;17/04/2024;30000;3
2838;216;22;08/09/2024;110000;2
3894;216;10;12/10/2024;29000;2
8184;216;2;08/03/2025;20000;4
2669;216;24;03/09/2024;25000;4
3647;216;5;04/10/2024;27000;5
9376;216;2;26/05/2025;20000;4
6569;217;3;13/01/2025;22000;5
7094;217;4;01/02/2025;24000;3
9184;217;2;06/05/2025;20000;4
101;217;14;12/01/2024;28000;5
1452;217;16;12/05/2024;28000;4
2237;217;12;26/07/2024;22000;4
2925;217;24;10/09/2024;25000;5
4233;217;8;25/10/2024;30000;2
6738;217;3;19/01/2025;22000;3
8329;217;2;13/03/2025;20000;5
1225;217;14;23/04/2024;28000;4
2394;217;24;11/08/2024;25000;2
4813;217;6;14/11/2024;27000;3
2941;217;22;11/09/2024;110000;2
3433;217;24;27/09/2024;25000;5
4937;217;9;18/11/2024;30000;2
5533;217;8;08/12/2024;30000;4
6583;217;4;13/01/2025;24000;5
7408;217;2;12/02/2025;20000;5
9980;217;4;11/08/2025;24000;5
2203;217;10;23/07/2024;29000;4
2572;217;24;28/08/2024;25000;5
7447;217;3;13/02/2025;22000;4
10024;217;4;17/08/2025;24000;3
5278;218;1;01/12/2024;18000;4
5320;218;8;01/12/2024;30000;5
5448;218;7;05/12/2024;29000;3
6032;218;14;25/12/2024;28000;3
6530;218;2;12/01/2025;20000;4
9083;218;1;26/04/2025;18000;2
9430;218;4;31/05/2025;24000;5
871;218;15;21/03/2024;30000;5
2531;218;24;25/08/2024;25000;3
4921;218;4;18/11/2024;24000;5
6600;218;3;14/01/2025;22000;3
6746;218;1;20/01/2025;18000;2
7137;218;4;03/02/2025;24000;4
3830;218;8;10/10/2024;30000;2
4512;218;8;04/11/2024;30000;2
8495;218;1;19/03/2025;18000;4
886;218;27;22/03/2024;250000;2
2758;218;24;06/09/2024;25000;4
7602;218;1;19/02/2025;18000;2
1098;218;16;10/04/2024;28000;3
8206;218;4;08/03/2025;24000;5
9156;218;3;03/05/2025;22000;4
5141;219;2;26/11/2024;20000;5
6174;219;14;30/12/2024;28000;5
6543;219;3;12/01/2025;22000;4
6730;219;2;19/01/2025;20000;2
7853;219;4;27/02/2025;24000;3
8003;219;3;02/03/2025;22000;4
10071;219;2;23/08/2025;20000;2
706;219;10;06/03/2024;29000;4
4036;219;4;18/10/2024;24000;3
56;219;25;06/01/2024;75000;2
1826;219;20;15/06/2024;22000;4
2884;219;24;09/09/2024;25000;5
7950;219;4;01/03/2025;24000;3
7922;219;1;01/03/2025;18000;5
8665;219;4;24/03/2025;24000;3
9426;219;2;31/05/2025;20000;5
10200;219;1;10/09/2025;18000;3
2623;219;24;01/09/2024;25000;5
5858;220;14;20/12/2024;28000;2
5950;220;14;23/12/2024;28000;4
8873;220;4;01/04/2025;24000;4
9598;220;2;24/06/2025;20000;5
9711;220;1;09/07/2025;18000;5
10321;220;1;25/09/2025;18000;4
1278;220;26;27/04/2024;175000;3
3439;220;21;28/09/2024;65000;3
3518;220;23;30/09/2024;55000;4
3625;220;8;03/10/2024;30000;5
5478;220;3;07/12/2024;22000;4
313;220;13;31/01/2024;25000;5
4625;220;4;08/11/2024;24000;3
6493;220;14;10/01/2025;28000;3
9429;220;3;31/05/2025;22000;3
753;220;18;10/03/2024;22000;3
809;220;4;15/03/2024;24000;4
5061;220;11;22/11/2024;25000;2
6447;220;14;09/01/2025;28000;2
7985;220;2;02/03/2025;20000;2
9821;220;3;24/07/2025;22000;5
5888;221;14;21/12/2024;28000;2
6021;221;14;25/12/2024;28000;2
6394;221;14;07/01/2025;28000;4
6485;221;14;10/01/2025;28000;3
7374;221;3;11/02/2025;22000;3
8284;221;4;11/03/2025;24000;3
9144;221;1;02/05/2025;18000;4
10325;221;2;25/09/2025;20000;4
905;221;5;25/03/2024;27000;4
1211;221;18;22/04/2024;22000;2
3113;221;24;17/09/2024;25000;3
3354;221;21;25/09/2024;65000;2
6412;221;14;08/01/2025;28000;5
6480;221;14;10/01/2025;28000;3
2021;221;16;07/07/2024;28000;3
2115;221;18;16/07/2024;22000;4
2603;221;24;31/08/2024;25000;5
4232;221;8;25/10/2024;30000;2
6119;221;14;28/12/2024;28000;2
7301;221;2;09/02/2025;20000;3
114;221;3;14/01/2024;22000;5
4834;221;1;15/11/2024;18000;3
6254;221;14;02/01/2025;28000;4
7840;221;3;27/02/2025;22000;3
2164;221;24;20/07/2024;25000;2
3799;221;7;09/10/2024;29000;2
5161;221;11;26/11/2024;25000;5
6014;221;14;25/12/2024;28000;4
6681;221;3;17/01/2025;22000;2
5476;222;1;07/12/2024;18000;4
6116;222;14;28/12/2024;28000;2
7419;222;3;12/02/2025;22000;5
7938;222;2;01/03/2025;20000;5
8119;222;4;05/03/2025;24000;4
8288;222;1;12/03/2025;18000;5
9168;222;4;04/05/2025;24000;4
9482;222;4;08/06/2025;24000;3
8439;222;1;17/03/2025;18000;4
4367;222;11;30/10/2024;25000;3
8254;222;3;10/03/2025;22000;4
3076;222;22;16/09/2024;110000;2
3338;222;23;24/09/2024;55000;2
8169;222;3;07/03/2025;22000;4
231;222;19;24/01/2024;18000;3
5608;222;1;11/12/2024;18000;4
5594;223;7;10/12/2024;29000;3
8016;223;4;02/03/2025;24000;3
8919;223;1;07/04/2025;18000;3
9175;223;3;05/05/2025;22000;4
9213;223;1;09/05/2025;18000;2
9356;223;2;24/05/2025;20000;5
9557;223;2;19/06/2025;20000;2
9618;223;1;27/06/2025;18000;4
9700;223;4;07/07/2025;24000;3
10158;223;3;04/09/2025;22000;3
225;223;11;24/01/2024;25000;4
1075;223;3;09/04/2024;22000;4
4286;223;8;27/10/2024;30000;5
4322;223;8;28/10/2024;30000;3
7536;223;4;16/02/2025;24000;3
7781;223;3;25/02/2025;22000;4
8805;223;4;29/03/2025;24000;3
5571;223;10;09/12/2024;29000;3
7678;223;4;21/02/2025;24000;3
10140;223;2;03/09/2025;20000;2
825;223;15;16/03/2024;30000;2
3251;223;24;21/09/2024;25000;4
6839;223;2;23/01/2025;20000;4
1863;223;22;20/06/2024;110000;4
2491;223;24;20/08/2024;25000;4
3033;223;21;15/09/2024;65000;3
7557;223;3;17/02/2025;22000;3
8049;223;4;03/03/2025;24000;4
5435;224;2;05/12/2024;20000;5
5517;224;3;08/12/2024;22000;2
6176;224;14;31/12/2024;28000;4
8131;224;1;06/03/2025;18000;2
8744;224;4;27/03/2025;24000;3
8978;224;1;15/04/2025;18000;2
9633;224;2;29/06/2025;20000;4
217;224;2;24/01/2024;20000;4
1804;224;27;13/06/2024;250000;2
3406;224;24;26/09/2024;25000;2
5388;224;3;03/12/2024;22000;2
9408;224;3;29/05/2025;22000;2
6433;224;14;08/01/2025;28000;5
7377;224;3;11/02/2025;22000;4
7861;224;1;28/02/2025;18000;5
1682;224;2;03/06/2024;20000;5
9803;224;2;22/07/2025;20000;4
3867;224;2;12/10/2024;20000;3
4050;224;10;18/10/2024;29000;2
4970;224;7;19/11/2024;29000;2
6215;225;14;01/01/2025;28000;3
7284;225;3;08/02/2025;22000;5
2638;225;24;01/09/2024;25000;4
4321;225;8;28/10/2024;30000;2
4876;225;5;16/11/2024;27000;5
418;225;7;10/02/2024;29000;4
987;225;21;01/04/2024;65000;4
4181;225;7;23/10/2024;29000;5
5567;225;9;09/12/2024;30000;2
223;225;8;24/01/2024;30000;3
367;225;17;05/02/2024;27000;3
874;225;23;21/03/2024;55000;3
1204;225;28;21/04/2024;200000;3
2033;225;10;08/07/2024;29000;5
2366;225;24;08/08/2024;25000;2
2684;225;24;03/09/2024;25000;3
4349;225;10;29/10/2024;29000;5
4721;225;8;11/11/2024;30000;3
8831;225;4;30/03/2025;24000;2
9161;225;1;04/05/2025;18000;4
9742;225;2;13/07/2025;20000;2
5518;226;3;08/12/2024;22000;2
6023;226;14;25/12/2024;28000;4
6068;226;14;26/12/2024;28000;2
7334;226;2;10/02/2025;20000;2
7605;226;1;19/02/2025;18000;2
8915;226;3;06/04/2025;22000;4
1154;226;9;16/04/2024;30000;5
1235;226;12;24/04/2024;22000;3
1604;226;20;26/05/2024;22000;2
1717;226;13;05/06/2024;25000;2
1203;226;27;21/04/2024;250000;5
4501;226;3;04/11/2024;22000;5
4933;226;8;18/11/2024;30000;4
9254;226;4;12/05/2025;24000;4
650;226;12;02/03/2024;22000;5
1089;226;27;09/04/2024;250000;3
2680;226;24;03/09/2024;25000;3
5367;227;9;02/12/2024;30000;4
6185;227;14;31/12/2024;28000;3
6997;227;1;29/01/2025;18000;5
7093;227;4;01/02/2025;24000;2
7180;227;1;05/02/2025;18000;3
7948;227;4;01/03/2025;24000;4
7972;227;1;02/03/2025;18000;5
8992;227;3;16/04/2025;22000;2
10063;227;3;22/08/2025;22000;4
1857;227;22;19/06/2024;110000;3
3246;227;23;21/09/2024;55000;3
2637;227;24;01/09/2024;25000;2
3301;227;22;23/09/2024;110000;2
8885;227;1;03/04/2025;18000;4
9739;227;1;13/07/2025;18000;2
68;227;22;08/01/2024;110000;2
9210;227;2;08/05/2025;20000;5
7138;228;4;03/02/2025;24000;3
8505;228;1;19/03/2025;18000;4
9759;228;1;16/07/2025;18000;4
9880;228;2;02/08/2025;20000;3
10272;228;1;19/09/2025;18000;4
107;228;1;13/01/2024;18000;2
1230;228;23;23/04/2024;55000;4
1910;228;1;27/06/2024;18000;3
2479;228;24;19/08/2024;25000;4
7871;228;3;28/02/2025;22000;4
4903;228;9;17/11/2024;30000;5
5613;228;3;11/12/2024;22000;4
7004;228;2;29/01/2025;20000;4
8047;228;4;03/03/2025;24000;4
9240;228;2;11/05/2025;20000;2
10030;228;4;18/08/2025;24000;4
845;228;5;18/03/2024;27000;4
4828;228;10;14/11/2024;29000;3
9732;228;1;12/07/2025;18000;3
5515;228;3;08/12/2024;22000;5
8772;229;4;28/03/2025;24000;5
10086;229;1;26/08/2025;18000;5
732;229;25;08/03/2024;75000;5
2871;229;23;09/09/2024;55000;2
3887;229;9;12/10/2024;30000;3
8386;229;2;15/03/2025;20000;5
8782;229;1;29/03/2025;18000;5
427;229;11;11/02/2024;25000;2
3230;229;21;21/09/2024;65000;5
4564;229;2;06/11/2024;20000;4
3208;229;22;20/09/2024;110000;3
3772;229;9;08/10/2024;30000;3
6633;230;4;15/01/2025;24000;2
6830;230;1;23/01/2025;18000;2
7533;230;4;16/02/2025;24000;2
7758;230;1;25/02/2025;18000;3
8434;230;4;16/03/2025;24000;5
448;230;13;13/02/2024;25000;3
709;230;23;06/03/2024;55000;5
1284;230;10;28/04/2024;29000;4
2367;230;24;08/08/2024;25000;2
2502;230;24;22/08/2024;25000;2
3273;230;23;22/09/2024;55000;4
9063;230;2;24/04/2025;20000;2
9703;230;1;08/07/2025;18000;2
10137;230;2;03/09/2025;20000;5
953;230;11;30/03/2024;25000;3
2646;230;24;02/09/2024;25000;5
1054;230;18;07/04/2024;22000;3
6624;230;3;15/01/2025;22000;3
7027;230;1;30/01/2025;18000;2
2303;230;21;01/08/2024;65000;5
6723;230;1;19/01/2025;18000;4
7642;230;3;20/02/2025;22000;2
10251;230;3;16/09/2025;22000;5
5697;231;9;14/12/2024;30000;5
6109;231;14;28/12/2024;28000;4
8624;231;2;23/03/2025;20000;3
9968;231;4;10/08/2025;24000;4
9984;231;3;12/08/2025;22000;5
10308;231;3;22/09/2025;22000;4
236;231;2;25/01/2024;20000;5
4364;231;9;30/10/2024;30000;3
438;231;10;12/02/2024;29000;4
8238;231;1;10/03/2025;18000;3
8466;231;1;18/03/2025;18000;5
9414;231;2;30/05/2025;20000;5
3195;231;21;20/09/2024;65000;2
5504;231;11;07/12/2024;25000;5
6992;231;1;29/01/2025;18000;3
10277;231;3;19/09/2025;22000;4
6932;231;3;26/01/2025;22000;3
7824;232;1;27/02/2025;18000;4
8865;232;4;31/03/2025;24000;5
9172;232;1;05/05/2025;18000;5
10005;232;3;14/08/2025;22000;2
10330;232;3;25/09/2025;22000;3
728;232;5;08/03/2024;27000;5
1603;232;18;26/05/2024;22000;5
2802;232;24;07/09/2024;25000;3
3724;232;1;07/10/2024;18000;2
4138;232;7;22/10/2024;29000;3
4350;232;10;29/10/2024;29000;5
6046;232;14;26/12/2024;28000;2
6348;232;14;05/01/2025;28000;5
9654;232;3;01/07/2025;22000;5
3034;232;21;15/09/2024;65000;4
8259;232;4;10/03/2025;24000;3
9962;232;2;10/08/2025;20000;2
3256;232;21;22/09/2024;65000;5
9498;232;4;11/06/2025;24000;2
9879;232;1;02/08/2025;18000;2
5682;233;3;14/12/2024;22000;3
7391;233;4;11/02/2025;24000;4
7436;233;4;12/02/2025;24000;5
8729;233;2;27/03/2025;20000;4
9400;233;3;28/05/2025;22000;4
774;233;3;12/03/2024;22000;2
915;233;15;26/03/2024;30000;3
3661;233;10;04/10/2024;29000;2
3934;233;3;14/10/2024;22000;5
7047;233;1;31/01/2025;18000;4
7345;233;3;10/02/2025;22000;3
1688;233;16;03/06/2024;28000;3
5270;233;8;30/11/2024;30000;5
1309;233;28;30/04/2024;200000;5
2388;233;24;10/08/2024;25000;5
4789;233;8;13/11/2024;30000;2
8385;233;2;15/03/2025;20000;4
9599;233;3;24/06/2025;22000;5
10224;233;1;13/09/2025;18000;2
5719;234;10;15/12/2024;29000;5
6547;234;4;12/01/2025;24000;2
7982;234;2;02/03/2025;20000;4
8090;234;1;05/03/2025;18000;4
9723;234;2;10/07/2025;20000;5
1589;234;26;24/05/2024;175000;5
3697;234;2;06/10/2024;20000;2
4545;234;6;05/11/2024;27000;5
1023;234;9;04/04/2024;30000;3
2358;234;24;07/08/2024;25000;2
8201;234;3;08/03/2025;22000;2
664;234;9;03/03/2024;30000;5
5030;234;9;21/11/2024;30000;4
6350;234;14;05/01/2025;28000;2
5168;235;3;27/11/2024;22000;2
5311;235;7;01/12/2024;29000;2
8042;235;3;03/03/2025;22000;3
1572;235;12;23/05/2024;22000;2
4224;235;3;25/10/2024;22000;2
4692;235;8;10/11/2024;30000;4
2433;235;24;14/08/2024;25000;4
769;235;20;11/03/2024;22000;2
2194;235;20;22/07/2024;22000;4
5066;235;1;23/11/2024;18000;2
5453;235;10;05/12/2024;29000;5
5614;235;4;11/12/2024;24000;2
6933;236;3;26/01/2025;22000;4
6960;236;3;27/01/2025;22000;2
471;236;16;15/02/2024;28000;3
2102;236;15;15/07/2024;30000;4
2171;236;10;21/07/2024;29000;2
4068;236;4;19/10/2024;24000;2
4838;236;2;15/11/2024;20000;5
324;236;9;01/02/2024;30000;2
4015;236;6;17/10/2024;27000;3
8924;236;4;07/04/2025;24000;4
9579;236;2;22/06/2025;20000;2
6887;236;1;25/01/2025;18000;2
7576;236;1;18/02/2025;18000;3
9241;236;2;11/05/2025;20000;3
3191;236;24;19/09/2024;25000;2
6364;236;14;06/01/2025;28000;3
7438;236;1;13/02/2025;18000;2
9139;236;4;01/05/2025;24000;3
7060;237;3;31/01/2025;22000;2
8340;237;4;13/03/2025;24000;2
10169;237;4;05/09/2025;24000;5
1143;237;6;15/04/2024;27000;5
1974;237;24;02/07/2024;25000;5
2476;237;24;19/08/2024;25000;4
2564;237;24;27/08/2024;25000;5
2656;237;24;02/09/2024;25000;2
3014;237;22;14/09/2024;110000;2
3993;237;6;16/10/2024;27000;5
4192;237;2;24/10/2024;20000;2
5785;237;2;18/12/2024;20000;2
5935;237;14;22/12/2024;28000;4
7903;237;4;28/02/2025;24000;5
8739;237;3;27/03/2025;22000;3
8827;237;4;30/03/2025;24000;2
463;237;28;14/02/2024;200000;5
2795;237;23;07/09/2024;55000;5
8803;237;4;29/03/2025;24000;3
1803;237;25;13/06/2024;75000;2
2263;237;1;29/07/2024;18000;4
2776;237;24;06/09/2024;25000;5
4130;237;2;22/10/2024;20000;5
3962;237;3;15/10/2024;22000;5
8261;237;1;11/03/2025;18000;5
9807;237;3;22/07/2025;22000;2
7382;238;3;11/02/2025;22000;2
7817;238;4;26/02/2025;24000;4
441;238;19;12/02/2024;18000;5
1976;238;25;02/07/2024;75000;4
2185;238;2;22/07/2024;20000;2
2188;238;14;22/07/2024;28000;3
9884;238;3;02/08/2025;22000;4
140;238;14;16/01/2024;28000;2
1194;238;11;21/04/2024;25000;3
4008;238;1;17/10/2024;18000;3
3680;238;8;05/10/2024;30000;2
6417;238;14;08/01/2025;28000;2
1930;238;3;29/06/2024;22000;2
3751;238;6;07/10/2024;27000;5
5294;238;4;01/12/2024;24000;4
8911;238;3;05/04/2025;22000;5
7361;239;1;11/02/2025;18000;5
7516;239;4;15/02/2025;24000;3
7983;239;2;02/03/2025;20000;4
8224;239;2;09/03/2025;20000;5
8550;239;1;21/03/2025;18000;2
9281;239;3;15/05/2025;22000;5
2128;239;16;17/07/2024;28000;4
5467;239;9;06/12/2024;30000;3
5494;239;7;07/12/2024;29000;2
7365;239;2;11/02/2025;20000;5
4739;239;3;12/11/2024;22000;5
5770;239;8;17/12/2024;30000;2
7890;239;2;28/02/2025;20000;5
1484;239;9;15/05/2024;30000;4
4082;239;1;20/10/2024;18000;4
1734;239;19;06/06/2024;18000;4
6486;239;14;10/01/2025;28000;4
8285;239;4;11/03/2025;24000;5
5257;240;2;30/11/2024;20000;4
154;240;27;17/01/2024;250000;2
358;240;22;03/02/2024;110000;3
616;240;11;28/02/2024;25000;5
1322;240;19;01/05/2024;18000;3
1677;240;16;02/06/2024;28000;2
4072;240;6;19/10/2024;27000;3
4120;240;10;21/10/2024;29000;5
4235;240;10;25/10/2024;29000;2
4351;240;10;29/10/2024;29000;4
6895;240;3;25/01/2025;22000;4
7116;240;4;02/02/2025;24000;5
9257;240;4;12/05/2025;24000;2
8152;240;1;07/03/2025;18000;4
3492;240;23;29/09/2024;55000;3
4276;240;5;27/10/2024;27000;4
4659;240;5;09/11/2024;27000;4
9194;240;4;07/05/2025;24000;2
7977;241;1;02/03/2025;18000;3
8023;241;4;02/03/2025;24000;2
9631;241;1;29/06/2025;18000;5
10075;241;2;24/08/2025;20000;3
936;241;6;29/03/2024;27000;3
1853;241;9;19/06/2024;30000;2
4890;241;3;17/11/2024;22000;4
8083;241;4;04/03/2025;24000;4
2727;241;24;05/09/2024;25000;3
134;241;5;16/01/2024;27000;5
9097;241;1;28/04/2025;18000;4
7858;241;1;28/02/2025;18000;3
8704;241;2;26/03/2025;20000;4
9350;241;4;23/05/2025;24000;3
4999;242;7;20/11/2024;29000;5
6868;242;2;24/01/2025;20000;5
7764;242;1;25/02/2025;18000;3
8121;242;4;05/03/2025;24000;2
8247;242;2;10/03/2025;20000;4
8798;242;3;29/03/2025;22000;5
82;242;17;10/01/2024;27000;2
3149;242;24;18/09/2024;25000;2
3449;242;22;28/09/2024;110000;5
8380;242;1;15/03/2025;18000;2
8634;242;4;23/03/2025;24000;5
4912;242;1;18/11/2024;18000;5
7018;242;4;29/01/2025;24000;4
9342;242;1;23/05/2025;18000;2
717;242;12;07/03/2024;22000;4
2258;242;14;28/07/2024;28000;5
5843;242;14;19/12/2024;28000;4
7319;242;4;09/02/2025;24000;2
5519;243;4;08/12/2024;24000;2
5605;243;11;10/12/2024;25000;5
6003;243;14;24/12/2024;28000;4
8277;243;3;11/03/2025;22000;5
109;243;15;13/01/2024;30000;5
906;243;5;25/03/2024;27000;4
1700;243;12;04/06/2024;22000;3
3221;243;24;20/09/2024;25000;4
5227;243;4;29/11/2024;24000;5
10167;243;3;05/09/2025;22000;4
7676;244;4;21/02/2025;24000;2
8345;244;1;14/03/2025;18000;3
9476;244;2;08/06/2025;20000;2
1061;244;3;08/04/2024;22000;5
1337;244;12;02/05/2024;22000;5
1124;244;23;13/04/2024;55000;2
1453;244;17;12/05/2024;27000;2
8907;244;2;05/04/2025;20000;4
10035;244;1;20/08/2025;18000;2
2290;244;11;31/07/2024;25000;4
3435;244;24;27/09/2024;25000;4
5898;244;14;21/12/2024;28000;3
7247;244;3;07/02/2025;22000;5
7514;244;4;15/02/2025;24000;3
7990;244;2;02/03/2025;20000;2
954;244;12;30/03/2024;22000;5
1788;244;14;11/06/2024;28000;5
7586;245;3;18/02/2025;22000;4
7949;245;4;01/03/2025;24000;2
8725;245;1;27/03/2025;18000;3
474;245;19;15/02/2024;18000;5
2363;245;24;08/08/2024;25000;4
3875;245;4;12/10/2024;24000;4
4532;245;2;05/11/2024;20000;3
5372;245;10;02/12/2024;29000;5
6219;245;14;01/01/2025;28000;3
7101;245;1;02/02/2025;18000;5
5606;245;11;10/12/2024;25000;3
7080;245;1;01/02/2025;18000;4
3350;245;24;24/09/2024;25000;4
5153;245;6;26/11/2024;27000;3
1103;245;5;11/04/2024;27000;5
3969;245;6;15/10/2024;27000;4
4007;245;1;17/10/2024;18000;4
9624;245;4;27/06/2025;24000;4
7008;246;2;29/01/2025;20000;2
8073;246;3;04/03/2025;22000;2
9452;246;4;04/06/2025;24000;3
2471;246;24;19/08/2024;25000;3
3342;246;23;24/09/2024;55000;5
3810;246;1;10/10/2024;18000;5
4326;246;10;28/10/2024;29000;5
5721;246;11;15/12/2024;25000;5
259;246;28;26/01/2024;200000;3
2862;246;22;09/09/2024;110000;5
5925;246;14;22/12/2024;28000;2
6802;246;4;21/01/2025;24000;2
1182;246;25;19/04/2024;75000;5
6967;246;1;28/01/2025;18000;3
8909;246;3;05/04/2025;22000;4
8553;246;1;21/03/2025;18000;4
5630;247;10;11/12/2024;29000;4
9462;247;4;05/06/2025;24000;5
9850;247;2;28/07/2025;20000;2
1539;247;7;20/05/2024;29000;3
2355;247;24;07/08/2024;25000;5
3119;247;21;18/09/2024;65000;2
3604;247;23;02/10/2024;55000;4
3857;247;9;11/10/2024;30000;2
5683;247;3;14/12/2024;22000;4
859;247;24;19/03/2024;25000;5
1996;247;25;04/07/2024;75000;3
5636;247;4;12/12/2024;24000;3
5820;247;3;19/12/2024;22000;2
5917;247;14;22/12/2024;28000;2
6555;247;4;12/01/2025;24000;4
8286;247;4;11/03/2025;24000;4
8615;247;2;23/03/2025;20000;5
7947;247;3;01/03/2025;22000;2
7105;248;1;02/02/2025;18000;4
7153;248;2;04/02/2025;20000;4
2952;248;24;11/09/2024;25000;5
3982;248;1;16/10/2024;18000;5
4399;248;5;01/11/2024;27000;5
4484;248;7;03/11/2024;29000;2
5738;248;5;16/12/2024;27000;4
6835;248;1;23/01/2025;18000;5
875;248;25;21/03/2024;75000;5
7869;248;2;28/02/2025;20000;5
9219;248;3;09/05/2025;22000;5
10139;248;2;03/09/2025;20000;2
2514;248;24;23/08/2024;25000;2
2752;248;24;05/09/2024;25000;5
8565;248;3;21/03/2025;22000;4
9354;248;2;24/05/2025;20000;3
10265;248;3;18/09/2025;22000;4
1413;248;5;09/05/2024;27000;2
10239;248;2;14/09/2025;20000;5
5188;249;9;27/11/2024;30000;3
6727;249;2;19/01/2025;20000;3
7253;249;4;07/02/2025;24000;3
7838;249;3;27/02/2025;22000;3
8158;249;1;07/03/2025;18000;4
8868;249;2;01/04/2025;20000;5
9231;249;2;10/05/2025;20000;4
9270;249;3;14/05/2025;22000;4
2407;249;24;12/08/2024;25000;2
3521;249;23;30/09/2024;55000;4
5649;249;8;12/12/2024;30000;4
6082;249;14;27/12/2024;28000;2
6899;249;3;25/01/2025;22000;4
9228;249;1;10/05/2025;18000;2
8151;249;1;07/03/2025;18000;2
8351;249;2;14/03/2025;20000;4
5466;249;8;06/12/2024;30000;5
9963;249;3;10/08/2025;22000;5
5990;250;14;24/12/2024;28000;3
8256;250;4;10/03/2025;24000;3
9197;250;4;07/05/2025;24000;2
9306;250;3;17/05/2025;22000;3
3485;250;22;29/09/2024;110000;5
3541;250;21;01/10/2024;65000;3
5171;250;4;27/11/2024;24000;4
5787;250;3;18/12/2024;22000;5
6661;250;4;16/01/2025;24000;2
8092;250;1;05/03/2025;18000;4
9559;250;4;19/06/2025;24000;2
2465;250;24;18/08/2024;25000;4
3494;250;23;29/09/2024;55000;2
6315;250;14;04/01/2025;28000;4
4476;250;6;03/11/2024;27000;2
617;250;13;28/02/2024;25000;2
1656;250;7;01/06/2024;29000;5
4313;250;6;28/10/2024;27000;3
5002;250;9;20/11/2024;30000;5
5131;251;10;25/11/2024;29000;2
5340;251;11;01/12/2024;25000;5
5906;251;14;21/12/2024;28000;2
6742;251;3;19/01/2025;22000;4
6816;251;2;22/01/2025;20000;4
8174;251;4;07/03/2025;24000;2
8408;251;1;16/03/2025;18000;4
8880;251;3;02/04/2025;22000;4
832;251;6;17/03/2024;27000;2
1091;251;27;09/04/2024;250000;4
1665;251;26;01/06/2024;175000;3
2084;251;13;13/07/2024;25000;3
2753;251;24;06/09/2024;25000;3
3590;251;8;02/10/2024;30000;3
3980;251;11;15/10/2024;25000;5
6711;251;4;18/01/2025;24000;2
8322;251;2;13/03/2025;20000;5
8647;251;2;24/03/2025;20000;5
9976;251;3;11/08/2025;22000;2
4945;251;11;18/11/2024;25000;5
5680;251;2;14/12/2024;20000;2
9165;251;2;04/05/2025;20000;4
504;251;12;18/02/2024;22000;2
8313;251;3;12/03/2025;22000;4
9904;251;3;04/08/2025;22000;5
10213;251;2;12/09/2025;20000;5
2730;251;24;05/09/2024;25000;2
6363;251;14;06/01/2025;28000;5
9044;251;1;22/04/2025;18000;3
6310;252;14;04/01/2025;28000;4
163;252;14;18/01/2024;28000;4
722;252;26;07/03/2024;175000;5
783;252;16;12/03/2024;28000;2
3564;252;24;01/10/2024;25000;3
4459;252;10;02/11/2024;29000;3
8420;252;3;16/03/2025;22000;3
2842;252;24;08/09/2024;25000;4
5822;252;5;19/12/2024;27000;4
9293;252;3;16/05/2025;22000;3
9417;252;3;30/05/2025;22000;5
3678;252;7;05/10/2024;29000;3
6039;252;14;26/12/2024;28000;5
6995;252;1;29/01/2025;18000;4
7574;252;1;18/02/2025;18000;4
5793;252;4;18/12/2024;24000;4
7146;253;4;03/02/2025;24000;4
8082;253;4;04/03/2025;24000;5
8935;253;4;09/04/2025;24000;4
9733;253;1;12/07/2025;18000;4
10108;253;1;29/08/2025;18000;5
2657;253;24;02/09/2024;25000;2
4517;253;10;04/11/2024;29000;4
4837;253;2;15/11/2024;20000;4
7731;253;4;23/02/2025;24000;4
520;253;14;20/02/2024;28000;3
921;253;2;27/03/2024;20000;4
2899;253;22;10/09/2024;110000;2
3184;253;24;19/09/2024;25000;3
5977;253;14;24/12/2024;28000;4
6232;253;14;01/01/2025;28000;5
6978;253;3;28/01/2025;22000;2
1968;253;7;02/07/2024;29000;4
3006;253;21;14/09/2024;65000;4
6768;253;3;20/01/2025;22000;4
7398;253;1;12/02/2025;18000;3
5259;254;2;30/11/2024;20000;3
5326;254;9;01/12/2024;30000;3
7575;254;1;18/02/2025;18000;5
7747;254;3;24/02/2025;22000;2
8099;254;2;05/03/2025;20000;2
9236;254;4;10/05/2025;24000;3
10296;254;2;21/09/2025;20000;2
123;254;28;14/01/2024;200000;3
971;254;16;31/03/2024;28000;3
1690;254;21;03/06/2024;65000;2
1866;254;1;21/06/2024;18000;5
2494;254;24;21/08/2024;25000;4
2771;254;24;06/09/2024;25000;5
3829;254;8;10/10/2024;30000;3
2988;254;22;13/09/2024;110000;3
6358;254;14;05/01/2025;28000;3
7739;254;1;24/02/2025;18000;2
3802;254;8;09/10/2024;30000;2
9743;254;3;13/07/2025;22000;3
6936;255;3;26/01/2025;22000;3
7045;255;4;30/01/2025;24000;5
7918;255;1;01/03/2025;18000;3
8080;255;4;04/03/2025;24000;3
9258;255;1;13/05/2025;18000;5
9330;255;2;21/05/2025;20000;4
271;255;22;27/01/2024;110000;3
829;255;28;16/03/2024;200000;5
1518;255;11;18/05/2024;25000;2
3880;255;6;12/10/2024;27000;4
4807;255;4;14/11/2024;24000;5
6667;255;1;17/01/2025;18000;2
7964;255;1;02/03/2025;18000;4
8116;255;4;05/03/2025;24000;4
10041;255;2;20/08/2025;20000;2
10111;255;2;29/08/2025;20000;5
1471;255;5;14/05/2024;27000;2
9091;255;4;26/04/2025;24000;3
524;255;22;20/02/2024;110000;3
2661;255;24;02/09/2024;25000;5
3153;255;24;18/09/2024;25000;3
4695;255;9;10/11/2024;30000;5
5307;255;6;01/12/2024;27000;3
4607;255;9;07/11/2024;30000;3
5085;255;10;23/11/2024;29000;3
9170;255;4;04/05/2025;24000;3
10335;255;1;26/09/2025;18000;2
5247;256;9;29/11/2024;30000;4
5328;256;10;01/12/2024;29000;4
5641;256;6;12/12/2024;27000;5
7351;256;4;10/02/2025;24000;4
8886;256;1;03/04/2025;18000;3
786;256;27;12/03/2024;250000;2
2579;256;24;28/08/2024;25000;4
6038;256;14;26/12/2024;28000;4
1161;256;14;17/04/2024;28000;5
1374;256;27;05/05/2024;250000;5
3855;256;8;11/10/2024;30000;4
3888;256;9;12/10/2024;30000;2
5768;256;7;17/12/2024;29000;2
7730;256;4;23/02/2025;24000;4
7893;256;2;28/02/2025;20000;2
4727;256;9;11/11/2024;30000;4
4817;256;7;14/11/2024;29000;5
8307;256;3;12/03/2025;22000;5
6108;257;14;28/12/2024;28000;3
6243;257;14;02/01/2025;28000;3
6403;257;14;07/01/2025;28000;4
7492;257;2;15/02/2025;20000;4
8436;257;1;17/03/2025;18000;5
9113;257;2;30/04/2025;20000;4
1657;257;7;01/06/2024;29000;2
3222;257;24;20/09/2024;25000;3
3373;257;23;25/09/2024;55000;5
4019;257;8;17/10/2024;30000;2
8867;257;1;01/04/2025;18000;3
2540;257;24;25/08/2024;25000;2
3277;257;23;22/09/2024;55000;4
3392;257;22;26/09/2024;110000;3
2982;257;21;13/09/2024;65000;4
7643;257;3;20/02/2025;22000;5
7857;257;1;28/02/2025;18000;5
3574;257;24;01/10/2024;25000;2
3685;257;8;05/10/2024;30000;4
5715;257;9;15/12/2024;30000;4
6207;257;14;31/12/2024;28000;2
9427;257;3;31/05/2025;22000;2
5302;258;5;01/12/2024;27000;5
7051;258;1;31/01/2025;18000;5
8472;258;2;18/03/2025;20000;2
1087;258;26;09/04/2024;175000;4
1197;258;14;21/04/2024;28000;2
3454;258;22;28/09/2024;110000;4
3510;258;21;30/09/2024;65000;3
4345;258;8;29/10/2024;30000;4
7002;258;2;29/01/2025;20000;2
8522;258;3;19/03/2025;22000;5
8756;258;2;28/03/2025;20000;2
9847;258;1;28/07/2025;18000;2
5575;258;11;09/12/2024;25000;4
8539;258;3;20/03/2025;22000;5
2108;258;2;16/07/2024;20000;5
8820;258;2;30/03/2025;20000;2
10110;258;2;29/08/2025;20000;5
3146;258;23;18/09/2024;55000;3
9182;258;1;06/05/2025;18000;2
5339;259;11;01/12/2024;25000;4
5457;259;2;06/12/2024;20000;2
6115;259;14;28/12/2024;28000;5
7274;259;2;08/02/2025;20000;3
7711;259;2;23/02/2025;20000;2
7718;259;2;23/02/2025;20000;4
7921;259;1;01/03/2025;18000;5
7958;259;4;01/03/2025;24000;4
332;259;24;01/02/2024;25000;3
790;259;16;13/03/2024;28000;4
948;259;5;30/03/2024;27000;5
1116;259;23;12/04/2024;55000;4
1919;259;9;28/06/2024;30000;2
3170;259;22;19/09/2024;110000;4
4279;259;6;27/10/2024;27000;3
8856;259;3;31/03/2025;22000;5
686;259;21;04/03/2024;65000;4
3349;259;24;24/09/2024;25000;5
4929;259;7;18/11/2024;29000;3
6910;260;1;26/01/2025;18000;3
8547;260;4;20/03/2025;24000;3
9054;260;4;22/04/2025;24000;3
9412;260;2;30/05/2025;20000;4
177;260;23;19/01/2024;55000;4
3463;260;24;28/09/2024;25000;3
7654;260;1;21/02/2025;18000;5
5713;260;7;15/12/2024;29000;5
10384;260;2;01/10/2025;20000;3
2895;260;21;10/09/2024;65000;4
4718;260;5;11/11/2024;27000;4
5231;260;6;29/11/2024;27000;2
6436;260;14;08/01/2025;28000;3
2141;260;17;18/07/2024;27000;4
10153;260;2;04/09/2025;20000;5
5204;261;3;28/11/2024;22000;3
5687;261;6;14/12/2024;27000;4
7677;261;4;21/02/2025;24000;4
8246;261;2;10/03/2025;20000;5
8457;261;3;17/03/2025;22000;3
9583;261;1;23/06/2025;18000;2
284;261;24;29/01/2024;25000;5
1521;261;15;18/05/2024;30000;4
1551;261;24;21/05/2024;25000;2
1982;261;5;03/07/2024;27000;4
2024;261;24;07/07/2024;25000;4
2845;261;24;08/09/2024;25000;3
7493;261;2;15/02/2025;20000;2
902;261;25;24/03/2024;75000;2
6822;261;3;22/01/2025;22000;4
10012;261;3;15/08/2025;22000;2
1002;261;20;02/04/2024;22000;2
5208;261;5;28/11/2024;27000;2
8427;261;4;16/03/2025;24000;4
9485;261;3;09/06/2025;22000;3
9975;261;2;11/08/2025;20000;3
10151;261;1;04/09/2025;18000;3
8242;262;1;10/03/2025;18000;4
8419;262;3;16/03/2025;22000;3
10102;262;4;27/08/2025;24000;2
1050;262;2;07/04/2024;20000;4
3081;262;23;16/09/2024;55000;4
4372;262;3;31/10/2024;22000;3
6578;262;3;13/01/2025;22000;2
7348;262;3;10/02/2025;22000;3
9979;262;4;11/08/2025;24000;3
10228;262;2;13/09/2025;20000;2
2093;262;9;14/07/2024;30000;5
6410;262;14;07/01/2025;28000;2
6435;262;14;08/01/2025;28000;2
6781;263;1;21/01/2025;18000;4
6907;263;4;25/01/2025;24000;2
7088;263;3;01/02/2025;22000;2
8117;263;4;05/03/2025;24000;4
66;263;16;08/01/2024;28000;2
863;263;25;20/03/2024;75000;4
1881;263;22;22/06/2024;110000;3
2356;263;24;07/08/2024;25000;4
2509;263;24;22/08/2024;25000;3
4005;263;11;16/10/2024;25000;5
8445;263;2;17/03/2025;20000;4
5202;263;2;28/11/2024;20000;4
6367;263;14;06/01/2025;28000;2
7366;263;2;11/02/2025;20000;2
8864;263;4;31/03/2025;24000;2
9824;263;3;24/07/2025;22000;4
7509;263;3;15/02/2025;22000;5
7942;263;3;01/03/2025;22000;5
8945;263;1;11/04/2025;18000;3
5044;264;3;22/11/2024;22000;3
6990;264;1;29/01/2025;18000;4
7385;264;3;11/02/2025;22000;4
8063;264;2;04/03/2025;20000;5
8517;264;3;19/03/2025;22000;2
9005;264;4;17/04/2025;24000;4
244;264;17;25/01/2024;27000;2
785;264;23;12/03/2024;55000;5
1626;264;1;29/05/2024;18000;2
1728;264;13;06/06/2024;25000;4
2679;264;24;03/09/2024;25000;4
6682;264;3;17/01/2025;22000;3
482;264;2;16/02/2024;20000;4
2599;264;24;31/08/2024;25000;4
3824;264;7;10/10/2024;29000;4
7317;264;4;09/02/2025;24000;5
7545;264;2;17/02/2025;20000;2
2419;264;24;13/08/2024;25000;4
2674;264;24;03/09/2024;25000;3
5361;264;7;02/12/2024;29000;5
7282;264;3;08/02/2025;22000;4
8065;264;2;04/03/2025;20000;2
8507;264;1;19/03/2025;18000;4
8970;264;2;14/04/2025;20000;3
5128;265;10;25/11/2024;29000;3
7469;265;1;14/02/2025;18000;4
10048;265;1;21/08/2025;18000;3
164;265;16;18/01/2024;28000;5
518;265;7;20/02/2024;29000;3
937;265;7;29/03/2024;29000;5
1363;265;18;04/05/2024;22000;4
3420;265;22;27/09/2024;110000;5
6875;265;3;24/01/2025;22000;3
7759;265;1;25/02/2025;18000;4
7884;265;1;28/02/2025;18000;3
777;265;9;12/03/2024;30000;2
3268;265;22;22/09/2024;110000;2
7259;265;1;08/02/2025;18000;5
575;265;15;24/02/2024;30000;3
7100;266;1;02/02/2025;18000;5
8653;266;3;24/03/2025;22000;5
8825;266;4;30/03/2025;24000;4
9987;266;4;12/08/2025;24000;4
3248;266;23;21/09/2024;55000;5
3389;266;21;26/09/2024;65000;3
9411;266;1;30/05/2025;18000;4
379;266;23;06/02/2024;55000;5
2855;266;21;09/09/2024;65000;3
3693;266;11;05/10/2024;25000;3
9512;266;3;13/06/2025;22000;3
6437;266;14;08/01/2025;28000;3
9720;266;1;10/07/2025;18000;5
2736;266;24;05/09/2024;25000;3
5429;266;11;04/12/2024;25000;2
6121;266;14;28/12/2024;28000;5
5863;267;14;20/12/2024;28000;4
6372;267;14;06/01/2025;28000;3
6790;267;2;21/01/2025;20000;5
7480;267;3;14/02/2025;22000;3
7960;267;4;01/03/2025;24000;4
8396;267;4;15/03/2025;24000;5
8758;267;2;28/03/2025;20000;4
10003;267;3;14/08/2025;22000;4
337;267;5;02/02/2024;27000;2
2197;267;23;22/07/2024;55000;5
2985;267;22;13/09/2024;110000;4
3063;267;21;16/09/2024;65000;4
5561;267;7;09/12/2024;29000;4
5637;267;4;12/12/2024;24000;4
6507;267;2;11/01/2025;20000;3
7504;267;3;15/02/2025;22000;5
7550;267;2;17/02/2025;20000;4
1332;267;28;01/05/2024;200000;4
5615;267;4;11/12/2024;24000;5
9253;267;3;12/05/2025;22000;5
2787;267;21;07/09/2024;65000;2
3402;267;23;26/09/2024;55000;2
3836;267;11;10/10/2024;25000;2
6279;268;14;03/01/2025;28000;5
8165;268;3;07/03/2025;22000;3
9872;268;2;01/08/2025;20000;3
9969;268;1;11/08/2025;18000;5
2682;268;24;03/09/2024;25000;2
3094;268;21;17/09/2024;65000;4
4220;268;2;25/10/2024;20000;5
7054;268;1;31/01/2025;18000;5
8771;268;4;28/03/2025;24000;5
3310;268;23;23/09/2024;55000;3
5246;268;9;29/11/2024;30000;5
5690;268;7;14/12/2024;29000;2
6779;268;1;21/01/2025;18000;2
10181;268;2;07/09/2025;20000;3
5654;269;11;12/12/2024;25000;4
6643;269;1;16/01/2025;18000;3
8602;269;4;22/03/2025;24000;3
10000;269;1;14/08/2025;18000;3
10142;269;3;03/09/2025;22000;4
10174;269;3;06/09/2025;22000;4
1045;269;22;06/04/2024;110000;3
4335;269;2;29/10/2024;20000;4
5847;269;14;19/12/2024;28000;2
6620;269;2;15/01/2025;20000;2
8611;269;1;23/03/2025;18000;3
901;269;23;24/03/2024;55000;4
9630;269;1;29/06/2025;18000;5
9851;269;4;28/07/2025;24000;4
2729;269;24;05/09/2024;25000;2
335;269;1;02/02/2024;18000;5
7593;269;4;18/02/2025;24000;3
9693;269;1;06/07/2025;18000;5
5651;270;10;12/12/2024;29000;2
6111;270;14;28/12/2024;28000;3
7115;270;4;02/02/2025;24000;4
9167;270;4;04/05/2025;24000;2
9339;270;1;23/05/2025;18000;2
9524;270;3;15/06/2025;22000;4
9813;270;3;23/07/2025;22000;3
2743;270;24;05/09/2024;25000;5
4371;270;2;31/10/2024;20000;4
6161;270;14;30/12/2024;28000;2
1263;270;1;27/04/2024;18000;4
5892;270;14;21/12/2024;28000;5
4052;270;11;18/10/2024;25000;2
4273;270;5;27/10/2024;27000;3
9082;270;1;26/04/2025;18000;3
30;270;27;03/01/2024;250000;3
1016;270;12;03/04/2024;22000;4
1273;270;23;27/04/2024;55000;4
1532;270;14;19/05/2024;28000;5
4405;270;7;01/11/2024;29000;2
5309;270;6;01/12/2024;27000;4
6743;270;4;19/01/2025;24000;5
6761;270;3;20/01/2025;22000;3
6957;270;3;27/01/2025;22000;3
5993;271;14;24/12/2024;28000;3
6935;271;3;26/01/2025;22000;3
8027;271;1;03/03/2025;18000;3
8044;271;3;03/03/2025;22000;5
1537;271;4;20/05/2024;24000;2
3008;271;21;14/09/2024;65000;3
3889;271;9;12/10/2024;30000;5
4112;271;5;21/10/2024;27000;2
4185;271;9;23/10/2024;30000;2
9531;271;4;15/06/2025;24000;4
2181;271;21;21/07/2024;65000;3
3823;271;6;10/10/2024;27000;3
7378;271;3;11/02/2025;22000;4
7517;271;4;15/02/2025;24000;3
9050;271;3;22/04/2025;22000;4
1663;271;22;01/06/2024;110000;2
3126;271;22;18/09/2024;110000;4
3641;271;4;04/10/2024;24000;5
6647;272;2;16/01/2025;20000;2
7035;272;2;30/01/2025;20000;5
7132;272;3;03/02/2025;22000;5
7646;272;4;20/02/2025;24000;3
7746;272;2;24/02/2025;20000;2
913;272;8;26/03/2024;30000;3
4079;272;10;19/10/2024;29000;2
5878;272;14;20/12/2024;28000;2
7156;272;2;04/02/2025;20000;4
7882;272;4;28/02/2025;24000;2
8692;272;4;25/03/2025;24000;3
1405;272;21;08/05/2024;65000;5
7930;272;2;01/03/2025;20000;5
9453;272;1;05/06/2025;18000;5
9961;272;2;10/08/2025;20000;5
2851;272;21;09/09/2024;65000;2
7589;273;3;18/02/2025;22000;5
8222;273;2;09/03/2025;20000;5
9551;273;2;18/06/2025;20000;2
9906;273;4;04/08/2025;24000;4
9952;273;2;09/08/2025;20000;3
459;273;17;14/02/2024;27000;2
3142;273;23;18/09/2024;55000;2
3565;273;24;01/10/2024;25000;2
4099;273;11;20/10/2024;25000;4
4387;273;11;31/10/2024;25000;4
5910;273;14;22/12/2024;28000;5
391;273;12;08/02/2024;22000;5
3959;273;2;15/10/2024;20000;3
7432;273;4;12/02/2025;24000;4
9428;273;3;31/05/2025;22000;3
2861;273;22;09/09/2024;110000;5
334;273;27;01/02/2024;250000;5
523;273;18;20/02/2024;22000;5
1009;273;28;02/04/2024;200000;5
1591;273;2;25/05/2024;20000;5
2161;273;15;20/07/2024;30000;4
5670;274;10;13/12/2024;29000;5
8727;274;2;27/03/2025;20000;2
9148;274;3;02/05/2025;22000;3
9472;274;3;07/06/2025;22000;2
10341;274;2;26/09/2025;20000;5
893;274;19;23/03/2024;18000;2
1199;274;16;21/04/2024;28000;4
1943;274;28;30/06/2024;200000;3
2091;274;2;14/07/2024;20000;2
2369;274;24;09/08/2024;25000;2
2971;274;23;12/09/2024;55000;5
4882;274;8;16/11/2024;30000;2
8790;274;2;29/03/2025;20000;3
9232;274;3;10/05/2025;22000;5
1685;274;10;03/06/2024;29000;3
7020;274;4;29/01/2025;24000;2
3176;274;22;19/09/2024;110000;5
4768;274;2;13/11/2024;20000;4
5228;275;5;29/11/2024;27000;2
10010;275;2;15/08/2025;20000;3
2997;275;24;13/09/2024;25000;3
3635;275;1;04/10/2024;18000;4
4184;275;8;23/10/2024;30000;5
4480;275;6;03/11/2024;27000;3
5198;275;2;28/11/2024;20000;2
9301;275;2;17/05/2025;20000;3
10368;275;1;30/09/2025;18000;2
1779;275;1;11/06/2024;18000;2
5195;275;1;28/11/2024;18000;5
5244;275;9;29/11/2024;30000;4
7036;275;2;30/01/2025;20000;3
2044;275;11;09/07/2024;25000;3
4248;275;3;26/10/2024;22000;5
5378;276;1;03/12/2024;18000;2
6120;276;14;28/12/2024;28000;2
10227;276;2;13/09/2025;20000;2
185;276;16;20/01/2024;28000;3
588;276;23;25/02/2024;55000;5
1119;276;9;13/04/2024;30000;5
1824;276;13;15/06/2024;25000;3
2955;276;24;11/09/2024;25000;3
4439;276;5;02/11/2024;27000;5
6010;276;14;25/12/2024;28000;4
7245;276;2;07/02/2025;20000;3
7705;276;1;23/02/2025;18000;5
8858;276;3;31/03/2025;22000;4
2170;276;8;21/07/2024;30000;3
9558;276;3;19/06/2025;22000;3
1792;276;19;11/06/2024;18000;3
2239;276;15;26/07/2024;30000;5
4700;276;10;10/11/2024;29000;3
6411;276;14;08/01/2025;28000;4
6642;276;1;16/01/2025;18000;4
6882;276;4;24/01/2025;24000;2
8829;276;4;30/03/2025;24000;2
7892;276;2;28/02/2025;20000;2
8719;276;1;27/03/2025;18000;5
9252;276;3;12/05/2025;22000;4
9989;276;4;12/08/2025;24000;2
5183;277;8;27/11/2024;30000;5
5867;277;14;20/12/2024;28000;5
6769;277;3;20/01/2025;22000;2
8308;277;3;12/03/2025;22000;4
8373;277;1;15/03/2025;18000;3
8609;277;1;23/03/2025;18000;3
9004;277;3;17/04/2025;22000;5
9278;277;1;15/05/2025;18000;5
840;277;25;17/03/2024;75000;3
1379;277;3;06/05/2024;22000;4
4653;277;2;09/11/2024;20000;2
9950;277;2;09/08/2025;20000;5
9956;277;3;09/08/2025;22000;2
8668;277;4;24/03/2025;24000;2
5164;277;2;27/11/2024;20000;5
9187;277;3;06/05/2025;22000;3
8171;278;4;07/03/2025;24000;3
8282;278;4;11/03/2025;24000;4
9439;278;3;02/06/2025;22000;4
9525;278;3;15/06/2025;22000;4
458;278;10;14/02/2024;29000;2
3954;278;11;14/10/2024;25000;5
8085;278;1;05/03/2025;18000;3
9265;278;1;14/05/2025;18000;4
2901;278;22;10/09/2024;110000;5
6187;278;14;31/12/2024;28000;2
7019;278;4;29/01/2025;24000;4
1827;278;26;15/06/2024;175000;3
3683;278;8;05/10/2024;30000;4
4690;278;7;10/11/2024;29000;2
5879;278;14;20/12/2024;28000;3
316;278;23;31/01/2024;55000;2
1133;278;11;14/04/2024;25000;3
4115;278;7;21/10/2024;29000;5
6956;278;3;27/01/2025;22000;4
6983;278;4;28/01/2025;24000;5
5182;279;8;27/11/2024;30000;4
7477;279;2;14/02/2025;20000;4
8214;279;1;09/03/2025;18000;2
8558;279;2;21/03/2025;20000;3
1458;279;4;13/05/2024;24000;3
1951;279;11;01/07/2024;25000;3
4048;279;9;18/10/2024;30000;5
6585;279;4;13/01/2025;24000;4
2541;279;24;25/08/2024;25000;3
5034;279;11;21/11/2024;25000;5
7073;279;3;31/01/2025;22000;2
2495;279;24;21/08/2024;25000;2
5292;279;4;01/12/2024;24000;5
5304;279;6;01/12/2024;27000;2
649;279;10;02/03/2024;29000;3
4333;279;1;29/10/2024;18000;5
7661;279;3;21/02/2025;22000;5
8180;279;1;08/03/2025;18000;3
5737;280;5;16/12/2024;27000;2
7568;280;1;18/02/2025;18000;4
8876;280;1;02/04/2025;18000;3
9666;280;3;02/07/2025;22000;2
882;280;15;22/03/2024;30000;3
1557;280;6;22/05/2024;27000;3
2432;280;24;14/08/2024;25000;4
2974;280;24;12/09/2024;25000;3
3418;280;22;27/09/2024;110000;4
3816;280;3;10/10/2024;22000;2
3852;280;7;11/10/2024;29000;2
4087;280;4;20/10/2024;24000;3
4306;280;3;28/10/2024;22000;4
4441;280;5;02/11/2024;27000;5
6889;280;2;25/01/2025;20000;2
1503;280;9;17/05/2024;30000;4
2632;280;24;01/09/2024;25000;2
7489;280;4;14/02/2025;24000;5
9995;280;4;13/08/2025;24000;2
3258;280;21;22/09/2024;65000;3
7686;280;1;22/02/2025;18000;5
7719;280;2;23/02/2025;20000;4
8964;280;2;13/04/2025;20000;3
10375;280;3;30/09/2025;22000;4
1369;280;9;05/05/2024;30000;3
6463;280;14;09/01/2025;28000;4
9750;281;2;14/07/2025;20000;5
10172;281;1;06/09/2025;18000;5
1250;281;22;25/04/2024;110000;3
4354;281;11;29/10/2024;25000;4
9826;281;1;25/07/2025;18000;4
3577;281;1;02/10/2024;18000;4
1339;281;14;02/05/2024;28000;5
3077;281;22;16/09/2024;110000;2
4239;281;1;26/10/2024;18000;2
5810;281;10;18/12/2024;29000;4
3102;281;23;17/09/2024;55000;2
4753;281;8;12/11/2024;30000;4
5503;281;11;07/12/2024;25000;5
6008;281;14;25/12/2024;28000;5
9561;281;2;20/06/2025;20000;3
10127;281;1;01/09/2025;18000;5
5537;282;9;08/12/2024;30000;5
5844;282;14;19/12/2024;28000;4
6088;282;14;27/12/2024;28000;2
7418;282;3;12/02/2025;22000;3
10271;282;1;19/09/2025;18000;2
216;282;2;24/01/2024;20000;4
437;282;6;12/02/2024;27000;4
516;282;3;20/02/2024;22000;2
1276;282;24;27/04/2024;25000;4
1893;282;6;24/06/2024;27000;5
2508;282;24;22/08/2024;25000;3
3193;282;24;19/09/2024;25000;3
8618;282;2;23/03/2025;20000;3
4895;282;5;17/11/2024;27000;2
9271;282;3;14/05/2025;22000;3
4746;282;4;12/11/2024;24000;4
4815;282;7;14/11/2024;29000;2
6854;282;4;23/01/2025;24000;2
7476;282;2;14/02/2025;20000;3
7702;282;1;23/02/2025;18000;2
8604;282;4;22/03/2025;24000;4
7199;283;1;06/02/2025;18000;2
8573;283;4;21/03/2025;24000;5
9556;283;2;19/06/2025;20000;5
9655;283;4;01/07/2025;24000;2
2875;283;23;09/09/2024;55000;3
4336;283;2;29/10/2024;20000;3
7242;283;2;07/02/2025;20000;5
1422;283;19;09/05/2024;18000;2
4473;283;5;03/11/2024;27000;2
5113;283;3;25/11/2024;22000;5
5290;283;3;01/12/2024;22000;2
8026;283;1;03/03/2025;18000;5
2977;283;24;12/09/2024;25000;2
121;283;23;14/01/2024;55000;3
1833;283;7;16/06/2024;29000;3
6975;283;2;28/01/2025;20000;5
5777;284;1;18/12/2024;18000;5
85;284;22;10/01/2024;110000;4
858;284;24;19/03/2024;25000;3
911;284;16;25/03/2024;28000;5
1801;284;14;13/06/2024;28000;3
3057;284;24;15/09/2024;25000;3
3431;284;24;27/09/2024;25000;3
3469;284;24;28/09/2024;25000;5
3775;284;11;08/10/2024;25000;3
4324;284;9;28/10/2024;30000;2
7868;284;2;28/02/2025;20000;4
486;284;6;16/02/2024;27000;3
1731;284;15;06/06/2024;30000;2
2671;284;24;03/09/2024;25000;4
2849;284;21;09/09/2024;65000;2
4995;284;6;20/11/2024;27000;5
7851;284;3;27/02/2025;22000;4
8104;284;3;05/03/2025;22000;5
9938;284;3;07/08/2025;22000;2
6160;284;14;30/12/2024;28000;3
9142;284;1;02/05/2025;18000;3
5374;285;11;02/12/2024;25000;2
5765;285;6;17/12/2024;27000;2
5871;285;14;20/12/2024;28000;2
6570;285;3;13/01/2025;22000;2
7717;285;2;23/02/2025;20000;5
8216;285;1;09/03/2025;18000;4
729;285;14;08/03/2024;28000;4
1131;285;9;14/04/2024;30000;4
7359;285;1;11/02/2025;18000;4
2260;285;17;28/07/2024;27000;2
2750;285;24;05/09/2024;25000;4
2867;285;22;09/09/2024;110000;4
3448;285;22;28/09/2024;110000;2
8912;285;1;06/04/2025;18000;3
5376;286;1;03/12/2024;18000;2
5527;286;7;08/12/2024;29000;2
8046;286;3;03/03/2025;22000;5
9284;286;1;16/05/2025;18000;5
2782;286;24;06/09/2024;25000;3
6639;286;1;16/01/2025;18000;2
6950;286;1;27/01/2025;18000;5
9192;286;3;07/05/2025;22000;4
9582;286;1;23/06/2025;18000;5
9771;286;2;18/07/2025;20000;5
1602;286;17;26/05/2024;27000;3
1059;286;1;08/04/2024;18000;2
7608;286;2;19/02/2025;20000;2
8976;287;1;15/04/2025;18000;5
2497;287;24;21/08/2024;25000;2
6708;287;3;18/01/2025;22000;5
1342;287;28;02/05/2024;200000;5
1463;287;13;13/05/2024;25000;5
5530;287;8;08/12/2024;30000;5
3309;287;23;23/09/2024;55000;2
3544;287;22;01/10/2024;110000;2
6393;288;14;07/01/2025;28000;4
9996;288;4;13/08/2025;24000;5
10040;288;2;20/08/2025;20000;5
10248;288;3;15/09/2025;22000;4
4212;288;9;24/10/2024;30000;5
7104;288;1;02/02/2025;18000;4
6011;288;14;25/12/2024;28000;5
6826;288;1;23/01/2025;18000;3
9562;288;3;20/06/2025;22000;4
805;289;20;14/03/2024;22000;3
1692;289;25;03/06/2024;75000;5
3189;289;24;19/09/2024;25000;2
5974;289;14;23/12/2024;28000;3
6546;289;4;12/01/2025;24000;2
9878;289;1;02/08/2025;18000;5
233;289;20;24/01/2024;22000;2
3493;289;23;29/09/2024;55000;3
4558;289;9;05/11/2024;30000;4
5559;289;6;09/12/2024;27000;5
1622;289;13;28/05/2024;25000;4
8832;289;4;30/03/2025;24000;3
9605;289;1;25/06/2025;18000;2
9917;289;3;05/08/2025;22000;2
7966;290;1;02/03/2025;18000;5
3758;290;9;07/10/2024;30000;2
4932;290;8;18/11/2024;30000;4
6651;290;3;16/01/2025;22000;4
9755;290;1;15/07/2025;18000;3
1543;290;3;21/05/2024;22000;4
6764;290;3;20/01/2025;22000;3
8569;290;4;21/03/2025;24000;3
1598;290;11;26/05/2024;25000;4
5236;290;7;29/11/2024;29000;3
8011;290;3;02/03/2025;22000;2
925;291;15;27/03/2024;30000;4
2574;291;24;28/08/2024;25000;2
6670;291;1;17/01/2025;18000;5
4339;291;4;29/10/2024;24000;3
4980;292;11;19/11/2024;25000;3
9794;292;3;20/07/2025;22000;5
1223;292;11;23/04/2024;25000;2
1652;292;1;01/06/2024;18000;2
3580;292;3;02/10/2024;22000;4
4891;292;4;17/11/2024;24000;5
3990;292;4;16/10/2024;24000;3
9195;292;4;07/05/2025;24000;4
17;292;4;03/01/2024;24000;3
1592;292;18;25/05/2024;22000;4
2796;292;23;07/09/2024;55000;5
4265;292;3;27/10/2024;22000;2
7065;292;3;31/01/2025;22000;4
5812;293;11;18/12/2024;25000;2
10183;293;2;07/09/2025;20000;2
4076;293;9;19/10/2024;30000;3
9507;293;4;12/06/2025;24000;4
3097;293;22;17/09/2024;110000;5
5385;293;3;03/12/2024;22000;4
6221;293;14;01/01/2025;28000;2
7055;293;1;31/01/2025;18000;4
9589;293;2;23/06/2025;20000;3
10165;293;3;05/09/2025;22000;4
870;293;13;21/03/2024;25000;5
1266;293;6;27/04/2024;27000;3
5627;293;9;11/12/2024;30000;5
8683;293;2;25/03/2025;20000;3
10370;293;2;30/09/2025;20000;4
5422;294;8;04/12/2024;30000;2
7255;294;4;07/02/2025;24000;4
8855;294;3;31/03/2025;22000;3
10192;294;4;08/09/2025;24000;3
1298;294;27;29/04/2024;250000;4
1641;294;21;30/05/2024;65000;4
1834;294;8;16/06/2024;30000;4
7460;294;4;13/02/2025;24000;3
7558;294;3;17/02/2025;22000;3
104;294;19;12/01/2024;18000;5
657;294;23;02/03/2024;55000;3
4463;294;11;02/11/2024;25000;3
4946;294;11;18/11/2024;25000;4
5403;294;1;04/12/2024;18000;2
4856;294;9;15/11/2024;30000;2
7548;294;2;17/02/2025;20000;2
7682;294;1;22/02/2025;18000;4
5900;295;14;21/12/2024;28000;4
9056;295;4;22/04/2025;24000;3
9581;295;3;22/06/2025;22000;3
9896;295;1;04/08/2025;18000;5
238;295;7;25/01/2024;29000;2
2507;295;24;22/08/2024;25000;2
3490;295;22;29/09/2024;110000;4
7294;295;1;09/02/2025;18000;4
673;295;28;03/03/2024;200000;4
2377;295;24;10/08/2024;25000;2
2651;295;24;02/09/2024;25000;5
4709;295;1;11/11/2024;18000;2
7368;295;2;11/02/2025;20000;5
7978;295;1;02/03/2025;18000;4
8207;295;4;08/03/2025;24000;3
8236;295;4;09/03/2025;24000;4
10292;295;1;21/09/2025;18000;3
1585;295;20;24/05/2024;22000;3
8004;295;3;02/03/2025;22000;5
8429;296;4;16/03/2025;24000;3
9424;296;2;31/05/2025;20000;2
3178;296;23;19/09/2024;55000;4
1377;296;28;05/05/2024;200000;2
4832;296;11;14/11/2024;25000;2
6201;296;14;31/12/2024;28000;5
6432;297;14;08/01/2025;28000;4
8455;297;3;17/03/2025;22000;4
8709;297;2;26/03/2025;20000;5
9538;297;3;16/06/2025;22000;5
10021;297;1;17/08/2025;18000;3
10043;297;4;20/08/2025;24000;2
4561;297;1;06/11/2024;18000;2
5084;297;9;23/11/2024;30000;4
8050;297;4;03/03/2025;24000;3
70;297;23;08/01/2024;55000;3
8641;297;1;24/03/2025;18000;2
9322;297;1;20/05/2025;18000;3
1979;298;1;03/07/2024;18000;5
2518;298;24;23/08/2024;25000;3
5223;298;3;29/11/2024;22000;5
9018;298;1;19/04/2025;18000;2
5885;298;14;21/12/2024;28000;3
6945;298;1;27/01/2025;18000;4
9313;298;1;19/05/2025;18000;2
5599;299;8;10/12/2024;30000;4
3976;299;9;15/10/2024;30000;2
4767;299;1;13/11/2024;18000;4
5548;299;2;09/12/2024;20000;5
6273;299;14;03/01/2025;28000;2
7015;299;3;29/01/2025;22000;3
5441;299;3;05/12/2024;22000;3
7332;299;2;10/02/2025;20000;2
8098;299;2;05/03/2025;20000;3
8887;299;2;03/04/2025;20000;5
10068;299;2;23/08/2025;20000;2
5764;299;5;17/12/2024;27000;3
6482;300;14;10/01/2025;28000;3
1912;300;10;27/06/2024;29000;5
2723;300;24;05/09/2024;25000;3
5716;300;9;15/12/2024;30000;2
1048;300;23;06/04/2024;55000;3
1122;300;18;13/04/2024;22000;3
1216;300;27;22/04/2024;250000;3
3932;300;3;14/10/2024;22000;2
4410;300;8;01/11/2024;30000;5
7674;300;4;21/02/2025;24000;3
1613;300;18;27/05/2024;22000;3
2438;300;24;15/08/2024;25000;2
6483;300;14;10/01/2025;28000;2
6678;300;2;17/01/2025;20000;5
5027;301;8;21/11/2024;30000;2
1346;301;18;03/05/2024;22000;3
2469;301;24;18/08/2024;25000;2
4092;301;5;20/10/2024;27000;2
5404;301;1;04/12/2024;18000;3
7874;301;4;28/02/2025;24000;3
4223;301;3;25/10/2024;22000;2
7898;301;3;28/02/2025;22000;3
9455;301;1;05/06/2025;18000;3
7688;302;1;22/02/2025;18000;2
8496;302;1;19/03/2025;18000;3
5053;302;7;22/11/2024;29000;4
5417;302;7;04/12/2024;29000;3
8697;302;4;25/03/2025;24000;5
1411;302;3;09/05/2024;22000;4
3390;302;21;26/09/2024;65000;3
6989;302;4;28/01/2025;24000;3
439;302;10;12/02/2024;29000;4
3205;302;22;20/09/2024;110000;5
6236;302;14;02/01/2025;28000;2
6929;302;3;26/01/2025;22000;3
8570;302;4;21/03/2025;24000;3
5298;303;5;01/12/2024;27000;2
8070;303;3;04/03/2025;22000;4
1933;303;10;29/06/2024;29000;4
5358;303;6;02/12/2024;27000;3
7671;303;4;21/02/2025;24000;3
8200;303;3;08/03/2025;22000;3
2233;303;3;26/07/2024;22000;4
3186;303;24;19/09/2024;25000;2
8785;303;1;29/03/2025;18000;3
263;303;15;27/01/2024;30000;5
656;303;22;02/03/2024;110000;3
2577;303;24;28/08/2024;25000;4
4794;304;9;13/11/2024;30000;4
9528;304;4;15/06/2025;24000;5
5266;304;5;30/11/2024;27000;2
5669;304;8;13/12/2024;30000;3
592;304;1;26/02/2024;18000;5
842;304;1;18/03/2024;18000;2
4245;304;3;26/10/2024;22000;4
8626;304;3;23/03/2025;22000;2
9681;304;4;04/07/2025;24000;3
9757;304;3;15/07/2025;22000;3
1312;304;2;01/05/2024;20000;5
8155;304;1;07/03/2025;18000;5
9903;304;3;04/08/2025;22000;3
5064;305;1;23/11/2024;18000;5
9245;305;4;11/05/2025;24000;3
5022;305;6;21/11/2024;27000;3
11;305;14;02/01/2024;28000;3
197;305;2;22/01/2024;20000;4
8360;305;3;14/03/2025;22000;4
5586;305;4;10/12/2024;24000;3
7795;305;4;25/02/2025;24000;4
9367;305;2;25/05/2025;20000;3
5062;306;11;22/11/2024;25000;2
7279;306;3;08/02/2025;22000;4
7920;306;1;01/03/2025;18000;4
1316;306;11;01/05/2024;25000;4
2288;306;9;31/07/2024;30000;5
3143;306;23;18/09/2024;55000;2
4475;306;5;03/11/2024;27000;3
9101;306;3;28/04/2025;22000;2
1421;306;17;09/05/2024;27000;5
3425;306;23;27/09/2024;55000;5
4770;306;3;13/11/2024;22000;2
7706;306;1;23/02/2025;18000;3
2333;306;24;04/08/2024;25000;2
9000;306;3;17/04/2025;22000;4
6031;307;14;25/12/2024;28000;2
10291;307;4;20/09/2025;24000;4
4403;307;6;01/11/2024;27000;3
4447;307;7;02/11/2024;29000;3
7976;307;1;02/03/2025;18000;3
8176;307;1;08/03/2025;18000;3
10114;307;3;29/08/2025;22000;3
3539;307;21;01/10/2024;65000;4
6645;307;2;16/01/2025;20000;2
7236;307;1;07/02/2025;18000;3
7421;307;3;12/02/2025;22000;5
8393;307;3;15/03/2025;22000;3
9647;307;1;01/07/2025;18000;4
660;307;1;03/03/2024;18000;2
4414;307;9;01/11/2024;30000;3
5341;308;11;01/12/2024;25000;3
6389;308;14;07/01/2025;28000;5
8792;308;2;29/03/2025;20000;5
5057;308;9;22/11/2024;30000;2
7163;308;3;04/02/2025;22000;5
869;308;6;21/03/2024;27000;2
5418;308;7;04/12/2024;29000;2
9423;308;1;31/05/2025;18000;4
7108;308;2;02/02/2025;20000;5
2874;309;23;09/09/2024;55000;2
5366;309;8;02/12/2024;30000;5
5696;309;8;14/12/2024;30000;5
8425;309;4;16/03/2025;24000;3
957;309;21;30/03/2024;65000;2
1071;309;1;09/04/2024;18000;2
3484;309;22;29/09/2024;110000;2
4137;309;6;22/10/2024;27000;5
4468;309;2;03/11/2024;20000;2
8483;309;4;18/03/2025;24000;3
4978;309;10;19/11/2024;29000;4
7025;309;4;29/01/2025;24000;2
5042;310;3;22/11/2024;22000;3
7431;310;4;12/02/2025;24000;4
8230;310;3;09/03/2025;22000;2
8664;310;4;24/03/2025;24000;5
10285;310;2;20/09/2025;20000;5
4488;310;9;03/11/2024;30000;3
387;310;23;07/02/2024;55000;4
1180;310;18;19/04/2024;22000;3
3227;310;21;21/09/2024;65000;3
4316;310;7;28/10/2024;29000;5
6071;310;14;27/12/2024;28000;2
9401;310;4;28/05/2025;24000;3
2234;310;10;26/07/2024;29000;5
6561;310;2;13/01/2025;20000;5
8817;310;2;30/03/2025;20000;5
9994;311;3;13/08/2025;22000;5
831;311;3;17/03/2024;22000;4
1808;311;12;14/06/2024;22000;3
4400;311;6;01/11/2024;27000;2
4628;311;5;08/11/2024;27000;2
6729;311;2;19/01/2025;20000;5
9186;311;2;06/05/2025;20000;4
8190;312;2;08/03/2025;20000;3
9535;312;2;16/06/2025;20000;3
7865;312;2;28/02/2025;20000;3
1260;312;18;26/04/2024;22000;5
3826;312;7;10/10/2024;29000;2
8133;312;2;06/03/2025;20000;3
8956;312;4;12/04/2025;24000;4
9470;312;2;07/06/2025;20000;3
4791;313;8;13/11/2024;30000;5
4902;313;9;17/11/2024;30000;5
2201;313;2;23/07/2024;20000;4
3353;313;21;25/09/2024;65000;2
2095;313;14;14/07/2024;28000;3
7459;313;4;13/02/2025;24000;3
2466;313;24;18/08/2024;25000;3
5163;313;1;27/11/2024;18000;3
1774;314;14;10/06/2024;28000;4
2961;314;21;12/09/2024;65000;4
5305;314;6;01/12/2024;27000;5
282;314;17;29/01/2024;27000;3
2860;314;22;09/09/2024;110000;4
8936;314;4;09/04/2025;24000;3
6953;315;2;27/01/2025;20000;3
4067;315;4;19/10/2024;24000;5
5580;315;3;10/12/2024;22000;4
2818;315;24;07/09/2024;25000;5
8736;315;3;27/03/2025;22000;3
8958;315;4;12/04/2025;24000;3
5500;316;10;07/12/2024;29000;4
614;316;4;28/02/2024;24000;3
1368;316;25;04/05/2024;75000;2
3961;316;2;15/10/2024;20000;4
7340;316;3;10/02/2025;22000;3
10185;316;3;07/09/2025;22000;5
560;316;9;23/02/2024;30000;4
3808;316;11;09/10/2024;25000;5
5572;316;11;09/12/2024;25000;5
9873;316;3;01/08/2025;22000;4
10092;316;3;26/08/2025;22000;5
7039;317;3;30/01/2025;22000;3
2281;317;18;30/07/2024;22000;5
1162;317;15;17/04/2024;30000;2
1416;317;10;09/05/2024;29000;2
3185;317;24;19/09/2024;25000;4
4873;317;4;16/11/2024;24000;4
7800;318;2;26/02/2025;20000;4
10351;318;4;27/09/2025;24000;3
615;318;5;28/02/2024;27000;5
2343;318;24;06/08/2024;25000;3
3044;318;23;15/09/2024;55000;5
6944;318;1;27/01/2025;18000;2
7151;318;1;04/02/2025;18000;4
8045;318;3;03/03/2025;22000;3
8471;318;2;18/03/2025;20000;5
2132;318;26;17/07/2024;175000;2
3068;318;21;16/09/2024;65000;2
4023;318;9;17/10/2024;30000;2
6916;318;1;26/01/2025;18000;3
1029;318;11;05/04/2024;25000;2
1530;318;12;19/05/2024;22000;4
1082;319;15;09/04/2024;30000;3
1241;319;27;24/04/2024;250000;4
4649;319;1;09/11/2024;18000;3
5308;319;6;01/12/2024;27000;4
6488;319;14;10/01/2025;28000;4
9277;319;4;14/05/2025;24000;2
500;319;24;17/02/2024;25000;4
565;319;22;23/02/2024;110000;5
2339;319;24;05/08/2024;25000;3
9641;319;2;30/06/2025;20000;5
4842;320;2;15/11/2024;20000;5
7937;320;2;01/03/2025;20000;5
1843;320;17;17/06/2024;27000;5
2013;320;15;06/07/2024;30000;3
2888;320;24;09/09/2024;25000;3
4827;320;10;14/11/2024;29000;2
8294;320;1;12/03/2025;18000;5
8745;320;4;27/03/2025;24000;3
9627;320;2;28/06/2025;20000;5
7995;320;2;02/03/2025;20000;4
9459;320;3;05/06/2025;22000;4
9793;320;3;20/07/2025;22000;2
5031;321;10;21/11/2024;29000;5
10374;321;3;30/09/2025;22000;3
9394;321;3;27/05/2025;22000;5
2307;321;10;02/08/2024;29000;5
6286;321;14;03/01/2025;28000;2
7341;322;3;10/02/2025;22000;5
2265;322;8;29/07/2024;30000;5
5779;322;1;18/12/2024;18000;2
6856;322;4;23/01/2025;24000;3
8301;322;2;12/03/2025;20000;3
976;322;22;31/03/2024;110000;2
4924;322;5;18/11/2024;27000;3
6952;322;2;27/01/2025;20000;5
7845;322;3;27/02/2025;22000;5
8939;322;2;10/04/2025;20000;2
6867;322;2;24/01/2025;20000;5
5126;323;9;25/11/2024;30000;2
6560;323;1;13/01/2025;18000;3
6937;323;3;26/01/2025;22000;3
7158;323;2;04/02/2025;20000;5
8344;323;1;14/03/2025;18000;3
9916;323;3;05/08/2025;22000;2
9303;323;3;17/05/2025;22000;5
10207;323;2;11/09/2025;20000;3
4825;323;9;14/11/2024;30000;5
2348;323;24;06/08/2024;25000;4
6684;324;3;17/01/2025;22000;2
7085;324;2;01/02/2025;20000;5
4713;324;2;11/11/2024;20000;5
5568;324;10;09/12/2024;29000;2
7164;324;3;04/02/2025;22000;4
3018;324;23;14/09/2024;55000;3
6396;324;14;07/01/2025;28000;3
8389;324;2;15/03/2025;20000;3
5933;325;14;22/12/2024;28000;3
9396;325;1;28/05/2025;18000;5
9858;325;1;30/07/2025;18000;2
2034;325;12;08/07/2024;22000;4
4021;325;9;17/10/2024;30000;4
7633;325;1;20/02/2025;18000;4
2575;325;24;28/08/2024;25000;5
4711;325;2;11/11/2024;20000;4
7456;325;4;13/02/2025;24000;3
7531;325;4;16/02/2025;24000;3
10097;325;1;27/08/2025;18000;4
5813;325;11;18/12/2024;25000;4
6034;326;14;26/12/2024;28000;4
6324;326;14;04/01/2025;28000;4
8552;326;1;21/03/2025;18000;2
2830;326;21;08/09/2024;65000;3
3062;326;24;15/09/2024;25000;4
4054;326;11;18/10/2024;25000;3
4394;326;4;01/11/2024;24000;2
3386;326;21;26/09/2024;65000;2
8460;326;4;17/03/2025;24000;2
9431;326;4;31/05/2025;24000;4
9818;326;4;23/07/2025;24000;3
3363;326;22;25/09/2024;110000;3
4689;326;7;10/11/2024;29000;4
5746;327;9;16/12/2024;30000;2
4992;327;4;20/11/2024;24000;2
5075;327;7;23/11/2024;29000;5
9928;327;4;06/08/2025;24000;4
1270;327;14;27/04/2024;28000;3
1454;327;18;12/05/2024;22000;4
4107;327;2;21/10/2024;20000;2
4133;327;3;22/10/2024;22000;2
1265;327;4;27/04/2024;24000;3
5218;328;10;28/11/2024;29000;5
7715;328;2;23/02/2025;20000;2
8233;328;4;09/03/2025;24000;3
1732;328;16;06/06/2024;28000;4
8892;328;1;04/04/2025;18000;4
2664;328;24;02/09/2024;25000;5
4423;328;11;01/11/2024;25000;2
5265;328;4;30/11/2024;24000;4
10362;328;2;29/09/2025;20000;2
1222;328;6;23/04/2024;27000;3
10355;328;3;28/09/2025;22000;3
6384;329;14;06/01/2025;28000;3
7526;329;2;16/02/2025;20000;2
4386;329;10;31/10/2024;29000;4
6272;329;14;03/01/2025;28000;5
3992;329;6;16/10/2024;27000;5
5224;329;4;29/11/2024;24000;2
9315;329;3;19/05/2025;22000;4
318;329;27;31/01/2024;250000;2
567;329;25;23/02/2024;75000;2
2335;329;24;04/08/2024;25000;5
4831;329;11;14/11/2024;25000;3
7507;329;3;15/02/2025;22000;3
10159;329;1;05/09/2025;18000;3
9649;330;2;01/07/2025;20000;3
1794;330;2;12/06/2024;20000;5
9037;330;4;20/04/2025;24000;3
9402;330;4;28/05/2025;24000;3
2989;330;22;13/09/2024;110000;4
9971;330;2;11/08/2025;20000;3
6;330;21;01/01/2024;65000;2
6104;330;14;28/12/2024;28000;4
6654;330;3;16/01/2025;22000;3
7784;330;4;25/02/2025;24000;4
8479;331;2;18/03/2025;20000;3
3777;331;1;09/10/2024;18000;2
5545;331;1;09/12/2024;18000;4
7041;331;3;30/01/2025;22000;5
3181;331;23;19/09/2024;55000;3
5512;331;2;08/12/2024;20000;5
8281;331;4;11/03/2025;24000;3
9145;331;2;02/05/2025;20000;2
5258;332;2;30/11/2024;20000;3
7651;332;4;20/02/2025;24000;2
9014;332;4;18/04/2025;24000;5
9323;332;1;20/05/2025;18000;4
1654;332;2;01/06/2024;20000;3
4208;332;7;24/10/2024;29000;4
7344;332;3;10/02/2025;22000;2
8328;332;2;13/03/2025;20000;2
4741;333;3;12/11/2024;22000;5
6404;333;14;07/01/2025;28000;4
6361;333;14;06/01/2025;28000;3
6674;333;2;17/01/2025;20000;5
374;333;10;06/02/2024;29000;5
730;333;23;08/03/2024;55000;2
996;333;14;02/04/2024;28000;4
2178;333;16;21/07/2024;28000;5
8461;333;4;17/03/2025;24000;3
8925;334;2;08/04/2025;20000;3
9181;334;4;05/05/2025;24000;3
1140;334;18;14/04/2024;22000;4
2694;334;24;03/09/2024;25000;5
6114;334;14;28/12/2024;28000;5
7807;334;2;26/02/2025;20000;4
8822;334;3;30/03/2025;22000;4
9418;334;3;30/05/2025;22000;3
2612;334;24;01/09/2024;25000;3
2668;334;24;03/09/2024;25000;5
2733;334;24;05/09/2024;25000;4
3369;334;23;25/09/2024;55000;5
4362;334;7;30/10/2024;29000;4
6452;334;14;09/01/2025;28000;3
4540;334;4;05/11/2024;24000;3
4879;334;6;16/11/2024;27000;4
6427;334;14;08/01/2025;28000;3
8005;335;3;02/03/2025;22000;3
6675;335;2;17/01/2025;20000;5
8750;335;1;28/03/2025;18000;5
9504;335;2;12/06/2025;20000;5
1526;335;2;19/05/2024;20000;3
10115;335;4;29/08/2025;24000;5
6552;335;4;12/01/2025;24000;4
465;336;5;15/02/2024;27000;5
6879;336;4;24/01/2025;24000;5
8985;336;4;15/04/2025;24000;2
1398;336;6;08/05/2024;27000;2
3084;336;24;16/09/2024;25000;4
8581;336;1;22/03/2025;18000;3
8659;336;4;24/03/2025;24000;5
7614;337;2;19/02/2025;20000;2
7956;337;4;01/03/2025;24000;5
9626;337;1;28/06/2025;18000;3
6241;337;14;02/01/2025;28000;3
705;337;6;06/03/2024;27000;4
4022;337;9;17/10/2024;30000;4
4810;337;4;14/11/2024;24000;4
6122;337;14;28/12/2024;28000;2
6961;337;3;27/01/2025;22000;5
7929;337;2;01/03/2025;20000;2
7652;338;1;21/02/2025;18000;3
9134;338;3;01/05/2025;22000;5
9985;338;3;12/08/2025;22000;2
962;338;2;31/03/2024;20000;3
6701;338;2;18/01/2025;20000;4
5428;338;11;04/12/2024;25000;3
6162;338;14;30/12/2024;28000;3
10044;338;4;20/08/2025;24000;3
2904;338;22;10/09/2024;110000;2
6074;339;14;27/12/2024;28000;4
188;339;15;21/01/2024;30000;5
945;339;28;29/03/2024;200000;4
2112;339;13;16/07/2024;25000;2
4363;339;7;30/10/2024;29000;2
5331;339;10;01/12/2024;29000;4
6375;339;14;06/01/2025;28000;4
308;339;6;31/01/2024;27000;5
6167;339;14;30/12/2024;28000;4
4748;340;5;12/11/2024;27000;3
2103;340;18;15/07/2024;22000;2
3059;340;24;15/09/2024;25000;2
5019;340;5;21/11/2024;27000;3
7612;340;2;19/02/2025;20000;3
2801;340;24;07/09/2024;25000;5
7782;340;3;25/02/2025;22000;5
8053;340;1;04/03/2025;18000;2
9661;340;4;01/07/2025;24000;5
5390;341;4;03/12/2024;24000;4
6859;341;1;24/01/2025;18000;4
20;341;8;03/01/2024;30000;3
8679;341;2;25/03/2025;20000;5
10;341;4;02/01/2024;24000;2
547;341;15;22/02/2024;30000;5
1033;341;25;05/04/2024;75000;3
2588;341;24;30/08/2024;25000;2
5026;342;8;21/11/2024;30000;5
8578;342;1;22/03/2025;18000;2
5963;342;14;23/12/2024;28000;3
8640;342;1;24/03/2025;18000;3
5312;342;7;01/12/2024;29000;4
6302;342;14;04/01/2025;28000;3
8575;343;1;22/03/2025;18000;3
10179;343;1;07/09/2025;18000;2
2043;343;8;09/07/2024;30000;4
2156;343;8;20/07/2024;30000;2
7030;343;2;30/01/2025;20000;5
7475;343;2;14/02/2025;20000;2
1829;343;28;15/06/2024;200000;5
3213;343;24;20/09/2024;25000;5
4712;343;2;11/11/2024;20000;3
9816;343;3;23/07/2025;22000;4
10026;344;3;18/08/2025;22000;5
8888;344;3;03/04/2025;22000;2
3211;344;23;20/09/2024;55000;5
7808;344;2;26/02/2025;20000;2
8100;344;2;05/03/2025;20000;5
2605;344;24;31/08/2024;25000;5
3723;344;11;06/10/2024;25000;5
3979;344;10;15/10/2024;29000;5
4877;344;5;16/11/2024;27000;2
5524;344;6;08/12/2024;27000;4
9609;344;3;25/06/2025;22000;4
8332;345;3;13/03/2025;22000;5
3517;345;23;30/09/2024;55000;5
3764;345;2;08/10/2024;20000;3
7649;345;4;20/02/2025;24000;2
9940;345;1;08/08/2025;18000;5
9866;345;2;31/07/2025;20000;2
4756;345;8;12/11/2024;30000;3
8534;345;2;20/03/2025;20000;3
10263;345;2;18/09/2025;20000;5
5458;346;4;06/12/2024;24000;5
6423;346;14;08/01/2025;28000;5
2521;346;24;23/08/2024;25000;4
9719;346;1;10/07/2025;18000;3
5576;346;11;09/12/2024;25000;3
6033;346;14;25/12/2024;28000;4
6979;346;3;28/01/2025;22000;4
9749;346;2;14/07/2025;20000;4
3673;346;6;05/10/2024;27000;3
9447;346;2;04/06/2025;20000;5
4630;347;5;08/11/2024;27000;4
7725;347;3;23/02/2025;22000;5
8720;347;1;27/03/2025;18000;5
8897;347;3;04/04/2025;22000;3
2704;347;24;04/09/2024;25000;3
1292;347;26;28/04/2024;175000;3
1429;347;8;10/05/2024;30000;2
7011;347;2;29/01/2025;20000;5
6758;347;2;20/01/2025;20000;4
6333;348;14;05/01/2025;28000;3
6614;348;1;15/01/2025;18000;5
7003;348;2;29/01/2025;20000;5
9461;348;3;05/06/2025;22000;2
2552;348;24;26/08/2024;25000;3
5068;348;2;23/11/2024;20000;2
9646;348;1;01/07/2025;18000;3
624;348;1;01/03/2024;18000;3
4197;348;4;24/10/2024;24000;4
1867;349;1;21/06/2024;18000;4
2844;349;24;08/09/2024;25000;4
10177;349;4;06/09/2025;24000;3
2655;349;24;02/09/2024;25000;2
3434;349;24;27/09/2024;25000;2
8388;349;2;15/03/2025;20000;2
9526;349;4;15/06/2025;24000;5
10205;349;4;10/09/2025;24000;2
7543;350;1;17/02/2025;18000;3
619;350;23;28/02/2024;55000;5
5036;350;1;22/11/2024;18000;3
6942;350;4;26/01/2025;24000;4
9819;350;4;23/07/2025;24000;3
1355;350;3;04/05/2024;22000;5
8721;350;1;27/03/2025;18000;2
9844;350;4;27/07/2025;24000;4
9488;351;1;10/06/2025;18000;3
2040;351;28;08/07/2024;200000;2
7268;351;2;08/02/2025;20000;4
552;351;26;22/02/2024;175000;3
1997;351;25;04/07/2024;75000;3
3910;351;6;13/10/2024;27000;4
8493;351;1;19/03/2025;18000;5
4969;352;6;19/11/2024;27000;5
7075;352;4;31/01/2025;24000;3
7618;352;3;19/02/2025;22000;4
9837;352;4;26/07/2025;24000;4
243;352;16;25/01/2024;28000;5
5887;352;14;21/12/2024;28000;5
9774;352;3;18/07/2025;22000;4
2073;352;9;12/07/2024;30000;3
5338;352;11;01/12/2024;25000;4
7276;352;2;08/02/2025;20000;3
10103;352;1;28/08/2025;18000;4
2305;352;24;01/08/2024;25000;3
7295;352;1;09/02/2025;18000;2
4916;353;3;18/11/2024;22000;3
1151;353;23;15/04/2024;55000;2
1894;353;10;24/06/2024;29000;4
3838;353;11;10/10/2024;25000;2
1319;353;14;01/05/2024;28000;2
4017;353;7;17/10/2024;29000;2
8035;353;2;03/03/2025;20000;5
6934;354;3;26/01/2025;22000;3
7792;354;4;25/02/2025;24000;2
773;354;1;12/03/2024;18000;2
2927;354;24;10/09/2024;25000;2
5203;354;3;28/11/2024;22000;2
6568;354;2;13/01/2025;20000;2
7913;354;1;01/03/2025;18000;4
8948;354;2;11/04/2025;20000;2
6515;354;4;11/01/2025;24000;5
9761;354;2;16/07/2025;20000;5
7178;355;1;05/02/2025;18000;4
1810;355;15;14/06/2024;30000;4
6817;355;2;22/01/2025;20000;2
8126;355;1;06/03/2025;18000;4
10387;355;3;01/10/2025;22000;5
1698;355;10;04/06/2024;29000;2
6386;355;14;07/01/2025;28000;5
6970;355;1;28/01/2025;18000;3
562;355;16;23/02/2024;28000;2
710;355;28;06/03/2024;200000;4
9390;355;1;27/05/2025;18000;4
10359;356;4;28/09/2025;24000;5
4729;356;10;11/11/2024;29000;3
7973;356;1;02/03/2025;18000;2
1256;356;16;26/04/2024;28000;4
3495;356;23;29/09/2024;55000;2
9128;356;2;01/05/2025;20000;5
9645;356;4;30/06/2025;24000;4
10015;356;1;16/08/2025;18000;4
1343;356;4;03/05/2024;24000;5
1538;356;7;20/05/2024;29000;4
6601;356;3;14/01/2025;22000;3
7203;356;1;06/02/2025;18000;3
8973;356;3;14/04/2025;22000;4
8440;357;1;17/03/2025;18000;2
10033;357;3;19/08/2025;22000;2
4442;357;5;02/11/2024;27000;5
7266;357;2;08/02/2025;20000;5
8209;357;4;08/03/2025;24000;4
1505;357;10;17/05/2024;29000;4
2039;357;26;08/07/2024;175000;2
2768;357;24;06/09/2024;25000;2
7113;357;3;02/02/2025;22000;3
9539;357;2;17/06/2025;20000;2
9889;357;3;03/08/2025;22000;2
5024;358;7;21/11/2024;29000;3
10279;358;4;19/09/2025;24000;5
5437;358;2;05/12/2024;20000;2
7244;358;2;07/02/2025;20000;2
2454;358;24;16/08/2024;25000;5
2403;358;24;11/08/2024;25000;2
2785;358;24;06/09/2024;25000;3
6619;359;2;15/01/2025;20000;3
9891;359;4;03/08/2025;24000;2
2557;359;24;27/08/2024;25000;4
7423;359;3;12/02/2025;22000;5
4149;359;10;22/10/2024;29000;5
6183;359;14;31/12/2024;28000;4
6734;359;3;19/01/2025;22000;5
879;359;10;22/03/2024;29000;4
1382;359;13;06/05/2024;25000;5
7119;359;4;02/02/2025;24000;4
7194;360;4;05/02/2025;24000;2
4209;360;8;24/10/2024;30000;5
4312;360;5;28/10/2024;27000;3
4840;360;2;15/11/2024;20000;4
9448;360;2;04/06/2025;20000;2
1286;360;13;28/04/2024;25000;5
4853;360;8;15/11/2024;30000;3
4260;360;10;26/10/2024;29000;2
9449;360;3;04/06/2025;22000;5
10117;360;1;30/08/2025;18000;4
10381;360;1;01/10/2025;18000;3
6017;361;14;25/12/2024;28000;2
6503;361;2;11/01/2025;20000;4
8400;361;4;15/03/2025;24000;4
8660;361;4;24/03/2025;24000;2
833;361;6;17/03/2024;27000;5
4821;361;8;14/11/2024;30000;5
9406;361;1;29/05/2025;18000;5
9988;361;4;12/08/2025;24000;5
561;361;11;23/02/2024;25000;2
856;361;18;19/03/2024;22000;2
2425;361;24;14/08/2024;25000;4
9716;361;4;09/07/2025;24000;5
1249;361;20;25/04/2024;22000;3
4687;361;6;10/11/2024;27000;3
6556;361;1;13/01/2025;18000;2
7336;362;2;10/02/2025;20000;4
8036;362;2;03/03/2025;20000;4
975;362;21;31/03/2024;65000;4
9040;362;3;21/04/2025;22000;5
279;362;12;29/01/2024;22000;4
4157;362;11;22/10/2024;25000;5
5677;362;1;14/12/2024;18000;2
5724;362;1;16/12/2024;18000;5
6533;362;3;12/01/2025;22000;4
8519;362;3;19/03/2025;22000;2
1229;362;22;23/04/2024;110000;3
1279;362;6;28/04/2024;27000;4
2833;362;22;08/09/2024;110000;3
5091;362;1;24/11/2024;18000;4
10383;362;2;01/10/2025;20000;4
9095;363;4;27/04/2025;24000;5
959;363;25;30/03/2024;75000;5
4575;363;5;06/11/2024;27000;5
5072;363;6;23/11/2024;27000;5
5370;363;9;02/12/2024;30000;4
522;363;15;20/02/2024;30000;5
739;363;11;09/03/2024;25000;4
2214;363;13;24/07/2024;25000;5
4081;363;11;19/10/2024;25000;3
5928;363;14;22/12/2024;28000;3
15;363;25;02/01/2024;75000;4
5316;363;8;01/12/2024;30000;3
7393;363;4;11/02/2025;24000;3
7599;363;4;18/02/2025;24000;4
4967;364;6;19/11/2024;27000;2
7243;364;2;07/02/2025;20000;5
9229;364;2;10/05/2025;20000;2
755;364;22;10/03/2024;110000;3
1944;364;1;01/07/2024;18000;2
4776;364;4;13/11/2024;24000;5
9632;364;2;29/06/2025;20000;3
98;364;3;12/01/2024;22000;5
7023;365;4;29/01/2025;24000;3
4889;365;2;17/11/2024;20000;2
9656;365;4;01/07/2025;24000;5
6470;365;14;10/01/2025;28000;2
7396;365;1;12/02/2025;18000;4
9522;366;2;15/06/2025;20000;2
8542;366;4;20/03/2025;24000;3
2741;366;24;05/09/2024;25000;5
5675;366;11;13/12/2024;25000;3
227;366;14;24/01/2024;28000;4
4202;366;5;24/10/2024;27000;2
5939;366;14;22/12/2024;28000;4
4715;367;4;11/11/2024;24000;3
7748;367;3;24/02/2025;22000;3
9340;367;1;23/05/2025;18000;2
9814;367;3;23/07/2025;22000;5
2546;367;24;26/08/2024;25000;5
2697;367;24;04/09/2024;25000;2
10379;367;4;30/09/2025;24000;4
2995;367;23;13/09/2024;55000;4
6461;367;14;09/01/2025;28000;3
6586;367;4;13/01/2025;24000;2
7400;367;1;12/02/2025;18000;2
128;367;20;15/01/2024;22000;4
2492;367;24;21/08/2024;25000;5
4854;367;8;15/11/2024;30000;2
7803;367;2;26/02/2025;20000;4
2157;368;8;20/07/2024;30000;4
5667;368;8;13/12/2024;30000;4
7613;368;2;19/02/2025;20000;4
3179;368;23;19/09/2024;55000;3
3288;368;24;22/09/2024;25000;3
4047;368;9;18/10/2024;30000;3
5397;368;6;03/12/2024;27000;3
7029;368;1;30/01/2025;18000;5
7932;368;2;01/03/2025;20000;2
9492;368;3;10/06/2025;22000;2
1412;368;4;09/05/2024;24000;2
5839;368;14;19/12/2024;28000;2
9894;368;4;03/08/2025;24000;2
4864;369;11;15/11/2024;25000;4
6263;369;14;03/01/2025;28000;2
9119;369;1;01/05/2025;18000;3
9437;369;1;02/06/2025;18000;3
10094;369;1;27/08/2025;18000;5
4361;369;5;30/10/2024;27000;4
6717;369;4;18/01/2025;24000;3
8029;369;1;03/03/2025;18000;4
254;369;20;26/01/2024;22000;2
3731;369;2;07/10/2024;20000;4
5984;369;14;24/12/2024;28000;2
9508;369;1;13/06/2025;18000;2
4285;369;8;27/10/2024;30000;3
5369;369;9;02/12/2024;30000;3
6513;370;4;11/01/2025;24000;4
4974;370;7;19/11/2024;29000;4
6523;370;1;12/01/2025;18000;5
6662;370;4;16/01/2025;24000;4
6959;370;3;27/01/2025;22000;5
7561;370;3;17/02/2025;22000;3
168;370;28;18/01/2024;200000;3
2350;370;24;06/08/2024;25000;2
3899;370;2;13/10/2024;20000;3
5420;370;8;04/12/2024;30000;4
302;370;23;30/01/2024;55000;5
3228;370;21;21/09/2024;65000;2
6894;370;2;25/01/2025;20000;5
10171;371;1;06/09/2025;18000;2
8134;371;2;06/03/2025;20000;3
2932;371;24;10/09/2024;25000;3
917;371;19;26/03/2024;18000;4
10194;371;2;09/09/2025;20000;4
7888;372;2;28/02/2025;20000;5
838;372;18;17/03/2024;22000;5
1920;372;12;28/06/2024;22000;2
3267;372;22;22/09/2024;110000;5
5132;372;11;25/11/2024;25000;4
1775;372;20;10/06/2024;22000;4
1781;372;4;11/06/2024;24000;4
2287;372;9;31/07/2024;30000;4
2568;372;24;28/08/2024;25000;4
5233;372;6;29/11/2024;27000;3
6132;372;14;29/12/2024;28000;5
2526;372;24;24/08/2024;25000;3
2975;372;24;12/09/2024;25000;4
3870;372;4;12/10/2024;24000;3
6757;372;2;20/01/2025;20000;3
7485;372;4;14/02/2025;24000;4
7809;372;3;26/02/2025;22000;4
8743;372;4;27/03/2025;24000;5
9160;372;1;04/05/2025;18000;5
9310;372;3;18/05/2025;22000;5
3690;373;9;05/10/2024;30000;4
9023;373;2;19/04/2025;20000;3
6445;373;14;08/01/2025;28000;4
6783;373;1;21/01/2025;18000;3
326;373;12;01/02/2024;22000;5
3236;373;22;21/09/2024;110000;3
3938;373;4;14/10/2024;24000;5
5401;373;9;03/12/2024;30000;3
6230;373;14;01/01/2025;28000;5
8250;373;2;10/03/2025;20000;2
8920;373;1;07/04/2025;18000;3
9856;374;3;29/07/2025;22000;3
1271;374;17;27/04/2024;27000;3
3107;374;23;17/09/2024;55000;2
3289;374;24;22/09/2024;25000;2
3710;374;7;06/10/2024;29000;4
9580;374;2;22/06/2025;20000;5
2349;374;24;06/08/2024;25000;4
9927;374;2;06/08/2025;20000;2
1716;374;12;05/06/2024;22000;5
4951;374;1;19/11/2024;18000;5
7037;374;2;30/01/2025;20000;3
8988;374;2;16/04/2025;20000;2
9467;375;4;06/06/2025;24000;4
9479;375;3;08/06/2025;22000;2
890;375;14;23/03/2024;28000;2
5475;375;1;07/12/2024;18000;4
5848;375;14;19/12/2024;28000;3
6357;375;14;05/01/2025;28000;4
8818;375;2;30/03/2025;20000;5
9052;375;4;22/04/2025;24000;2
33;375;5;04/01/2024;27000;5
726;375;2;08/03/2024;20000;3
820;375;3;16/03/2024;22000;2
3850;375;6;11/10/2024;27000;5
5763;375;5;17/12/2024;27000;4
9305;375;3;17/05/2025;22000;3
6366;376;14;06/01/2025;28000;5
6644;376;1;16/01/2025;18000;2
9484;376;2;09/06/2025;20000;2
775;376;4;12/03/2024;24000;2
1971;376;20;02/07/2024;22000;2
2257;376;14;28/07/2024;28000;4
7394;376;1;12/02/2025;18000;2
8300;376;2;12/03/2025;20000;3
9511;376;3;13/06/2025;22000;3
1425;376;28;09/05/2024;200000;5
2911;376;22;10/09/2024;110000;3
5260;376;3;30/11/2024;22000;5
5463;376;5;06/12/2024;27000;2
9360;376;4;24/05/2025;24000;4
1522;376;18;18/05/2024;22000;4
7031;377;2;30/01/2025;20000;4
1683;377;5;03/06/2024;27000;4
1706;377;17;04/06/2024;27000;4
9765;377;2;17/07/2025;20000;4
10077;377;2;24/08/2025;20000;4
5083;377;9;23/11/2024;30000;5
6415;377;14;08/01/2025;28000;2
7870;377;3;28/02/2025;22000;3
6902;378;3;25/01/2025;22000;5
9709;378;4;08/07/2025;24000;4
589;378;24;25/02/2024;25000;4
8055;378;1;04/03/2025;18000;3
9548;378;1;18/06/2025;18000;3
1566;378;28;22/05/2024;200000;5
3171;378;22;19/09/2024;110000;4
7063;378;3;31/01/2025;22000;5
8961;378;1;13/04/2025;18000;4
8998;378;1;17/04/2025;18000;3
9150;378;1;03/05/2025;18000;3
148;378;9;17/01/2024;30000;4
3966;378;4;15/10/2024;24000;5
7328;378;1;10/02/2025;18000;2
9972;378;2;11/08/2025;20000;3
2152;379;24;19/07/2024;25000;2
7186;379;2;05/02/2025;20000;3
7880;379;4;28/02/2025;24000;2
1789;379;14;11/06/2024;28000;3
2213;379;10;24/07/2024;29000;3
6861;379;1;24/01/2025;18000;2
5563;379;7;09/12/2024;29000;4
7989;379;2;02/03/2025;20000;5
10146;379;4;03/09/2025;24000;5
8777;380;4;28/03/2025;24000;2
1705;380;17;04/06/2024;27000;3
2748;380;24;05/09/2024;25000;4
5342;380;11;01/12/2024;25000;5
6151;380;14;29/12/2024;28000;3
8118;380;4;05/03/2025;24000;3
8549;380;1;21/03/2025;18000;4
8877;380;1;02/04/2025;18000;2
8342;381;1;14/03/2025;18000;5
846;381;7;18/03/2024;29000;2
4323;381;9;28/10/2024;30000;4
6344;381;14;05/01/2025;28000;3
5303;382;5;01/12/2024;27000;2
5831;382;10;19/12/2024;29000;3
9518;382;4;14/06/2025;24000;5
5790;382;4;18/12/2024;24000;3
7324;382;1;10/02/2025;18000;2
9836;382;4;26/07/2025;24000;4
1073;382;2;09/04/2024;20000;4
2724;382;24;05/09/2024;25000;3
8830;382;4;30/03/2025;24000;5
10289;382;3;20/09/2025;22000;4
9053;383;4;22/04/2025;24000;3
6227;383;14;01/01/2025;28000;3
8509;383;2;19/03/2025;20000;4
119;383;18;14/01/2024;22000;5
1451;383;14;12/05/2024;28000;3
2402;383;24;11/08/2024;25000;2
3103;383;23;17/09/2024;55000;5
5966;383;14;23/12/2024;28000;3
9141;383;4;01/05/2025;24000;4
8984;384;4;15/04/2025;24000;3
8398;384;4;15/03/2025;24000;4
10053;384;1;22/08/2025;18000;4
6840;384;2;23/01/2025;20000;4
8069;385;3;04/03/2025;22000;3
24;385;13;03/01/2024;25000;5
1020;385;1;04/04/2024;18000;3
6762;385;3;20/01/2025;22000;3
2142;385;25;18/07/2024;75000;3
3947;385;8;14/10/2024;30000;4
4148;385;9;22/10/2024;30000;2
7687;385;1;22/02/2025;18000;2
6695;385;1;18/01/2025;18000;5
294;386;9;30/01/2024;30000;5
3066;386;21;16/09/2024;65000;4
4669;386;9;09/11/2024;30000;2
4941;386;10;18/11/2024;29000;3
6590;386;1;14/01/2025;18000;3
8161;386;2;07/03/2025;20000;3
10144;386;3;03/09/2025;22000;3
1637;386;10;30/05/2024;29000;5
3782;386;2;09/10/2024;20000;4
4508;386;6;04/11/2024;27000;5
4851;386;7;15/11/2024;29000;2
7566;386;4;17/02/2025;24000;2
8484;386;4;18/03/2025;24000;3
9776;386;4;18/07/2025;24000;4
2460;386;24;17/08/2024;25000;4
8325;386;2;13/03/2025;20000;5
9121;386;2;01/05/2025;20000;2
7756;387;4;24/02/2025;24000;5
1542;387;1;21/05/2024;18000;3
5694;387;8;14/12/2024;30000;4
5837;387;14;19/12/2024;28000;5
9597;387;1;24/06/2025;18000;4
5107;388;10;24/11/2024;29000;2
8453;388;3;17/03/2025;22000;5
8462;388;4;17/03/2025;24000;2
9327;388;4;20/05/2025;24000;2
9791;388;2;20/07/2025;20000;3
514;388;28;19/02/2024;200000;3
2869;388;22;09/09/2024;110000;3
9060;388;3;23/04/2025;22000;2
10085;388;4;25/08/2025;24000;5
1831;388;4;16/06/2024;24000;2
10378;388;4;30/09/2025;24000;4
4593;388;1;07/11/2024;18000;3
8746;388;1;28/03/2025;18000;5
9941;388;2;08/08/2025;20000;3
5151;389;5;26/11/2024;27000;2
9936;389;3;07/08/2025;22000;3
5380;389;2;03/12/2024;20000;2
8901;389;4;04/04/2025;24000;3
9324;390;2;20/05/2025;20000;5
746;390;22;09/03/2024;110000;5
2406;390;24;12/08/2024;25000;3
3881;390;7;12/10/2024;29000;5
4785;390;7;13/11/2024;29000;3
6451;390;14;09/01/2025;28000;2
7150;390;1;04/02/2025;18000;5
2071;390;3;12/07/2024;22000;2
4660;390;6;09/11/2024;27000;5
8068;391;2;04/03/2025;20000;3
8218;391;2;09/03/2025;20000;5
2;391;3;01/01/2024;22000;2
675;391;1;04/03/2024;18000;2
8120;391;4;05/03/2025;24000;5
9727;391;1;11/07/2025;18000;3
1386;391;20;06/05/2024;22000;5
2451;391;24;16/08/2024;25000;4
5285;391;2;01/12/2024;20000;4
6658;391;4;16/01/2025;24000;4
7624;391;4;19/02/2025;24000;2
9164;391;2;04/05/2025;20000;5
9744;391;3;13/07/2025;22000;5
1945;391;2;01/07/2024;20000;3
3556;391;23;01/10/2024;55000;5
6147;391;14;29/12/2024;28000;3
9922;391;1;06/08/2025;18000;5
7410;392;2;12/02/2025;20000;2
8339;392;4;13/03/2025;24000;5
9404;392;4;28/05/2025;24000;2
9911;392;2;05/08/2025;20000;3
172;392;6;19/01/2024;27000;4
410;392;24;09/02/2024;25000;4
3378;392;24;25/09/2024;25000;2
6107;392;14;28/12/2024;28000;5
9496;392;3;11/06/2025;22000;4
2596;392;24;31/08/2024;25000;5
3688;392;9;05/10/2024;30000;4
5965;392;14;23/12/2024;28000;3
7166;393;4;04/02/2025;24000;3
9283;393;4;15/05/2025;24000;2
723;393;27;07/03/2024;250000;3
2641;393;24;02/09/2024;25000;3
3955;393;11;14/10/2024;25000;3
5769;393;8;17/12/2024;30000;5
7479;393;3;14/02/2025;22000;3
2496;393;24;21/08/2024;25000;5
5274;393;10;30/11/2024;29000;2
6563;393;2;13/01/2025;20000;2
7097;393;4;01/02/2025;24000;3
2963;393;22;12/09/2024;110000;2
9002;394;3;17/04/2025;22000;4
5395;394;6;03/12/2024;27000;5
6641;394;1;16/01/2025;18000;5
6705;394;2;18/01/2025;20000;4
6863;394;1;24/01/2025;18000;4
1756;394;17;08/06/2024;27000;3
3655;394;8;04/10/2024;30000;4
4175;394;6;23/10/2024;27000;2
7239;394;2;07/02/2025;20000;2
9163;394;1;04/05/2025;18000;2
843;394;2;18/03/2024;20000;5
1701;394;12;04/06/2024;22000;3
4922;394;4;18/11/2024;24000;4
5410;394;4;04/12/2024;24000;3
6326;394;14;05/01/2025;28000;2
5060;395;11;22/11/2024;25000;4
6499;395;1;11/01/2025;18000;5
7144;395;4;03/02/2025;24000;2
1183;395;1;20/04/2024;18000;4
2503;395;24;22/08/2024;25000;5
1955;395;15;01/07/2024;30000;2
3745;395;5;07/10/2024;27000;5
3790;395;4;09/10/2024;24000;2
758;395;25;10/03/2024;75000;4
2815;395;24;07/09/2024;25000;5
3124;395;21;18/09/2024;65000;2
3789;395;4;09/10/2024;24000;4
3948;395;8;14/10/2024;30000;3
6680;396;3;17/01/2025;22000;2
6949;396;1;27/01/2025;18000;2
9032;396;2;20/04/2025;20000;4
5773;396;10;17/12/2024;29000;3
10046;396;1;21/08/2025;18000;2
1019;396;28;03/04/2024;200000;4
1107;396;26;11/04/2024;175000;4
2461;396;24;17/08/2024;25000;2
3212;396;23;20/09/2024;55000;4
4231;396;8;25/10/2024;30000;2
4774;396;3;13/11/2024;22000;2
6516;396;14;11/01/2025;28000;2
6908;396;1;26/01/2025;18000;2
4588;397;11;06/11/2024;25000;3
10187;397;1;08/09/2025;18000;3
7769;397;2;25/02/2025;20000;3
9970;397;1;11/08/2025;18000;5
8130;397;1;06/03/2025;18000;5
9502;397;2;12/06/2025;20000;4
5139;398;2;26/11/2024;20000;3
8263;398;1;11/03/2025;18000;3
8943;398;4;10/04/2025;24000;5
1324;398;21;01/05/2024;65000;4
2453;398;24;16/08/2024;25000;4
3570;398;24;01/10/2024;25000;4
3864;398;1;12/10/2024;18000;4
38;398;27;04/01/2024;250000;2
897;398;11;24/03/2024;25000;5
7384;398;3;11/02/2025;22000;3
6329;399;14;05/01/2025;28000;2
7501;399;3;15/02/2025;22000;5
5792;399;4;18/12/2024;24000;5
8399;399;4;15/03/2025;24000;2
10310;399;3;23/09/2025;22000;5
669;399;22;03/03/2024;110000;5
1678;399;19;02/06/2024;18000;5
2114;399;14;16/07/2024;28000;5
4900;399;7;17/11/2024;29000;4
6235;399;14;02/01/2025;28000;5
7873;399;3;28/02/2025;22000;5
4835;400;1;15/11/2024;18000;3
4896;400;5;17/11/2024;27000;4
5474;400;1;07/12/2024;18000;5
9587;400;2;23/06/2025;20000;2
280;400;14;29/01/2024;28000;3
965;400;5;31/03/2024;27000;5
5661;400;5;13/12/2024;27000;2
9805;400;2;22/07/2025;20000;2
10020;400;4;16/08/2025;24000;4
531;400;16;21/02/2024;28000;4
3687;400;9;05/10/2024;30000;4
5554;400;4;09/12/2024;24000;2
6193;400;14;31/12/2024;28000;2
8515;400;2;19/03/2025;20000;2
7667;401;3;21/02/2025;22000;2
9714;401;3;09/07/2025;22000;2
10143;401;3;03/09/2025;22000;4
5135;401;11;25/11/2024;25000;5
5488;401;5;07/12/2024;27000;2
6150;401;14;29/12/2024;28000;3
7071;401;3;31/01/2025;22000;2
7728;401;4;23/02/2025;24000;2
1818;401;28;14/06/2024;200000;3
9870;401;1;01/08/2025;18000;5
8008;402;3;02/03/2025;22000;2
6740;402;3;19/01/2025;22000;2
6986;402;4;28/01/2025;24000;2
103;402;18;12/01/2024;22000;2
2485;402;24;19/08/2024;25000;3
3600;402;21;02/10/2024;65000;5
5423;402;8;04/12/2024;30000;5
5673;402;11;13/12/2024;25000;3
6280;402;14;03/01/2025;28000;3
4481;402;6;03/11/2024;27000;4
5430;402;11;04/12/2024;25000;3
6836;402;1;23/01/2025;18000;4
8821;402;3;30/03/2025;22000;4
2524;403;24;24/08/2024;25000;5
2783;403;24;06/09/2024;25000;5
2832;403;22;08/09/2024;110000;2
2898;403;21;10/09/2024;65000;3
3347;403;24;24/09/2024;25000;2
3160;403;24;18/09/2024;25000;2
2854;403;21;09/09/2024;65000;4
8531;403;1;20/03/2025;18000;4
10101;403;4;27/08/2025;24000;3
512;404;22;19/02/2024;110000;5
3587;404;6;02/10/2024;27000;2
6505;404;2;11/01/2025;20000;4
7126;404;2;03/02/2025;20000;4
8097;404;2;05/03/2025;20000;2
9789;404;1;20/07/2025;18000;3
2672;404;24;03/09/2024;25000;2
3017;404;23;14/09/2024;55000;2
3596;404;11;02/10/2024;25000;2
8109;404;3;05/03/2025;22000;5
9565;404;3;20/06/2025;22000;3
6148;405;14;29/12/2024;28000;5
6401;405;14;07/01/2025;28000;4
7463;405;4;13/02/2025;24000;5
7518;405;1;16/02/2025;18000;4
10121;405;1;31/08/2025;18000;2
2420;405;24;13/08/2024;25000;2
5104;405;9;24/11/2024;30000;5
5564;405;8;09/12/2024;30000;2
8194;405;2;08/03/2025;20000;4
8752;405;2;28/03/2025;20000;5
1658;405;10;01/06/2024;29000;2
6509;405;3;11/01/2025;22000;5
10131;406;3;01/09/2025;22000;5
4637;406;9;08/11/2024;30000;5
2424;406;24;14/08/2024;25000;2
8684;406;3;25/03/2025;22000;2
2703;406;24;04/09/2024;25000;5
3801;406;8;09/10/2024;30000;4
4824;407;9;14/11/2024;30000;3
9154;407;2;03/05/2025;20000;3
2413;407;24;12/08/2024;25000;3
6753;407;2;20/01/2025;20000;4
8058;407;1;04/03/2025;18000;2
2475;407;24;19/08/2024;25000;5
3535;407;21;01/10/2024;65000;4
5379;408;2;03/12/2024;20000;5
2415;408;24;13/08/2024;25000;4
762;408;26;10/03/2024;175000;4
6664;408;4;16/01/2025;24000;5
8220;408;2;09/03/2025;20000;4
1248;408;18;25/04/2024;22000;5
2143;408;25;18/07/2024;75000;5
3499;408;24;29/09/2024;25000;4
5487;409;5;07/12/2024;27000;5
2517;409;24;23/08/2024;25000;5
3130;409;22;18/09/2024;110000;5
5127;409;9;25/11/2024;30000;2
138;409;7;16/01/2024;29000;4
5801;409;7;18/12/2024;29000;5
9849;409;2;28/07/2025;20000;3
10088;409;2;26/08/2025;20000;2
5047;409;5;22/11/2024;27000;3
9269;409;2;14/05/2025;20000;3
4655;410;4;09/11/2024;24000;3
5759;410;3;17/12/2024;22000;5
7327;410;1;10/02/2025;18000;5
9012;410;3;18/04/2025;22000;5
1956;410;16;01/07/2024;28000;5
3465;410;24;28/09/2024;25000;4
6448;410;14;09/01/2025;28000;4
6353;410;14;05/01/2025;28000;2
8365;410;3;14/03/2025;22000;5
7234;410;1;07/02/2025;18000;5
8882;410;3;02/04/2025;22000;5
3255;411;21;22/09/2024;65000;5
5688;411;6;14/12/2024;27000;2
3326;411;21;24/09/2024;65000;3
4680;411;4;10/11/2024;24000;5
5446;411;6;05/12/2024;27000;4
7647;411;4;20/02/2025;24000;5
7961;411;4;01/03/2025;24000;2
5640;411;5;12/12/2024;27000;3
9441;411;4;02/06/2025;24000;4
6524;412;1;12/01/2025;18000;2
7121;412;4;02/02/2025;24000;3
7657;412;2;21/02/2025;20000;2
5497;412;9;07/12/2024;30000;3
5540;413;10;08/12/2024;29000;3
4775;413;4;13/11/2024;24000;2
7177;413;1;05/02/2025;18000;2
995;413;13;02/04/2024;25000;2
4128;413;2;22/10/2024;20000;5
5076;413;8;23/11/2024;30000;3
8173;413;4;07/03/2025;24000;3
4631;414;5;08/11/2024;27000;4
6095;414;14;28/12/2024;28000;5
2215;414;19;24/07/2024;18000;3
2329;414;24;03/08/2024;25000;5
5804;414;8;18/12/2024;30000;3
2918;414;23;10/09/2024;55000;2
5480;414;4;07/12/2024;24000;2
8969;414;3;13/04/2025;22000;4
5706;415;4;15/12/2024;24000;3
7847;415;3;27/02/2025;22000;2
7356;415;1;11/02/2025;18000;5
8375;415;1;15/03/2025;18000;4
10013;415;4;15/08/2025;24000;3
3761;415;10;07/10/2024;29000;4
4222;415;2;25/10/2024;20000;3
5169;415;3;27/11/2024;22000;3
5662;415;6;13/12/2024;27000;2
9072;415;4;24/04/2025;24000;2
3861;415;11;11/10/2024;25000;3
6125;416;14;29/12/2024;28000;2
6240;416;14;02/01/2025;28000;5
6553;416;4;12/01/2025;24000;3
9395;416;1;28/05/2025;18000;2
2786;416;24;06/09/2024;25000;4
3551;416;23;01/10/2024;55000;3
8730;416;2;27/03/2025;20000;5
9930;416;4;06/08/2025;24000;2
6266;416;14;03/01/2025;28000;4
88;417;28;10/01/2024;200000;4
6676;417;2;17/01/2025;20000;2
7696;417;3;22/02/2025;22000;2
8392;417;3;15/03/2025;22000;3
1409;417;27;08/05/2024;250000;3
4744;417;4;12/11/2024;24000;5
5142;417;3;26/11/2024;22000;4
5157;417;9;26/11/2024;30000;5
8950;417;3;11/04/2025;22000;5
7481;417;3;14/02/2025;22000;3
7680;417;1;22/02/2025;18000;2
10303;417;1;22/09/2025;18000;3
6200;418;14;31/12/2024;28000;3
6688;418;1;18/01/2025;18000;5
8656;418;3;24/03/2025;22000;5
9451;418;3;04/06/2025;22000;2
2059;418;1;11/07/2024;18000;3
3050;418;23;15/09/2024;55000;2
3965;418;3;15/10/2024;22000;3
5782;418;1;18/12/2024;18000;4
2781;418;24;06/09/2024;25000;4
7318;418;4;09/02/2025;24000;4
4096;418;9;20/10/2024;30000;3
7598;418;4;18/02/2025;24000;2
6722;419;1;19/01/2025;18000;4
10238;419;2;14/09/2025;20000;2
41;419;11;05/01/2024;25000;4
53;419;16;06/01/2024;28000;3
1916;419;20;27/06/2024;22000;5
4176;419;6;23/10/2024;27000;4
9275;419;4;14/05/2025;24000;2
973;419;18;31/03/2024;22000;3
4703;419;11;10/11/2024;25000;5
6876;419;3;24/01/2025;22000;5
365;419;13;05/02/2024;25000;5
6673;419;2;17/01/2025;20000;4
3223;420;24;20/09/2024;25000;2
956;420;19;30/03/2024;18000;2
10331;420;3;25/09/2025;22000;3
6030;421;14;25/12/2024;28000;4
6709;421;3;18/01/2025;22000;2
9207;421;2;08/05/2025;20000;4
9699;421;4;07/07/2025;24000;5
218;421;3;24/01/2024;22000;2
602;421;20;26/02/2024;22000;3
3727;421;1;07/10/2024;18000;5
6062;421;14;26/12/2024;28000;3
943;421;20;29/03/2024;22000;2
4122;421;10;21/10/2024;29000;2
443;421;5;13/02/2024;27000;2
1234;421;8;24/04/2024;30000;2
9748;421;2;14/07/2025;20000;2
6002;422;14;24/12/2024;28000;3
6270;422;14;03/01/2025;28000;4
2788;422;21;07/09/2024;65000;4
4146;422;9;22/10/2024;30000;5
4234;422;8;25/10/2024;30000;3
9247;422;4;11/05/2025;24000;2
2331;422;24;04/08/2024;25000;3
7232;422;1;07/02/2025;18000;5
7220;422;4;06/02/2025;24000;3
5109;423;11;24/11/2024;25000;5
7397;423;1;12/02/2025;18000;3
8687;423;3;25/03/2025;22000;2
9124;423;2;01/05/2025;20000;4
4102;423;11;20/10/2024;25000;4
6491;423;14;10/01/2025;28000;2
9730;423;3;11/07/2025;22000;2
9764;423;1;17/07/2025;18000;3
4633;423;6;08/11/2024;27000;5
4608;424;10;07/11/2024;29000;3
6267;424;14;03/01/2025;28000;5
6754;424;2;20/01/2025;20000;2
7805;424;2;26/02/2025;20000;3
10099;424;2;27/08/2025;20000;5
8154;424;1;07/03/2025;18000;4
8302;424;2;12/03/2025;20000;4
184;424;13;20/01/2024;25000;5
3669;424;2;05/10/2024;20000;5
4589;424;11;06/11/2024;25000;5
7910;424;4;28/02/2025;24000;3
417;424;6;10/02/2024;27000;3
2000;424;14;05/07/2024;28000;2
8123;424;1;06/03/2025;18000;5
9464;424;2;06/06/2025;20000;5
5165;425;2;27/11/2024;20000;3
8963;425;2;13/04/2025;20000;4
386;425;15;07/02/2024;30000;2
7625;425;4;19/02/2025;24000;3
9048;425;2;22/04/2025;20000;2
9420;425;4;30/05/2025;24000;2
4466;425;1;03/11/2024;18000;2
6153;425;14;29/12/2024;28000;5
6885;425;1;25/01/2025;18000;3
9349;425;4;23/05/2025;24000;4
7629;426;1;20/02/2025;18000;4
7720;426;2;23/02/2025;20000;4
3621;426;7;03/10/2024;29000;5
5897;426;14;21/12/2024;28000;4
7235;426;1;07/02/2025;18000;3
8763;426;3;28/03/2025;22000;3
240;426;13;25/01/2024;25000;5
7435;426;4;12/02/2025;24000;2
8095;427;2;05/03/2025;20000;2
8917;427;4;06/04/2025;24000;3
106;427;24;12/01/2024;25000;3
10025;427;1;18/08/2025;18000;3
5250;427;11;29/11/2024;25000;2
585;427;14;25/02/2024;28000;2
3337;427;23;24/09/2024;55000;5
3812;427;2;10/10/2024;20000;3
4240;427;2;26/10/2024;20000;4
6537;427;3;12/01/2025;22000;5
8662;427;4;24/03/2025;24000;5
9735;427;3;12/07/2025;22000;2
9958;427;1;10/08/2025;18000;5
7349;428;4;10/02/2025;24000;3
7573;428;1;18/02/2025;18000;3
9725;428;3;10/07/2025;22000;2
4452;428;9;02/11/2024;30000;2
7757;428;4;24/02/2025;24000;5
724;428;28;07/03/2024;200000;2
3070;428;22;16/09/2024;110000;5
6595;428;1;14/01/2025;18000;5
7793;428;4;25/02/2025;24000;4
8726;428;2;27/03/2025;20000;5
9147;428;3;02/05/2025;22000;4
3988;428;3;16/10/2024;22000;2
4910;428;1;18/11/2024;18000;3
7034;428;2;30/01/2025;20000;4
7081;428;2;01/02/2025;20000;5
9230;428;2;10/05/2025;20000;4
8266;429;1;11/03/2025;18000;5
3106;429;23;17/09/2024;55000;3
7061;429;3;31/01/2025;22000;3
1986;429;23;03/07/2024;55000;3
2712;429;24;04/09/2024;25000;2
4478;429;6;03/11/2024;27000;3
7325;429;1;10/02/2025;18000;3
8423;429;4;16/03/2025;24000;4
654;429;21;02/03/2024;65000;3
1055;429;18;07/04/2024;22000;3
3351;429;21;25/09/2024;65000;2
3886;429;8;12/10/2024;30000;2
5525;429;6;08/12/2024;27000;2
9886;429;1;03/08/2025;18000;2
613;430;19;27/02/2024;18000;4
1823;430;13;15/06/2024;25000;3
4874;430;4;16/11/2024;24000;2
8204;430;4;08/03/2025;24000;5
988;430;24;01/04/2024;25000;5
1666;430;27;01/06/2024;250000;3
4997;430;6;20/11/2024;27000;4
6719;430;1;19/01/2025;18000;2
7147;430;4;03/02/2025;24000;4
2681;430;24;03/09/2024;25000;5
4195;430;3;24/10/2024;22000;3
4829;430;10;14/11/2024;29000;2
8234;430;4;09/03/2025;24000;3
5382;431;2;03/12/2024;20000;2
5766;431;6;17/12/2024;27000;2
6214;431;14;01/01/2025;28000;2
9398;431;1;28/05/2025;18000;3
161;431;11;18/01/2024;25000;3
4667;431;8;09/11/2024;30000;3
7042;431;3;30/01/2025;22000;3
8667;431;4;24/03/2025;24000;5
8899;431;3;04/04/2025;22000;4
9554;431;1;19/06/2025;18000;3
1612;432;16;27/05/2024;28000;4
3844;432;3;11/10/2024;22000;3
4272;432;4;27/10/2024;24000;2
5384;432;3;03/12/2024;22000;4
5555;432;4;09/12/2024;24000;3
2946;432;23;11/09/2024;55000;2
3701;432;3;06/10/2024;22000;4
5280;432;1;01/12/2024;18000;5
10242;432;3;14/09/2025;22000;2
7233;433;1;07/02/2025;18000;3
9366;433;2;25/05/2025;20000;3
3269;433;22;22/09/2024;110000;5
4563;433;2;06/11/2024;20000;2
4676;433;2;10/11/2024;20000;4
545;433;13;22/02/2024;25000;3
8215;433;1;09/03/2025;18000;4
4257;433;8;26/10/2024;30000;4
4733;433;11;11/11/2024;25000;4
8747;433;1;28/03/2025;18000;4
8861;434;4;31/03/2025;24000;5
2285;434;5;31/07/2024;27000;4
4988;434;3;20/11/2024;22000;2
6962;434;3;27/01/2025;22000;2
586;434;15;25/02/2024;30000;2
2228;434;19;25/07/2024;18000;4
5262;434;3;30/11/2024;22000;3
5912;434;14;22/12/2024;28000;4
7417;434;3;12/02/2025;22000;4
7842;434;3;27/02/2025;22000;4
857;435;21;19/03/2024;65000;5
5035;435;1;22/11/2024;18000;5
8007;435;3;02/03/2025;22000;3
8341;435;4;13/03/2025;24000;2
9307;435;4;17/05/2025;24000;5
9848;435;2;28/07/2025;20000;4
1759;435;27;08/06/2024;250000;4
2522;435;24;23/08/2024;25000;3
6080;435;14;27/12/2024;28000;2
1326;435;24;01/05/2024;25000;5
4862;435;10;15/11/2024;29000;4
8681;435;2;25/03/2025;20000;3
9569;435;2;21/06/2025;20000;5
1360;436;12;04/05/2024;22000;3
2457;436;24;17/08/2024;25000;3
4020;436;8;17/10/2024;30000;5
6607;436;4;14/01/2025;24000;2
8488;436;4;18/03/2025;24000;2
354;436;10;03/02/2024;29000;5
7405;436;2;12/02/2025;20000;4
7822;436;1;27/02/2025;18000;5
9239;436;1;11/05/2025;18000;3
5566;436;9;09/12/2024;30000;5
6278;436;14;03/01/2025;28000;2
7524;437;1;16/02/2025;18000;5
3714;437;9;06/10/2024;30000;4
4244;437;3;26/10/2024;22000;2
7691;437;2;22/02/2025;20000;5
8132;437;1;06/03/2025;18000;5
9295;437;4;16/05/2025;24000;5
3928;437;2;14/10/2024;20000;4
8967;437;3;13/04/2025;22000;5
9331;437;2;21/05/2025;20000;5
9510;438;2;13/06/2025;20000;3
9898;438;2;04/08/2025;20000;5
5008;438;11;20/11/2024;25000;4
7811;438;3;26/02/2025;22000;5
5321;438;9;01/12/2024;30000;4
5570;438;10;09/12/2024;29000;4
6803;438;4;21/01/2025;24000;3
2602;438;24;31/08/2024;25000;4
3152;438;24;18/09/2024;25000;3
7006;438;2;29/01/2025;20000;5
6390;439;14;07/01/2025;28000;2
5175;439;5;27/11/2024;27000;2
9992;439;1;13/08/2025;18000;2
4109;439;3;21/10/2024;22000;3
4328;439;11;28/10/2024;25000;4
9127;439;2;01/05/2025;20000;4
10133;439;2;02/09/2025;20000;2
167;439;27;18/01/2024;250000;3
4897;440;5;17/11/2024;27000;3
2398;440;24;11/08/2024;25000;5
4057;440;1;19/10/2024;18000;4
6545;440;4;12/01/2025;24000;4
10066;440;4;22/08/2025;24000;2
1549;440;20;21/05/2024;22000;2
9282;440;4;15/05/2025;24000;5
8114;440;3;05/03/2025;22000;3
9637;440;4;29/06/2025;24000;2
4627;441;4;08/11/2024;24000;3
5000;441;7;20/11/2024;29000;4
6264;441;14;03/01/2025;28000;4
7440;441;1;13/02/2025;18000;3
8512;441;2;19/03/2025;20000;5
1650;441;21;31/05/2024;65000;4
2100;441;27;14/07/2024;250000;5
8014;441;4;02/03/2025;24000;4
8081;441;4;04/03/2025;24000;4
1815;441;26;14/06/2024;175000;5
3138;441;23;18/09/2024;55000;2
3451;441;22;28/09/2024;110000;2
7226;441;4;06/02/2025;24000;5
8411;441;2;16/03/2025;20000;5
3704;442;4;06/10/2024;24000;3
9977;442;3;11/08/2025;22000;4
3164;442;21;19/09/2024;65000;3
7934;442;2;01/03/2025;20000;3
10208;442;3;11/09/2025;22000;5
1969;442;13;02/07/2024;25000;3
4172;442;5;23/10/2024;27000;2
9205;442;1;08/05/2025;18000;2
5875;443;14;20/12/2024;28000;4
6866;443;1;24/01/2025;18000;4
873;443;22;21/03/2024;110000;3
2429;443;24;14/08/2024;25000;5
6733;443;3;19/01/2025;22000;5
3210;443;23;20/09/2024;55000;3
5767;443;7;17/12/2024;29000;4
9103;443;4;28/04/2025;24000;2
9409;443;4;29/05/2025;24000;5
9802;443;1;22/07/2025;18000;4
9179;444;4;05/05/2025;24000;5
5642;444;6;12/12/2024;27000;2
1872;444;24;21/06/2024;25000;2
5988;444;14;24/12/2024;28000;2
7684;444;1;22/02/2025;18000;5
8157;444;1;07/03/2025;18000;4
5235;445;6;29/11/2024;27000;5
5284;445;2;01/12/2024;20000;3
5937;445;14;22/12/2024;28000;2
9224;445;4;09/05/2025;24000;5
991;445;1;02/04/2024;18000;5
4191;445;10;23/10/2024;29000;2
1446;445;2;12/05/2024;20000;3
1864;445;25;20/06/2024;75000;2
5409;445;4;04/12/2024;24000;4
60;445;12;07/01/2024;22000;2
3721;445;11;06/10/2024;25000;3
9149;445;4;02/05/2025;24000;3
9288;445;1;16/05/2025;18000;2
10022;445;1;17/08/2025;18000;3
4578;446;6;06/11/2024;27000;3
7551;446;2;17/02/2025;20000;2
8232;446;3;09/03/2025;22000;2
8645;446;2;24/03/2025;20000;3
9456;446;2;05/06/2025;20000;4
9603;446;1;25/06/2025;18000;5
8853;446;3;31/03/2025;22000;3
8712;446;3;26/03/2025;22000;5
5551;447;3;09/12/2024;22000;3
6453;447;14;09/01/2025;28000;3
930;447;5;28/03/2024;27000;3
3479;447;21;29/09/2024;65000;5
6222;447;14;01/01/2025;28000;2
6716;447;4;18/01/2025;24000;3
7813;447;3;26/02/2025;22000;4
247;447;9;26/01/2024;30000;3
7635;447;2;20/02/2025;20000;4
7968;447;1;02/03/2025;18000;3
9650;447;3;01/07/2025;22000;5
1207;447;8;22/04/2024;30000;3
4887;447;1;17/11/2024;18000;3
7443;447;2;13/02/2025;20000;5
9780;447;2;19/07/2025;20000;4
8960;448;1;13/04/2025;18000;2
1903;448;18;25/06/2024;22000;2
5589;448;6;10/12/2024;27000;3
1375;448;27;05/05/2024;250000;3
3700;448;3;06/10/2024;22000;4
693;448;7;05/03/2024;29000;3
1512;448;23;17/05/2024;55000;2
6419;448;14;08/01/2025;28000;3
8500;448;1;19/03/2025;18000;3
4169;449;5;23/10/2024;27000;3
854;449;9;19/03/2024;30000;2
1261;449;22;26/04/2024;110000;4
4380;449;6;31/10/2024;27000;5
5003;449;9;20/11/2024;30000;3
5368;449;9;02/12/2024;30000;4
7609;449;2;19/02/2025;20000;4
8187;449;2;08/03/2025;20000;4
2344;449;24;06/08/2024;25000;5
2474;449;24;19/08/2024;25000;3
3216;449;24;20/09/2024;25000;2
8334;449;3;13/03/2025;22000;4
5357;450;5;02/12/2024;27000;4
3042;450;22;15/09/2024;110000;2
5893;450;14;21/12/2024;28000;5
7449;450;3;13/02/2025;22000;5
3516;450;23;30/09/2024;55000;3
7426;450;4;12/02/2025;24000;3
8025;450;1;03/03/2025;18000;2
9804;450;2;22/07/2025;20000;3
9509;451;2;13/06/2025;20000;5
1066;451;17;08/04/2024;27000;4
4490;451;11;03/11/2024;25000;2
8369;451;4;14/03/2025;24000;3
9541;451;2;17/06/2025;20000;3
3636;451;1;04/10/2024;18000;5
4585;451;10;06/11/2024;29000;2
6345;451;14;05/01/2025;28000;3
8518;451;3;19/03/2025;22000;5
6616;452;2;15/01/2025;20000;3
7376;452;3;11/02/2025;22000;2
6748;452;1;20/01/2025;18000;5
568;452;1;24/02/2024;18000;4
1213;452;21;22/04/2024;65000;2
3121;452;21;18/09/2024;65000;3
3960;452;2;15/10/2024;20000;3
8370;452;4;14/03/2025;24000;4
9935;452;2;07/08/2025;20000;4
2751;452;24;05/09/2024;25000;2
5248;452;9;29/11/2024;30000;2
5797;452;6;18/12/2024;27000;5
9616;452;1;27/06/2025;18000;4
9839;453;4;26/07/2025;24000;5
10074;453;1;24/08/2025;18000;4
1420;453;16;09/05/2024;28000;5
3822;453;5;10/10/2024;27000;4
4397;453;5;01/11/2024;27000;2
7843;453;3;27/02/2025;22000;4
8951;453;3;11/04/2025;22000;3
1120;453;12;13/04/2024;22000;2
2149;453;13;19/07/2024;25000;5
3286;453;24;22/09/2024;25000;4
5516;453;3;08/12/2024;22000;3
6576;453;3;13/01/2025;22000;4
5531;454;8;08/12/2024;30000;2
7513;454;4;15/02/2025;24000;2
9120;454;1;01/05/2025;18000;2
4373;454;3;31/10/2024;22000;4
6700;454;2;18/01/2025;20000;3
1861;454;14;20/06/2024;28000;4
3129;454;22;18/09/2024;110000;3
6628;454;4;15/01/2025;24000;3
378;454;18;06/02/2024;22000;5
1189;454;13;20/04/2024;25000;2
2378;454;24;10/08/2024;25000;3
2437;454;24;15/08/2024;25000;3
4427;454;1;02/11/2024;18000;4
5052;454;7;22/11/2024;29000;3
5336;454;11;01/12/2024;25000;3
9387;454;1;27/05/2025;18000;3
4665;455;8;09/11/2024;30000;3
7724;455;3;23/02/2025;22000;5
7804;455;2;26/02/2025;20000;2
977;455;22;31/03/2024;110000;5
9017;455;4;18/04/2025;24000;2
3219;455;24;20/09/2024;25000;2
3800;455;7;09/10/2024;29000;2
7752;455;4;24/02/2025;24000;2
2390;455;24;10/08/2024;25000;4
8844;455;2;31/03/2025;20000;3
10270;456;4;18/09/2025;24000;3
914;456;14;26/03/2024;28000;3
1703;456;13;04/06/2024;25000;3
3027;456;24;14/09/2024;25000;2
8813;456;1;30/03/2025;18000;4
620;456;24;28/02/2024;25000;4
2357;456;24;07/08/2024;25000;3
3576;456;1;02/10/2024;18000;5
1887;456;11;23/06/2024;25000;2
4299;456;1;28/10/2024;18000;3
8588;456;2;22/03/2025;20000;4
8910;456;3;05/04/2025;22000;2
6365;457;14;06/01/2025;28000;5
7238;457;2;07/02/2025;20000;5
3498;457;24;29/09/2024;25000;4
8801;457;3;29/03/2025;22000;3
402;457;7;09/02/2024;29000;2
632;457;13;01/03/2024;25000;4
1067;457;17;08/04/2024;27000;2
5916;457;14;22/12/2024;28000;5
6330;457;14;05/01/2025;28000;4
5534;458;9;08/12/2024;30000;4
7820;458;4;26/02/2025;24000;5
9055;458;4;22/04/2025;24000;2
2444;458;24;16/08/2024;25000;4
3029;458;24;14/09/2024;25000;2
1946;458;3;01/07/2024;22000;4
3021;458;23;14/09/2024;55000;4
7371;458;2;11/02/2025;20000;4
9444;458;1;04/06/2025;18000;3
1110;458;1;12/04/2024;18000;2
2050;458;2;10/07/2024;20000;3
7197;458;1;06/02/2025;18000;3
8441;458;1;17/03/2025;18000;2
6231;459;14;01/01/2025;28000;5
253;459;19;26/01/2024;18000;5
1795;459;7;12/06/2024;29000;3
3450;459;22;28/09/2024;110000;2
7330;459;1;10/02/2025;18000;3
7508;459;3;15/02/2025;22000;4
8722;459;1;27/03/2025;18000;3
9238;459;1;11/05/2025;18000;3
3064;459;21;16/09/2024;65000;3
3148;459;23;18/09/2024;55000;4
3561;459;23;01/10/2024;55000;4
3779;459;1;09/10/2024;18000;5
4977;459;8;19/11/2024;30000;4
5660;459;3;13/12/2024;22000;4
9009;459;2;18/04/2025;20000;3
5904;459;14;21/12/2024;28000;2
8657;459;3;24/03/2025;22000;4
9268;459;2;14/05/2025;20000;3
9542;459;3;17/06/2025;22000;5
5786;460;3;18/12/2024;22000;4
4086;460;3;20/10/2024;22000;4
4258;460;8;26/10/2024;30000;5
2848;460;24;08/09/2024;25000;5
8884;460;4;02/04/2025;24000;5
5883;460;14;21/12/2024;28000;5
8330;460;3;13/03/2025;22000;4
446;461;8;13/02/2024;30000;3
3545;461;22;01/10/2024;110000;2
4303;461;2;28/10/2024;20000;3
9421;462;1;31/05/2025;18000;2
7;462;28;01/01/2024;200000;3
3475;462;21;29/09/2024;65000;4
5193;462;10;27/11/2024;29000;2
7591;462;4;18/02/2025;24000;2
8833;462;4;30/03/2025;24000;3
2027;462;1;08/07/2024;18000;3
2667;462;24;03/09/2024;25000;5
4458;462;10;02/11/2024;29000;4
5930;462;14;22/12/2024;28000;2
9885;462;3;02/08/2025;22000;2
4334;462;1;29/10/2024;18000;4
8582;462;1;22/03/2025;18000;2
9513;462;4;13/06/2025;24000;5
2047;463;17;09/07/2024;27000;3
2334;463;24;04/08/2024;25000;2
5393;463;5;03/12/2024;27000;5
6142;463;14;29/12/2024;28000;3
3607;463;23;02/10/2024;55000;4
3645;463;5;04/10/2024;27000;2
5603;463;10;10/12/2024;29000;3
9114;463;3;30/04/2025;22000;5
646;463;7;02/03/2024;29000;4
848;463;11;18/03/2024;25000;3
2687;463;24;03/09/2024;25000;4
5815;463;11;18/12/2024;25000;2
9256;463;4;12/05/2025;24000;5
10315;463;1;24/09/2025;18000;3
6915;464;1;26/01/2025;18000;2
7753;464;4;24/02/2025;24000;3
9822;464;3;24/07/2025;22000;3
872;464;16;21/03/2024;28000;5
4360;464;2;30/10/2024;20000;2
9020;464;1;19/04/2025;18000;2
3918;464;10;13/10/2024;29000;4
7231;464;1;07/02/2025;18000;5
8765;465;3;28/03/2025;22000;5
299;465;19;30/01/2024;18000;2
3956;465;1;15/10/2024;18000;4
4600;465;7;07/11/2024;29000;5
8759;465;2;28/03/2025;20000;5
9486;465;4;09/06/2025;24000;5
9629;465;3;28/06/2025;22000;4
1341;465;26;02/05/2024;175000;5
3719;465;11;06/10/2024;25000;4
5029;465;8;21/11/2024;30000;4
6459;465;14;09/01/2025;28000;2
8287;465;4;11/03/2025;24000;2
1035;465;26;05/04/2024;175000;4
3744;465;5;07/10/2024;27000;5
5507;466;1;08/12/2024;18000;4
3415;466;22;27/09/2024;110000;2
8465;466;1;18/03/2025;18000;5
941;466;15;29/03/2024;30000;2
5486;466;5;07/12/2024;27000;3
1408;466;26;08/05/2024;175000;4
7200;466;1;06/02/2025;18000;3
4943;467;10;18/11/2024;29000;2
6296;467;14;04/01/2025;28000;5
6883;467;4;24/01/2025;24000;5
10339;467;2;26/09/2025;20000;4
3640;467;3;04/10/2024;22000;5
966;467;7;31/03/2024;29000;4
4559;467;9;05/11/2024;30000;3
5918;467;14;22/12/2024;28000;3
87;467;28;10/01/2024;200000;2
2244;467;20;26/07/2024;22000;3
6181;467;14;31/12/2024;28000;3
7537;467;1;17/02/2025;18000;2
9191;467;2;07/05/2025;20000;4
2879;468;23;09/09/2024;55000;3
6351;468;14;05/01/2025;28000;3
8437;468;1;17/03/2025;18000;3
8826;468;4;30/03/2025;24000;5
4398;468;5;01/11/2024;27000;3
5742;468;7;16/12/2024;29000;5
10107;468;1;29/08/2025;18000;4
2116;468;20;16/07/2024;22000;2
7406;468;2;12/02/2025;20000;5
8650;468;3;24/03/2025;22000;2
10255;468;1;17/09/2025;18000;4
7414;469;2;12/02/2025;20000;2
8731;469;2;27/03/2025;20000;5
7309;469;3;09/02/2025;22000;3
479;469;27;15/02/2024;250000;4
6559;469;1;13/01/2025;18000;3
6925;469;2;26/01/2025;20000;2
9990;469;1;13/08/2025;18000;2
9235;470;4;10/05/2025;24000;3
5926;470;14;22/12/2024;28000;3
6784;470;1;21/01/2025;18000;2
7986;471;2;02/03/2025;20000;4
6287;471;14;03/01/2025;28000;3
6720;471;1;19/01/2025;18000;3
9586;471;2;23/06/2025;20000;3
2774;471;24;06/09/2024;25000;4
3999;471;9;16/10/2024;30000;3
8317;471;4;12/03/2025;24000;4
10281;471;1;20/09/2025;18000;4
5505;472;11;07/12/2024;25000;5
6091;472;14;28/12/2024;28000;5
764;472;4;11/03/2024;24000;4
1003;472;21;02/04/2024;65000;2
1015;472;12;03/04/2024;22000;5
6259;472;14;03/01/2025;28000;2
7510;472;3;15/02/2025;22000;2
7663;472;3;21/02/2025;22000;2
232;472;20;24/01/2024;22000;4
2054;472;15;10/07/2024;30000;4
3884;472;8;12/10/2024;30000;5
4993;472;5;20/11/2024;27000;2
5998;473;14;24/12/2024;28000;3
2146;473;8;19/07/2024;30000;2
4200;473;4;24/10/2024;24000;3
4658;473;5;09/11/2024;27000;2
5413;474;5;04/12/2024;27000;2
6691;474;1;18/01/2025;18000;5
7755;474;4;24/02/2025;24000;4
8067;474;2;04/03/2025;20000;2
4198;474;4;24/10/2024;24000;5
2773;474;24;06/09/2024;25000;5
4923;474;4;18/11/2024;24000;4
5961;474;14;23/12/2024;28000;3
6763;474;3;20/01/2025;22000;5
7089;474;3;01/02/2025;22000;4
3367;474;23;25/09/2024;55000;4
5542;474;10;08/12/2024;29000;4
6439;474;14;08/01/2025;28000;5
7354;474;4;10/02/2025;24000;5
7559;474;3;17/02/2025;22000;4
8447;474;2;17/03/2025;20000;5
8828;474;4;30/03/2025;24000;2
7606;475;1;19/02/2025;18000;4
4544;475;6;05/11/2024;27000;4
6036;475;14;26/12/2024;28000;5
884;475;25;22/03/2024;75000;2
2761;475;24;06/09/2024;25000;4
2949;475;23;11/09/2024;55000;4
6015;475;14;25/12/2024;28000;3
6782;475;1;21/01/2025;18000;3
9925;475;2;06/08/2025;20000;5
659;475;27;02/03/2024;250000;5
4875;475;5;16/11/2024;27000;4
10007;475;4;14/08/2025;24000;5
10122;475;2;31/08/2025;20000;3
4215;476;11;24/10/2024;25000;3
4841;476;2;15/11/2024;20000;2
9521;476;2;15/06/2025;20000;4
1563;476;24;22/05/2024;25000;5
6238;476;14;02/01/2025;28000;5
8870;476;2;01/04/2025;20000;2
9798;476;2;21/07/2025;20000;4
8078;477;4;04/03/2025;24000;2
4538;477;3;05/11/2024;22000;2
4731;477;11;11/11/2024;25000;5
8716;477;3;26/03/2025;22000;4
9909;477;1;05/08/2025;18000;2
10230;477;3;13/09/2025;22000;4
1737;477;25;06/06/2024;75000;5
2342;477;24;05/08/2024;25000;3
5932;477;14;22/12/2024;28000;3
6573;477;3;13/01/2025;22000;3
5635;477;3;12/12/2024;22000;4
5834;478;14;19/12/2024;28000;4
8707;478;2;26/03/2025;20000;5
7944;478;3;01/03/2025;22000;3
9463;478;1;06/06/2025;18000;3
139;478;9;16/01/2024;30000;3
6610;478;1;15/01/2025;18000;3
6914;478;1;26/01/2025;18000;5
469;478;14;15/02/2024;28000;4
1141;478;27;14/04/2024;250000;5
3041;478;22;15/09/2024;110000;4
4168;478;5;23/10/2024;27000;5
9718;478;4;09/07/2025;24000;4
6291;479;14;03/01/2025;28000;3
3933;479;3;14/10/2024;22000;4
7046;479;4;30/01/2025;24000;2
818;479;26;15/03/2024;175000;4
1715;479;10;05/06/2024;29000;3
4705;479;11;10/11/2024;25000;2
5230;479;5;29/11/2024;27000;2
8362;479;3;14/03/2025;22000;3
7079;479;1;01/02/2025;18000;3
629;480;8;01/03/2024;30000;5
676;480;4;04/03/2024;24000;5
3486;480;22;29/09/2024;110000;4
4521;480;11;04/11/2024;25000;2
6374;480;14;06/01/2025;28000;2
8020;480;4;02/03/2025;24000;5
9615;480;3;26/06/2025;22000;5
2078;480;16;12/07/2024;28000;3
7660;480;2;21/02/2025;20000;4
7681;480;1;22/02/2025;18000;3
8863;480;4;31/03/2025;24000;5
1447;480;5;12/05/2024;27000;4
2799;480;24;07/09/2024;25000;5
3424;480;23;27/09/2024;55000;4
8066;480;2;04/03/2025;20000;5
6739;481;3;19/01/2025;22000;2
5179;481;7;27/11/2024;29000;2
9355;481;2;24/05/2025;20000;2
381;481;26;06/02/2024;175000;2
867;481;6;21/03/2024;27000;3
1239;481;26;24/04/2024;175000;5
2924;481;24;10/09/2024;25000;4
7665;481;3;21/02/2025;22000;3
550;481;21;22/02/2024;65000;2
1752;481;6;08/06/2024;27000;2
2089;481;26;13/07/2024;175000;3
8107;481;3;05/03/2025;22000;2
8368;481;4;14/03/2025;24000;5
5241;482;8;29/11/2024;30000;5
7078;482;1;01/02/2025;18000;5
2235;482;10;26/07/2024;29000;2
1615;482;24;27/05/2024;25000;4
1958;482;20;01/07/2024;22000;2
4525;482;1;05/11/2024;18000;3
5432;482;11;04/12/2024;25000;2
9204;482;1;08/05/2025;18000;3
4189;483;10;23/10/2024;29000;4
7511;483;4;15/02/2025;24000;4
1041;483;14;06/04/2024;28000;3
2464;483;24;17/08/2024;25000;4
6073;483;14;27/12/2024;28000;3
8002;483;3;02/03/2025;22000;4
5149;484;5;26/11/2024;27000;3
165;484;16;18/01/2024;28000;5
4567;484;2;06/11/2024;20000;5
5726;484;1;16/12/2024;18000;4
4206;484;7;24/10/2024;29000;3
7404;484;2;12/02/2025;20000;2
816;484;24;15/03/2024;25000;2
5178;484;6;27/11/2024;27000;4
6615;484;1;15/01/2025;18000;5
4661;485;6;09/11/2024;27000;5
7217;485;3;06/02/2025;22000;5
1065;485;11;08/04/2024;25000;5
7379;485;3;11/02/2025;22000;2
2148;485;9;19/07/2024;30000;2
8490;485;4;18/03/2025;24000;5
640;485;26;01/03/2024;175000;2
3426;485;23;27/09/2024;55000;3
3671;485;5;05/10/2024;27000;3
4205;485;6;24/10/2024;27000;2
5332;485;10;01/12/2024;29000;2
5789;485;3;18/12/2024;22000;3
8442;485;1;17/03/2025;18000;3
6904;486;3;25/01/2025;22000;2
7908;486;4;28/02/2025;24000;3
9505;486;2;12/06/2025;20000;5
3100;486;22;17/09/2024;110000;5
1166;486;27;17/04/2024;250000;5
4416;486;10;01/11/2024;29000;2
6253;486;14;02/01/2025;28000;3
7806;486;2;26/02/2025;20000;2
8278;486;3;11/03/2025;22000;5
9374;486;4;25/05/2025;24000;5
457;486;6;14/02/2024;27000;4
2325;486;24;03/08/2024;25000;4
3474;486;21;29/09/2024;65000;3
3787;486;3;09/10/2024;22000;3
6311;486;14;04/01/2025;28000;4
7693;487;2;22/02/2025;20000;3
8685;487;3;25/03/2025;22000;4
8931;487;2;09/04/2025;20000;4
476;487;25;15/02/2024;75000;4
1192;487;4;21/04/2024;24000;4
2317;487;24;02/08/2024;25000;5
4178;487;7;23/10/2024;29000;4
5846;487;14;19/12/2024;28000;4
8513;487;2;19/03/2025;20000;4
8607;487;1;23/03/2025;18000;5
9973;487;2;11/08/2025;20000;2
1176;487;9;19/04/2024;30000;4
6199;487;14;31/12/2024;28000;3
6786;487;2;21/01/2025;20000;2
8086;487;1;05/03/2025;18000;4
9344;487;2;23/05/2025;20000;5
4165;487;3;23/10/2024;22000;3
6064;487;14;26/12/2024;28000;5
6246;488;14;02/01/2025;28000;2
7911;488;4;28/02/2025;24000;2
6103;488;14;28/12/2024;28000;3
912;488;5;26/03/2024;27000;4
1708;488;21;04/06/2024;65000;2
2627;488;24;01/09/2024;25000;2
5468;488;9;06/12/2024;30000;3
3198;488;21;20/09/2024;65000;5
6815;488;2;22/01/2025;20000;5
8166;488;3;07/03/2025;22000;4
9517;488;3;14/06/2025;22000;5
4726;489;9;11/11/2024;30000;3
4987;489;2;20/11/2024;20000;4
5621;489;6;11/12/2024;27000;2
9523;489;3;15/06/2025;22000;3
3595;489;11;02/10/2024;25000;3
10215;489;3;12/09/2025;22000;4
339;490;7;02/02/2024;29000;4
5835;490;14;19/12/2024;28000;5
1764;490;10;09/06/2024;29000;2
8140;490;2;06/03/2025;20000;5
8974;490;3;14/04/2025;22000;2
394;490;19;08/02/2024;18000;2
1056;490;18;07/04/2024;22000;3
1876;490;16;22/06/2024;28000;3
4543;490;6;05/11/2024;27000;2
10197;490;3;09/09/2025;22000;3
449;491;20;13/02/2024;22000;3
5733;491;4;16/12/2024;24000;2
2075;491;11;12/07/2024;25000;5
6397;491;14;07/01/2025;28000;5
7906;491;4;28/02/2025;24000;4
8994;491;4;16/04/2025;24000;5
9200;491;1;08/05/2025;18000;3
5396;492;6;03/12/2024;27000;3
6828;492;1;23/01/2025;18000;3
234;492;23;24/01/2024;55000;3
1038;492;13;06/04/2024;25000;5
1984;492;22;03/07/2024;110000;4
2590;492;24;30/08/2024;25000;5
6973;492;1;28/01/2025;18000;4
3047;492;23;15/09/2024;55000;2
5445;492;5;05/12/2024;27000;3
5523;492;5;08/12/2024;27000;3
7415;492;2;12/02/2025;20000;4
5416;492;7;04/12/2024;29000;3
6522;492;1;12/01/2025;18000;3
8987;493;1;16/04/2025;18000;5
1578;493;28;23/05/2024;200000;3
3987;493;3;16/10/2024;22000;2
6801;493;4;21/01/2025;24000;2
6054;493;14;26/12/2024;28000;3
2365;493;24;08/08/2024;25000;5
4576;493;5;06/11/2024;27000;2
8926;493;3;08/04/2025;22000;5
9321;493;1;20/05/2025;18000;3
9843;493;2;27/07/2025;20000;3
5625;494;8;11/12/2024;30000;5
8699;494;1;26/03/2025;18000;2
1243;494;2;25/04/2024;20000;4
6418;494;14;08/01/2025;28000;4
1455;494;24;12/05/2024;25000;2
3404;494;24;26/09/2024;25000;4
7287;494;4;08/02/2025;24000;4
7000;495;2;29/01/2025;20000;3
1136;495;13;14/04/2024;25000;5
3074;495;22;16/09/2024;110000;4
5616;495;5;11/12/2024;27000;5
5833;495;14;19/12/2024;28000;3
9218;495;2;09/05/2025;20000;5
5217;495;10;28/11/2024;29000;3
6596;495;2;14/01/2025;20000;3
8497;495;1;19/03/2025;18000;2
9180;495;4;05/05/2025;24000;3
3900;495;2;13/10/2024;20000;4
4802;496;2;14/11/2024;20000;4
8630;496;3;23/03/2025;22000;5
8787;496;1;29/03/2025;18000;5
6420;496;14;08/01/2025;28000;4
6958;496;3;27/01/2025;22000;3
9201;496;1;08/05/2025;18000;2
9634;496;2;29/06/2025;20000;2
222;496;7;24/01/2024;29000;2
5252;496;11;29/11/2024;25000;2
5995;496;14;24/12/2024;28000;3
9678;496;4;04/07/2025;24000;4
10268;496;4;18/09/2025;24000;4
968;496;9;31/03/2024;30000;2
3622;496;7;03/10/2024;29000;5
3848;496;5;11/10/2024;27000;3
5065;496;1;23/11/2024;18000;4
6497;497;1;11/01/2025;18000;3
8144;497;3;06/03/2025;22000;2
544;497;12;22/02/2024;22000;3
2915;497;23;10/09/2024;55000;4
6252;497;14;02/01/2025;28000;5
8006;497;3;02/03/2025;22000;5
4663;497;7;09/11/2024;29000;3
7315;497;4;09/02/2025;24000;3
8718;497;4;26/03/2025;24000;3
3526;497;24;30/09/2024;25000;3
5643;497;7;12/12/2024;29000;3
